fixed acidity,volatile acidity,citric acid,residual sugar,chlorides,free sulfur dioxide,total sulfur dioxide,density,pH,sulphates,alcohol
0.18535196765478837,-0.1018887300650445,0.2096514570574771,3.0415719843935047,-0.039181055286773056,0.5875708906021344,0.7607544946699442,2.4827481977161687,-1.2899281635711668,-0.35548818461540654,-1.470395738044476
-0.6222623966359855,0.1881792573242526,0.04629364818471899,-0.8876343491195011,0.13398062950084852,-1.21393269819975,-0.12043310968054331,0.07247003274049142,0.6899243787256494,-0.003091588416539527,-0.8951743063579298
1.4544602543974323,-0.005199400935278622,0.5363670748029942,0.20266897902808698,0.17727105069775392,-0.28412439430200326,-0.9320532715823081,0.45122803009381435,0.4259440397527402,-0.44358733366512343,-0.40212736491231843
0.41609892888072386,-0.48864604658410776,-0.11706416068803956,0.5318171535632078,0.5235944202729967,0.7037969285893527,1.1317808543964651,0.6233907561635273,-0.03602155344984944,-0.7959839298639905,-0.5664763453941885
-0.7376358772489527,0.3815579155837844,-1.4239266316701067,0.22324073993653196,-0.039181055286773056,-0.28412439430200326,-0.02767651974891306,0.38236293966594437,-0.10201663819307528,-0.1792898865159733,-0.8129998161169948
1.4544602543974323,-0.5853353757138736,0.7814037881121315,-0.9082061100279463,-0.08247147648367845,-0.4003504322892216,-0.190000552129266,0.003604942312621482,0.16196370077983394,-0.35548818461540654,0.33744304725609936
1.4544602543974323,-0.1018887300650445,0.618045979239373,-0.9184919904821688,-0.5586661096496373,-1.3882717551805777,-1.7204842860011653,-1.0293714141055423,-1.3559232483143926,0.6136024549314787,1.159187949665452
2.0313276574622705,-0.48864604658410776,0.5363670748029942,-0.3527685654999297,-0.4720852672558264,-1.0395936412189226,-0.6537835017874173,0.31349784923807444,-0.3659969771659845,0.349305007782328,-0.7308253258760599
1.2237132931714978,-0.9720926922329369,0.2913303614938564,-0.9699213927532815,-0.25563316127129976,-1.0977066602125318,-1.4422145162062745,-0.6161808715382845,-0.10201663819307528,1.230296498279496,0.17309406677422937
-0.2761419547970827,-1.1654713504924683,0.5363670748029942,-0.9082061100279463,-0.08247147648367845,0.7619099475829619,0.1346475126314399,-0.8916412332498024,2.2738064125631046,0.2612058587326111,1.4878859106291935
1.6852072156233688,1.348451206881442,2.3333029724033363,2.7432814512210517,-0.25563316127129976,0.3551188146276977,0.8071327896357593,2.207287836004689,-1.4219183330576213,1.5826930944783633,-0.7308253258760599
-0.2761419547970827,-1.0687820213627024,0.37300926593023565,-0.9082061100279463,-0.6019565308465427,-0.4003504322892216,-0.5842160593386946,-0.8227761428219325,0.3599489550095144,0.5255033058817618,0.6661410082198408
-0.6222623966359855,1.9285871816600368,-2.4040734849066574,-0.9904931536617264,0.004109365910132342,-0.28412439430200326,-0.885674976616493,-0.34072050982676644,0.29395387026628855,-1.1483805260628581,-0.8129998161169948
-0.7376358772489527,3.6689951059958217,1.1897983102940275,-0.9699213927532815,-0.7318277944372586,-0.34223741329561247,-1.4422145162062745,-1.5802921375285783,0.8879096329553328,-0.8840830789137074,1.816583871592935
0.6468458901066594,0.5749365738433161,0.6997248836757523,-0.9904931536617264,-0.5586661096496373,-1.0395936412189226,0.7839436421528517,-0.7194785071800893,-0.4979871466524391,0.349305007782328,0.5839665179789058
-0.39151543541004996,0.28486858645401847,-1.5872844405428652,0.3260995444787573,-0.08247147648367845,-0.05167231832756655,-0.09724396219763574,0.5889582109495924,0.16196370077983394,0.08500756063317735,-0.8951743063579298
-0.5068889160230172,0.28486858645401847,0.37300926593023565,-0.6202014573097155,-0.3422140036651105,-0.9233676032317042,-0.8161075341677703,-0.8916412332498024,-0.16801172293630404,-1.2364796751125748,0.33744304725609936
-0.04539499357114716,-0.1985780591948104,0.6997248836757523,-0.8670625882110562,0.13398062950084852,0.3551188146276977,-0.35232458450961895,-0.2718554193988965,1.811840819360515,-0.0911907374662564,-0.07342940394857704
0.8775928513325939,3.7656844351255874,-1.5872844405428652,-0.9082061100279463,1.2162411594234823,-0.5746894892700491,0.714376199704129,-0.030827602901313488,-0.9599527398550317,0.17310670968289424,-1.0595232868397997
-0.2761419547970827,-0.1018887300650445,0.618045979239373,-0.9493496318448365,0.2638518930915644,-1.0977066602125318,0.11145836514853233,0.45122803009381435,1.481865395644377,-0.1792898865159733,-0.4843018551532534
0.18535196765478837,-0.2952673883245763,-0.11706416068803956,0.6346759581054331,0.004109365910132342,1.2268140995318353,2.4999405558880112,0.5889582109495924,0.3599489550095144,0.08500756063317735,-0.15560389418951204
0.06997848704182111,-0.39195671745434213,0.1279725526210978,-1.0110649145701716,0.2638518930915644,0.0064407006660426236,0.20421495508016257,-0.2718554193988965,1.6798506498740604,-0.44358733366512343,-0.4843018551532534
0.18535196765478837,-0.005199400935278622,0.4546881703666149,0.5729606753800979,0.22056147189465902,-0.16789835631478492,0.08826921766562476,0.7955534822332022,1.2178850566714678,0.349305007782328,-0.07342940394857704
0.6468458901066594,-0.1018887300650445,1.1897983102940275,-0.9904931536617264,0.04739978710703774,-1.0395936412189226,-0.12043310968054331,-0.8227761428219325,-0.03602155344984944,-0.003091588416539527,0.8304899887017108
0.41609892888072386,0.3815579155837844,0.2096514570574771,-0.805347305485721,-0.5586661096496373,0.12266673865326098,-0.5378377643728794,-1.0982365045334122,-0.6299773161388937,1.93508969067723,1.4057114203882586
1.9159541768493034,-0.39195671745434213,0.4546881703666149,0.922680610823664,-0.08247147648367845,-0.8652545842380951,0.11145836514853233,1.243176570014395,0.02997353129337933,0.349305007782328,-0.4843018551532534
1.6852072156233688,-1.358850008752,0.04629364818471899,-0.9904931536617264,-0.16905231887748895,-1.6207238311550143,-2.0915106457276864,-0.13412523854315664,1.811840819360515,-0.7959839298639905,-0.31995287467138345
0.6468458901066594,-0.2952673883245763,0.2096514570574771,-0.7950614250314986,0.17727105069775392,-0.22601137530839407,-0.8624858291335854,-0.6161808715382845,-0.03602155344984944,-0.44358733366512343,0.17309406677422937
-0.7376358772489527,-1.5522286670115315,0.04629364818471899,-0.9082061100279463,-0.039181055286773056,0.47134485261491604,-0.4682703219241568,0.03803748752655645,1.481865395644377,0.17310670968289424,-1.3060467575626062
-1.1991297997008237,-0.1018887300650445,-1.0972110139245899,1.8586957321579138,-0.08247147648367845,-0.7490285462508767,0.9694568220161122,0.8299860274471372,1.151889971928242,-1.0602813770131412,-0.31995287467138345
0.5314724094936911,-0.005199400935278622,0.7814037881121315,-0.8670625882110562,1.4759836866049145,-0.8071415652444859,-0.3291354370267114,-1.1326690497473473,-0.03602155344984944,-0.6197856317645573,1.816583871592935
-0.39151543541004996,1.058383219492145,-0.8521743006154523,-0.10590743459858892,0.22056147189465902,-0.5746894892700491,0.2737823975288853,-0.13412523854315664,0.29395387026628855,-1.2364796751125748,-0.4843018551532534
0.18535196765478837,0.47824724471355023,-0.11706416068803956,-0.9699213927532815,0.30714231428846983,0.18077975764687015,0.01870177521690207,-1.0982365045334122,-0.43199206190921324,-1.853173718460592,0.5017920277379693
0.5314724094936911,-0.39195671745434213,0.4546881703666149,2.475848559411266,0.4803039990760914,0.5875708906021344,0.2737823975288853,2.103990200362884,0.09596861603660517,-1.1483805260628581,-1.6347447185263475
-0.1607684741841144,-0.48864604658410776,0.4546881703666149,-0.7024885009434957,5.458702436720207,1.6336052324870995,0.48248472487505334,-0.030827602901313488,-0.5639822313956678,-1.1483805260628581,-0.9773487965988648
-0.1607684741841144,-0.39195671745434213,0.4546881703666149,-0.6202014573097155,5.501992857917113,1.6336052324870995,0.45929557739214577,-0.030827602901313488,-0.6299773161388937,-1.3245788241622913,-0.9773487965988648
0.18535196765478837,0.28486858645401847,-0.6071375873063147,0.3055277835703123,0.9997890534389559,-0.4003504322892216,0.5288630198408685,0.5545256657356192,-0.43199206190921324,-0.26738903556568966,-0.6486508356351234
-0.2761419547970827,-0.39195671745434213,-0.5254586828699355,-0.9287778709363915,0.4803039990760914,-0.10978533732117574,0.343349839977608,-0.13412523854315664,0.16196370077983394,0.6136024549314787,-0.8951743063579298
-0.1607684741841144,-0.48864604658410776,-0.6071375873063147,-0.9287778709363915,0.6101752626668073,-0.10978533732117574,0.38972813494342307,-0.13412523854315664,0.29395387026628855,0.6136024549314787,-0.8951743063579298
0.6468458901066594,-0.9720926922329369,-0.19874306512441883,-0.9287778709363915,0.5235944202729967,0.18077975764687015,0.6911870522212215,-0.23742287418496152,-0.2340068076795299,0.349305007782328,-0.4843018551532534
-0.7376358772489527,1.6385191942707398,-0.6071375873063147,-0.3116250436830395,0.7400465262575234,1.6336052324870995,1.5955638040546165,0.07247003274049142,0.491939124495969,0.2612058587326111,-0.6486508356351234
-0.7376358772489527,1.7352085234005057,-0.688816491742694,-0.3116250436830395,0.8699177898482396,1.5754922134934903,1.618752951537524,0.03803748752655645,0.3599489550095144,0.2612058587326111,-0.6486508356351234
0.06997848704182111,-0.875403363103171,0.1279725526210978,-0.18819447823236923,0.913208211045145,-0.16789835631478492,0.29697154501179285,0.41679548487987933,1.0858948871850131,-0.0911907374662564,-0.6486508356351234
0.41609892888072386,-0.875403363103171,-0.19874306512441883,-0.8876343491195011,0.6967561050606181,-0.22601137530839407,0.8303219371186668,-0.7194785071800893,1.0198998024417874,-0.44358733366512343,0.9126644789426457
-0.2761419547970827,-0.2952673883245763,-0.3621008739971774,-0.9904931536617264,0.9564986322420505,0.23889277664047934,-0.3059462895438038,-0.8227761428219325,0.9539047176985587,0.7898007530309115,0.33744304725609936
-0.7376358772489527,-1.1654713504924683,-0.03538525625166028,-0.9904931536617264,0.4803039990760914,-0.8071415652444859,-1.2798904838259215,-0.9605063236776724,0.8219145482121041,-0.26738903556568966,0.2552685570151644
-0.5068889160230172,-0.9720926922329369,0.1279725526210978,-1.0110649145701716,-0.039181055286773056,0.23889277664047934,-0.6769726492703249,-0.9260737784637374,0.7559194634688782,-1.2364796751125748,0.2552685570151644
-0.04539499357114716,-0.7787140339734051,2.0882662590941985,-1.0316366754786166,4.376441906797574,0.18077975764687015,-0.12043310968054331,-0.2718554193988965,-0.9599527398550317,-0.9721822279634242,-1.2238722673216713
0.06997848704182111,-0.2952673883245763,0.1279725526210978,-0.9493496318448365,-0.2989235824682051,-0.34223741329561247,1.247726591811003,-1.0293714141055423,-0.43199206190921324,0.2612058587326111,0.33744304725609936
0.41609892888072386,-0.6820247048436395,0.04629364818471899,1.23125702445034,-0.12576189768058385,0.12266673865326098,1.7578878364349693,0.8299860274471372,-0.6959724008821225,0.08500756063317735,-0.8129998161169948
-0.9683828384748883,-0.875403363103171,-0.6071375873063147,1.3341158289925652,0.09069020830394313,0.8781359855701802,0.22740410256307014,1.174311479586525,0.6899243787256494,-1.1483805260628581,-1.3882212478035412
-0.2761419547970827,0.9616938903623791,-1.505605536106486,-0.27048152186614954,-0.08247147648367845,-0.5746894892700491,-1.3726470737575518,-0.23742287418496152,-0.5639822313956678,-0.9721822279634242,-0.31995287467138345
0.6468458901066594,-0.7787140339734051,0.2096514570574771,-0.9699213927532815,-0.3422140036651105,0.5294578716085252,-0.6074052068216022,-0.40958560025463636,1.0858948871850131,-1.3245788241622913,-0.5664763453941885
-0.04539499357114716,-0.5853353757138736,-0.7704953961790733,-0.2087662391408142,1.9954687409677787,-0.28412439430200326,-0.3291354370267114,0.45122803009381435,-1.0919429093414863,-0.26738903556568966,-1.6347447185263475
0.18535196765478837,1.831897852530271,-2.1590367715975196,-0.9904931536617264,-0.4720852672558264,-1.0395936412189226,0.3201606924947004,-0.9605063236776724,-1.157937994084712,-1.3245788241622913,-0.07342940394857704
0.41609892888072386,-0.39195671745434213,-0.5254586828699355,-0.9287778709363915,-0.3422140036651105,-0.22601137530839407,-0.35232458450961895,-0.3751530550407014,-0.30000189242275865,-0.26738903556568966,-0.23777838443044702
-0.7376358772489527,0.6716259029730814,-2.485752389343036,-0.9699213927532815,0.7833369474544288,-0.34223741329561247,-0.3987028794754341,-0.13412523854315664,0.16196370077983394,0.43740415683204487,-1.2238722673216713
-0.5068889160230172,-0.1985780591948104,-0.7704953961790733,0.09981017448586167,-0.25563316127129976,-0.4584634512828308,-0.3059462895438038,-1.2015341401752553,0.16196370077983394,-0.003091588416539527,1.6522348911110634
-0.1607684741841144,-0.2952673883245763,-1.6689633449792445,-0.9699213927532815,-0.21234274007439433,2.679639574372065,0.8535110846015743,-0.6161808715382845,-0.3659969771659845,-0.6197856317645573,-0.6486508356351234
-0.1607684741841144,-0.48864604658410776,-0.19874306512441883,-0.7847755445772759,0.004109365910132342,-0.28412439430200326,-0.9552424190652156,-0.40958560025463636,0.8879096329553328,1.3183956473292127,0.09091957653329293
0.6468458901066594,-0.39195671745434213,-0.3621008739971774,0.8609653280983287,0.17727105069775392,-0.8071415652444859,-0.7465400917190476,0.8299860274471372,-0.43199206190921324,-1.2364796751125748,-0.8951743063579298
-0.7376358772489527,-0.1018887300650445,0.7814037881121315,0.3878148272040924,0.437013577879186,0.7619099475829619,2.4767514084051037,0.6233907561635273,-0.6299773161388937,0.17310670968289424,-1.3060467575626062
-0.04539499357114716,0.1881792573242526,-0.8521743006154523,-0.27048152186614954,0.6534656838637127,0.9071924950669848,2.3492110972491123,0.6922558465913974,0.8219145482121041,0.9659990511303452,-0.8951743063579298
-0.9683828384748883,-0.1018887300650445,-0.4437797784335562,-0.2293380000492594,0.7400465262575234,-0.22601137530839407,1.4796180666400787,0.8988511178750072,3.263732683711513,1.93508969067723,-0.4843018551532534
2.0313276574622705,-0.48864604658410776,1.0264405014212694,-1.0110649145701716,0.35043273548537524,-1.504497793167796,-1.5117819586549972,0.1069025779544264,-1.6199035872873018,-0.003091588416539527,-1.2238722673216713
0.3007254482677556,-0.9720926922329369,0.2096514570574771,-0.9287778709363915,-0.12576189768058385,-0.22601137530839407,-1.1639447464113837,-1.3736968662449303,0.4259440397527402,-1.0602813770131412,1.7344093813519985
0.18535196765478837,0.3815579155837844,0.04629364818471899,-0.9493496318448365,-0.16905231887748895,-0.8652545842380951,-1.58134940110372,-0.8916412332498024,0.7559194634688782,1.4064947963789296,1.159187949665452
0.6468458901066594,-0.9720926922329369,-0.2804219695607981,0.5935324362885431,0.7833369474544288,-0.5165764702764399,-0.7929183866848627,0.7955534822332022,-1.6858986720305307,0.6136024549314787,-1.0595232868397997
-0.1607684741841144,2.508723156438632,-0.4437797784335562,-0.10590743459858892,0.6101752626668073,-0.8071415652444859,-0.7465400917190476,0.38236293966594437,0.491939124495969,-1.0602813770131412,-1.3060467575626062
-0.04539499357114716,-0.5853353757138736,-0.19874306512441883,-0.9287778709363915,0.30714231428846983,-0.05167231832756655,-0.5378377643728794,-0.3062879646128315,1.2838801414146965,2.4636845849755313,0.008745086292357939
0.3007254482677556,-0.7787140339734051,0.04629364818471899,2.074699221696587,0.17727105069775392,0.9362490045637895,0.6679979047383139,1.6219345673677563,0.09596861603660517,0.9659990511303452,-1.1416977770807362
0.3007254482677556,0.5749365738433161,-1.0972110139245899,0.03809489176052635,0.7400465262575234,0.7037969285893527,0.6216196097724987,0.2790653040241395,-0.16801172293630404,-0.6197856317645573,-0.4843018551532534
0.5314724094936911,-0.5853353757138736,-0.2804219695607981,0.4701018708378725,0.04739978710703774,0.4132318336213069,1.618752951537524,0.9677162083029154,0.8879096329553328,-0.26738903556568966,-0.8951743063579298
0.3007254482677556,1.445140536011208,2.251624067966957,1.210685263541895,-0.039181055286773056,1.110588061544617,0.41291728242633063,1.243176570014395,-0.5639822313956678,-0.35548818461540654,-1.5525702282854126
0.3007254482677556,1.5418298651409739,2.3333029724033363,1.210685263541895,-0.08247147648367845,0.9943620235573987,0.343349839977608,1.2776091152283684,-0.4979871466524391,-0.26738903556568966,-1.5525702282854126
0.41609892888072386,1.058383219492145,2.4149818768397155,1.0461111762743343,-0.08247147648367845,1.168701080538226,0.4361064299092382,1.243176570014395,-0.6959724008821225,-0.44358733366512343,-1.5525702282854126
-0.04539499357114716,-0.2952673883245763,-0.19874306512441883,1.5192616771685707,0.17727105069775392,1.9822833464487546,1.5028072141229862,1.174311479586525,0.16196370077983394,-0.0911907374662564,-0.7308253258760599
-0.853009357861921,-0.1018887300650445,0.7814037881121315,0.3260995444787573,0.13398062950084852,1.749831270474318,2.453562260922196,0.6578233013774624,-0.4979871466524391,-0.1792898865159733,-1.3060467575626062
0.06997848704182111,-0.39195671745434213,-0.03538525625166028,-0.8670625882110562,-0.4720852672558264,0.7037969285893527,-0.02767651974891306,-1.3048317758170602,0.4259440397527402,-0.7959839298639905,1.6522348911110634
0.06997848704182111,-0.6820247048436395,-0.03538525625166028,-0.8464908273026112,-0.5153756884527319,0.7619099475829619,-0.02767651974891306,-1.3392643210309954,0.3599489550095144,-0.7078847808142741,1.6522348911110634
0.7622193707196266,-1.0687820213627024,-0.11706416068803956,-0.8670625882110562,-0.25563316127129976,0.9362490045637895,0.2505932500459777,-0.7539110523940243,0.09596861603660517,-0.44358733366512343,0.7483154984607757
0.3007254482677556,-0.1985780591948104,-0.3621008739971774,1.3341158289925652,-0.08247147648367845,1.5754922134934903,2.3839948184734734,1.0710138439447203,-1.0259478245982576,-0.6197856317645573,-1.1416977770807362
-0.9683828384748883,0.5749365738433161,2.6600185901488533,2.0541274607881426,0.004109365910132342,-0.5165764702764399,0.6216196097724987,1.4153392960841082,-0.3659969771659845,0.08500756063317735,-1.470395738044476
2.0313276574622705,-0.15023339462992744,0.2096514570574771,-0.9699213927532815,-0.5153756884527319,-1.155819679206141,-1.3262687787917367,-0.8572086880358675,-1.6199035872873018,-1.1483805260628581,0.6661410082198408
3.415809424817884,0.7683152321028474,1.0264405014212694,0.9432523717321091,-0.3422140036651105,-1.795062888135842,-1.256701336343014,0.6233907561635273,-2.0158740957466654,-1.6769754203611589,-0.40212736491231843
0.6468458901066594,-0.2952673883245763,0.2913303614938564,1.5604051989854608,0.6101752626668073,0.9943620235573987,1.2709157392939106,1.2776091152283684,-1.2899281635711668,-0.44358733366512343,-1.2238722673216713
0.3007254482677556,-1.5522286670115315,-0.11706416068803956,0.7581065235561034,0.35043273548537524,1.6917182514807088,0.5752413148066836,0.8299860274471372,1.3498752261579225,-0.7078847808142741,-0.9773487965988648
-0.9683828384748883,-0.6820247048436395,-0.7704953961790733,1.2724005462672299,0.17727105069775392,1.168701080538226,0.6216196097724987,1.1054463891586552,0.9539047176985587,-0.8840830789137074,-0.9773487965988648
0.7622193707196266,0.23652392188913554,0.5363670748029942,2.6712802880414936,0.5668848414699019,0.5294578716085252,0.7607544946699442,2.138422745576819,-1.3559232483143926,-0.26738903556568966,-1.3060467575626062
0.5314724094936911,-1.4555393378817658,-0.11706416068803956,1.7455510471614666,0.22056147189465902,-0.05167231832756655,-0.6537835017874173,1.243176570014395,0.02997353129337933,-1.2364796751125748,-1.1416977770807362
0.3007254482677556,-0.48864604658410776,0.1279725526210978,2.1775580262388123,-0.25563316127129976,1.4592661755062721,0.7839436421528517,1.794097293437431,-0.2340068076795299,0.8778999020806283,-1.2238722673216713
0.06997848704182111,0.47824724471355023,-0.4437797784335562,-0.9493496318448365,0.22056147189465902,0.12266673865326098,1.1549700018793727,-0.3751530550407014,0.491939124495969,0.9659990511303452,-0.23777838443044702
-0.39151543541004996,-1.0687820213627024,1.679871736912303,0.5318171535632078,1.5625645289987253,1.6917182514807088,0.5984304622895912,0.7266883918053323,-2.0158740957466654,-0.8840830789137074,-1.470395738044476
0.41609892888072386,-0.1018887300650445,1.0264405014212694,2.640422646678826,0.2638518930915644,0.5875708906021344,2.731832030717087,2.138422745576819,-1.0259478245982576,0.2612058587326111,-1.3882212478035412
0.41609892888072386,0.28486858645401847,1.353156119166786,1.5192616771685707,0.437013577879186,1.9241703274551456,1.3404831817426333,1.5186369317259132,-1.223933078827941,-0.1792898865159733,-1.1416977770807362
-0.1607684741841144,1.2517618777516761,0.04629364818471899,0.6758194799223232,0.13398062950084852,-0.34223741329561247,0.29697154501179285,1.0365812987307852,0.16196370077983394,0.17310670968289424,-1.2238722673216713
-1.5452502415397265,1.9769318462249197,-2.730789102652174,-0.9082061100279463,0.8266273686513342,-1.562610812161405,-0.7929183866848627,0.07247003274049142,2.867762175252149,-0.7959839298639905,-0.7308253258760599
-0.9683828384748883,0.28486858645401847,-0.7704953961790733,-0.5379144136759353,-0.21234274007439433,-0.5746894892700491,0.1346475126314399,-0.8227761428219325,0.7559194634688782,-0.44358733366512343,0.5839665179789058
0.18535196765478837,-1.358850008752,0.5363670748029942,-0.8670625882110562,-0.4720852672558264,-1.0977066602125318,-1.2103230413771988,-0.9260737784637374,-0.03602155344984944,-0.6197856317645573,0.9948389691835822
0.5314724094936911,0.3815579155837844,1.1897983102940275,1.5192616771685707,0.6101752626668073,1.2849271185254445,1.3636723292255408,1.5186369317259132,-1.0259478245982576,0.08500756063317735,-1.1416977770807362
-1.0837563190878554,0.7683152321028474,-2.4040734849066574,-0.04419215187325378,0.004109365910132342,-0.8071415652444859,-1.1639447464113837,-0.13412523854315664,0.16196370077983394,0.17310670968289424,-0.31995287467138345
1.1083398125585295,-0.39195671745434213,-0.11706416068803956,1.292972307175675,0.35043273548537524,0.4132318336213069,0.01870177521690207,1.587502022153783,-1.223933078827941,0.43740415683204487,-1.470395738044476
0.6468458901066594,-1.1654713504924683,-0.19874306512441883,0.1923830985738643,0.5668848414699019,-0.22601137530839407,-0.14362225716345087,0.4856605753077493,0.6239292939824236,-1.3245788241622913,-0.7308253258760599
0.06997848704182111,-0.875403363103171,-0.4437797784335562,-0.18819447823236923,0.5235944202729967,-1.21393269819975,0.20421495508016257,0.4856605753077493,0.6239292939824236,-1.1483805260628581,-1.2238722673216713
-0.5068889160230172,-1.4555393378817658,1.1081194058576482,-0.8876343491195011,1.9954687409677787,0.2970057956340885,0.48248472487505334,-0.34072050982676644,0.09596861603660517,-1.1483805260628581,-0.6486508356351234
-0.1607684741841144,-0.875403363103171,0.2096514570574771,-0.9904931536617264,-0.8616990580279749,1.6336052324870995,0.1346475126314399,-0.8916412332498024,0.491939124495969,-0.0911907374662564,0.33744304725609936
0.6468458901066594,1.058383219492145,-0.8521743006154523,0.22324073993653196,-0.5586661096496373,-0.34223741329561247,-0.2595679945779887,0.07247003274049142,-0.3659969771659845,-0.6197856317645573,-0.07342940394857704
-0.39151543541004996,-0.39195671745434213,-0.11706416068803956,0.34667130538720226,-0.3422140036651105,0.7619099475829619,1.5259963616058938,0.6922558465913974,1.6798506498740604,0.43740415683204487,-0.7308253258760599
-0.853009357861921,0.1881792573242526,1.8432295457850616,-0.6407732182181606,-0.08247147648367845,0.7037969285893527,0.9694568220161122,-0.47845069068254453,0.6899243787256494,0.7017016039811945,0.2552685570151644
-0.853009357861921,0.1881792573242526,1.8432295457850616,-0.6613449791266055,0.004109365910132342,0.6456839095957436,1.08540255943065,-0.47845069068254453,0.7559194634688782,0.7017016039811945,0.2552685570151644
-1.314503280313791,-0.1985780591948104,-0.688816491742694,0.922680610823664,-1.1214415852094068,-1.6207238311550143,-1.8596191708986105,0.07247003274049142,1.2838801414146965,-1.0602813770131412,0.008745086292357939
-0.39151543541004996,1.396795871446325,0.5363670748029942,1.4781181553516805,-0.3422140036651105,1.401153156512663,2.407183965956381,1.4153392960841082,0.22795878552305976,0.7017016039811945,-1.3060467575626062
-0.2761419547970827,-0.39195671745434213,-0.5254586828699355,2.033555699879697,-0.4720852672558264,0.6456839095957436,1.1781591493622803,1.5186369317259132,0.29395387026628855,0.17310670968289424,-1.1416977770807362
-0.04539499357114716,-0.1018887300650445,-0.9338532050518316,0.44953010992942755,-0.5153756884527319,1.168701080538226,1.5259963616058938,0.7955534822332022,-0.03602155344984944,0.2612058587326111,-1.3882212478035412
-0.1607684741841144,-0.1018887300650445,-0.19874306512441883,2.0129839389712516,-0.4287948460589213,0.5294578716085252,0.9694568220161122,1.4153392960841082,0.4259440397527402,0.6136024549314787,-0.8129998161169948
1.5698337350103995,-0.48864604658410776,0.5363670748029942,-0.9699213927532815,-0.8184086368310695,0.0645537196596518,-0.3755137319925265,-0.6161808715382845,-0.4979871466524391,-0.9721822279634242,0.09091957653329293
0.3007254482677556,0.8650045612326133,2.7416974945852326,0.9432523717321091,-0.039181055286773056,0.8200229665765711,0.41291728242633063,1.2776091152283684,-0.2340068076795299,-0.44358733366512343,-1.5525702282854126
-0.04539499357114716,-0.875403363103171,0.2096514570574771,-0.8259190663941661,-0.4720852672558264,-0.28412439430200326,-0.9552424190652156,-0.7194785071800893,-0.30000189242275865,0.43740415683204487,0.17309406677422937
1.4544602543974323,-0.005199400935278622,0.4546881703666149,-0.8259190663941661,-0.7318277944372586,-0.9814806222253134,-1.3494579262746442,-0.5128832358964796,0.22795878552305976,0.2612058587326111,0.9948389691835822
-0.6222623966359855,0.28486858645401847,0.04629364818471899,-0.7642037836688309,-0.039181055286773056,-0.8652545842380951,-1.3958362212404594,-0.3751530550407014,0.6899243787256494,-0.5316864827148403,-0.31995287467138345
1.2237132931714978,-0.6820247048436395,0.5363670748029942,-0.9699213927532815,-0.2989235824682051,0.18077975764687015,-0.7001617967532324,-0.6161808715382845,0.09596861603660517,0.43740415683204487,0.17309406677422937
1.9159541768493034,-0.6820247048436395,0.618045979239373,-0.3321968045914847,-0.4287948460589213,-0.6328025082636584,-0.885674976616493,0.31349784923807444,-0.10201663819307528,0.349305007782328,-0.7308253258760599
1.4544602543974323,-0.7787140339734051,0.5363670748029942,-0.805347305485721,-0.3855044248620159,-0.9233676032317042,-1.1639447464113837,-0.5817483263243495,-0.4979871466524391,0.43740415683204487,0.5017920277379693
-0.6222623966359855,-0.24692272375969332,0.2913303614938564,-0.9904931536617264,-0.25563316127129976,0.12266673865326098,-0.5378377643728794,-1.1326690497473473,-1.2899281635711668,-0.8840830789137074,0.2552685570151644
-1.4298767609267593,-1.1654713504924683,-0.5254586828699355,-0.9287778709363915,-0.08247147648367845,1.0524750425510079,0.714376199704129,-0.6850459619661544,0.5579342092391948,-1.0602813770131412,-0.40212736491231843
-0.5068889160230172,3.0405144666523434,-1.5872844405428652,-0.14705095641547908,0.5235944202729967,-1.155819679206141,-0.9320532715823081,0.45122803009381435,1.2178850566714678,-1.1483805260628581,-1.3060467575626062
-0.6222623966359855,0.5749365738433161,-0.03538525625166028,-0.27048152186614954,-0.5153756884527319,-0.9233676032317042,-1.3262687787917367,-0.7194785071800893,1.2178850566714678,0.7898007530309115,1.159187949665452
0.06997848704182111,-0.2952673883245763,-0.2804219695607981,-0.37334032640837483,0.35043273548537524,-0.6909155272572675,-0.49145946940706436,0.07247003274049142,-1.3559232483143926,-0.9721822279634242,-0.9773487965988648
1.2237132931714978,-0.5853353757138736,0.37300926593023565,0.42895834902098257,-0.12576189768058385,0.6456839095957436,0.343349839977608,-0.13412523854315664,-0.4979871466524391,-1.500777122261725,0.7483154984607757
0.8775928513325939,-0.9720926922329369,1.0264405014212694,0.8815370890067737,0.3937231566822806,1.3430401375190537,-0.05086566723182062,1.0365812987307852,-0.3659969771659845,-0.5316864827148403,-0.5664763453941885
0.41609892888072386,-0.9720926922329369,0.618045979239373,-0.9699213927532815,0.09069020830394313,0.3551188146276977,-0.9320532715823081,-0.6506134167522194,-0.3659969771659845,-0.35548818461540654,-0.15560389418951204
1.5698337350103995,-0.48864604658410776,0.5363670748029942,0.3260995444787573,0.13398062950084852,-1.3301587361869684,-1.419025368723367,0.9677162083029154,-0.8939576551118029,3.0803786283235484,-0.7308253258760599
0.6468458901066594,-0.39195671745434213,0.6997248836757523,1.663264003527686,0.8699177898482396,0.7619099475829619,1.410050624191356,1.4153392960841082,-2.0158740957466654,-0.6197856317645573,-1.3882212478035412
-0.853009357861921,0.3815579155837844,-0.7704953961790733,-0.9082061100279463,-0.4287948460589213,0.18077975764687015,-0.3059462895438038,-1.3736968662449303,0.6239292939824236,-0.6197856317645573,1.4878859106291935
-1.8913706833786292,1.5418298651409739,-2.4040734849066574,-0.9287778709363915,-0.4287948460589213,0.47134485261491604,-0.42189202695834166,-1.5114270471007083,1.0858948871850131,-1.4126779732120083,1.2413624399063872
-0.5068889160230172,-0.5853353757138736,1.8432295457850616,1.7661228080699112,0.3937231566822806,-0.4584634512828308,0.5056738723579609,1.4497718412980432,-1.4219183330576213,-0.7959839298639905,-1.2238722673216713
-0.6222623966359855,0.7683152321028474,-0.2804219695607981,-0.2293380000492594,0.13398062950084852,-1.21393269819975,-1.2103230413771988,-0.20299032897102656,0.5579342092391948,-0.8840830789137074,0.008745086292357939
-0.1607684741841144,-0.39195671745434213,0.1279725526210978,1.4781181553516805,0.17727105069775392,1.6917182514807088,1.572374656571709,1.1054463891586552,-0.30000189242275865,0.08500756063317735,-0.8951743063579298
0.18535196765478837,-0.48864604658410776,0.2096514570574771,1.4575463944432354,0.22056147189465902,2.1566224034295822,0.923078527050297,1.174311479586525,-0.2340068076795299,-0.003091588416539527,-0.6486508356351234
1.800580696236336,-0.1018887300650445,1.0264405014212694,0.5729606753800979,0.09069020830394313,0.23889277664047934,1.3868614767084484,1.243176570014395,-0.3659969771659845,0.8778999020806283,-0.8129998161169948
-0.1607684741841144,1.7352085234005057,-1.2605688227973484,-0.7230602618519408,-0.5153756884527319,-0.5746894892700491,-0.9088641240994005,-1.4425619566728,-0.7619674856253483,-0.44358733366512343,1.6522348911110634
0.7622193707196266,0.09148992819448672,-0.19874306512441883,0.6243900776512105,0.3937231566822806,-0.8652545842380951,0.3201606924947004,1.0365812987307852,-0.7619674856253483,0.43740415683204487,-1.0595232868397997
3.415809424817884,1.348451206881442,1.1897983102940275,0.8095359258272161,-0.5153756884527319,-1.7369498691422327,-0.6305943543045097,0.6922558465913974,-2.14786426523312,-1.7650745694108756,-0.4843018551532534
0.3007254482677556,0.1881792573242526,1.0264405014212694,-0.9082061100279463,0.8699177898482396,-0.34223741329561247,-0.09724396219763574,-1.0982365045334122,-0.4979871466524391,0.43740415683204487,1.7344093813519985
1.2237132931714978,-0.875403363103171,0.94476159698489,-0.9082061100279463,-0.039181055286773056,-1.0395936412189226,-0.9552424190652156,-0.7194785071800893,-0.43199206190921324,-0.8840830789137074,0.33744304725609936
0.8775928513325939,1.9285871816600368,0.2913303614938564,-1.0522084363870619,-0.3855044248620159,-1.795062888135842,-0.8624858291335854,-1.2359666853891904,-1.0919429093414863,-0.8840830789137074,0.6661410082198408
-0.6222623966359855,-0.5853353757138736,0.7814037881121315,-0.280767402320372,-0.3422140036651105,-0.22601137530839407,-0.16681140464635844,-0.6850459619661544,1.0198998024417874,-1.4126779732120083,0.7483154984607757
0.7622193707196266,-0.1018887300650445,-0.19874306512441883,2.4244191571401528,0.22056147189465902,-0.10978533732117574,0.8303219371186668,1.794097293437431,-0.6959724008821225,1.3183956473292127,-0.31995287467138345
0.06997848704182111,-0.48864604658410776,0.5363670748029942,0.3260995444787573,-0.25563316127129976,0.8781359855701802,0.3201606924947004,-0.3751530550407014,-0.5639822313956678,-1.941272867510309,0.6661410082198408
0.41609892888072386,0.3815579155837844,1.1081194058576482,-0.16762271732392425,-0.08247147648367845,-0.9233676032317042,-1.6741059910353502,-0.9605063236776724,-1.0919429093414863,-0.7078847808142741,1.6522348911110634
-1.0837563190878554,-0.48864604658410776,-0.2804219695607981,1.4369746335347906,0.35043273548537524,1.2849271185254445,0.7607544946699442,1.174311479586525,0.5579342092391948,-0.8840830789137074,-0.9773487965988648
-0.9683828384748883,3.7656844351255874,-2.1590367715975196,-0.9699213927532815,0.6101752626668073,-1.504497793167796,-0.6769726492703249,-0.23742287418496152,-0.5639822313956678,-1.2364796751125748,-1.5525702282854126
-0.5068889160230172,-0.2952673883245763,-0.11706416068803956,-0.08533567369014393,0.13398062950084852,0.3551188146276977,0.8998893795673895,0.41679548487987933,-0.03602155344984944,1.6707922435280802,-1.1416977770807362
-0.5068889160230172,0.47824724471355023,-0.19874306512441883,-0.08533567369014393,0.09069020830394313,0.4132318336213069,0.8303219371186668,0.45122803009381435,-0.03602155344984944,1.4945939454286465,-1.0595232868397997
0.3007254482677556,0.5749365738433161,-1.505605536106486,-0.9699213927532815,0.30714231428846983,1.5173791944998813,1.0622134119477424,-0.06526014811524845,-0.6959724008821225,-0.5316864827148403,-1.1416977770807362
-0.04539499357114716,-0.005199400935278622,0.5363670748029942,3.3090048762032906,0.09069020830394313,0.7619099475829619,0.6911870522212215,2.4827481977161687,-1.7518937567737565,0.08500756063317735,-1.5525702282854126
0.06997848704182111,-0.1018887300650445,0.5363670748029942,1.663264003527686,0.17727105069775392,1.6917182514807088,2.0825359011956754,1.4153392960841082,-0.10201663819307528,0.7898007530309115,-0.8129998161169948
-0.04539499357114716,-0.1985780591948104,1.8432295457850616,1.23125702445034,-0.12576189768058385,1.6917182514807088,2.059346753712768,1.1054463891586552,-1.157937994084712,1.230296498279496,-1.0595232868397997
-0.04539499357114716,0.09148992819448672,1.8432295457850616,1.23125702445034,-0.12576189768058385,1.8079442894679272,2.152103343644398,1.174311479586525,-1.157937994084712,1.230296498279496,-1.0595232868397997
-0.1607684741841144,-0.39195671745434213,0.618045979239373,0.7169630017392135,-0.25563316127129976,0.8200229665765711,0.6679979047383139,0.5545256657356192,-0.4979871466524391,1.054098200180062,-0.5664763453941885
-1.0837563190878554,0.1881792573242526,-0.8521743006154523,-0.3527685654999297,-0.3422140036651105,0.4132318336213069,-0.42189202695834166,-0.47845069068254453,-0.30000189242275865,0.08500756063317735,0.33744304725609936
-0.04539499357114716,2.4120338273088664,0.1279725526210978,-0.43505560913371,-0.5153756884527319,-0.5165764702764399,-0.6537835017874173,-1.0982365045334122,0.4259440397527402,0.7017016039811945,1.7344093813519985
-0.39151543541004996,-0.005199400935278622,-0.4437797784335562,0.5318171535632078,0.04739978710703774,1.110588061544617,1.6883203939862468,0.8299860274471372,-0.6959724008821225,0.43740415683204487,-1.3882212478035412
-0.2761419547970827,-0.005199400935278622,-0.4437797784335562,0.5318171535632078,0.2638518930915644,1.168701080538226,1.7115095414691543,0.8299860274471372,-0.6959724008821225,0.5255033058817618,-1.3882212478035412
-0.04539499357114716,-0.005199400935278622,0.2096514570574771,0.42895834902098257,-0.039181055286773056,-0.4003504322892216,-0.3291354370267114,-0.34072050982676644,-1.157937994084712,-1.0602813770131412,0.6661410082198408
-0.2761419547970827,-1.2621606796222342,0.04629364818471899,-0.16762271732392425,0.3937231566822806,-0.05167231832756655,-0.28275714206089625,0.14133512316836136,1.0858948871850131,-0.6197856317645573,-0.8129998161169948
-0.5068889160230172,0.09148992819448672,0.8630826925485108,-0.47619913095060007,6.670834230233559,2.3309614604104096,1.0158351169819273,0.14133512316836136,-1.157937994084712,-0.7078847808142741,-1.2238722673216713
-0.5068889160230172,0.1881792573242526,0.94476159698489,-0.4967708918590451,6.540962966642842,2.389074479404019,0.9926459694990197,0.14133512316836136,-1.157937994084712,-0.8840830789137074,-1.2238722673216713
-0.5068889160230172,0.09148992819448672,0.8630826925485108,-0.47619913095060007,6.540962966642842,2.3309614604104096,1.0622134119477424,0.14133512316836136,-1.223933078827941,-0.9721822279634242,-1.2238722673216713
-0.04539499357114716,-0.1985780591948104,-0.7704953961790733,0.3878148272040924,0.2638518930915644,1.110588061544617,1.7810769839178768,0.7955534822332022,-0.43199206190921324,-0.1792898865159733,-1.3882212478035412
0.3007254482677556,0.3815579155837844,-0.7704953961790733,1.4781181553516805,0.17727105069775392,0.9943620235573987,1.5491855090888014,1.4497718412980432,-0.6299773161388937,-0.003091588416539527,-1.470395738044476
-0.04539499357114716,-0.1018887300650445,-0.6071375873063147,2.0952709826050326,0.13398062950084852,1.168701080538226,1.3636723292255408,1.587502022153783,-0.30000189242275865,0.08500756063317735,-1.0595232868397997
0.06997848704182111,2.508723156438632,-0.11706416068803956,1.4986899162601255,0.17727105069775392,1.0524750425510079,2.2912382285418436,1.2087440248004602,0.02997353129337933,0.08500756063317735,-0.8129998161169948
-0.04539499357114716,-0.1985780591948104,0.04629364818471899,1.6426922426192412,-0.5153756884527319,0.23889277664047934,-0.07405481471472819,0.38236293966594437,0.8879096329553328,0.349305007782328,1.159187949665452
-1.1991297997008237,-0.005199400935278622,0.1279725526210978,-0.7436320227603859,0.30714231428846983,0.0645537196596518,-0.5378377643728794,-0.47845069068254453,0.5579342092391948,0.08500756063317735,-0.31995287467138345
-0.5068889160230172,-0.6820247048436395,1.353156119166786,1.1695417417250047,-0.16905231887748895,0.5875708906021344,0.36653898746051555,1.174311479586525,-0.30000189242275865,-0.5316864827148403,-1.470395738044476
0.18535196765478837,-1.1654713504924683,-0.11706416068803956,0.4906736317463179,-0.039181055286773056,0.18077975764687015,-0.2595679945779887,0.6922558465913974,0.09596861603660517,-1.3245788241622913,-1.1416977770807362
3.8773033472697525,1.5418298651409739,4.456954487749195,0.05866665266897152,0.13398062950084852,-0.8652545842380951,-0.3059462895438038,1.0365812987307852,-1.3559232483143926,0.17310670968289424,-0.5664763453941885
-0.04539499357114716,2.7987911438279287,-0.3621008739971774,-0.7642037836688309,-0.25563316127129976,-1.155819679206141,-1.3958362212404594,0.003604942312621482,0.8219145482121041,2.1993871378263807,-0.31995287467138345
-0.853009357861921,1.1550725486219109,-0.19874306512441883,-1.0316366754786166,0.09069020830394313,-0.6909155272572675,0.7607544946699442,-0.2718554193988965,0.16196370077983394,2.4636845849755313,-0.8951743063579298
-1.4298767609267593,-0.3436120528894592,-0.688816491742694,0.7786782844645485,-0.6019565308465427,-1.3301587361869684,-1.6045385485866275,0.07247003274049142,0.7559194634688782,-1.3245788241622913,-0.07342940394857704
-0.04539499357114716,-0.9720926922329369,0.37300926593023565,-0.9287778709363915,-0.3422140036651105,0.0064407006660426236,-0.6074052068216022,-0.6850459619661544,0.8219145482121041,0.8778999020806283,0.5017920277379693
-0.1607684741841144,-1.4555393378817658,-0.3621008739971774,-0.1264791955070341,0.22056147189465902,-0.22601137530839407,-0.35232458450961895,0.2102002135962313,1.6138555651308317,-1.0602813770131412,-0.7308253258760599
-0.7376358772489527,-0.2952673883245763,-0.688816491742694,-0.9287778709363915,-0.6885373732403534,0.0064407006660426236,-0.7465400917190476,-0.8916412332498024,0.6899243787256494,-0.44358733366512343,0.41961753749703434
-1.1991297997008237,-0.1985780591948104,-0.7704953961790733,0.6758194799223232,-0.08247147648367845,1.168701080538226,0.343349839977608,0.7955534822332022,0.7559194634688782,-0.9721822279634242,-0.9773487965988648
0.7622193707196266,-0.1018887300650445,0.2096514570574771,0.22324073993653196,-0.4287948460589213,0.5875708906021344,0.6216196097724987,0.03803748752655645,-1.0919429093414863,-1.4126779732120083,0.33744304725609936
-1.314503280313791,-0.005199400935278622,-0.7704953961790733,2.383275635323263,-0.08247147648367845,1.4592661755062721,0.6911870522212215,1.7596647482234962,0.7559194634688782,-0.44358733366512343,-0.9773487965988648
0.7622193707196266,-0.48864604658410776,0.2096514570574771,0.22324073993653196,-0.4287948460589213,0.47134485261491604,0.552052167323776,0.003604942312621482,-1.0259478245982576,-1.500777122261725,0.33744304725609936
0.41609892888072386,3.9107184288202363,-1.0155321094882108,0.7375347626476585,1.0430794746358611,-0.10978533732117574,0.8071327896357593,1.1398789343725901,-1.2899281635711668,0.5255033058817618,-1.2238722673216713
-0.39151543541004996,-0.875403363103171,-0.2804219695607981,-1.0522084363870619,-0.12576189768058385,-0.10978533732117574,0.15783666011434747,-0.06526014811524845,1.481865395644377,-0.8840830789137074,-1.2238722673216713
-0.6222623966359855,2.0736211753546856,-0.9338532050518316,-0.8464908273026112,0.004109365910132342,-0.22601137530839407,0.06508007018271719,-0.3062879646128315,1.2838801414146965,0.43740415683204487,-0.15560389418951204
0.3007254482677556,-0.39195671745434213,0.618045979239373,2.4449909180485982,0.004109365910132342,0.23889277664047934,0.181025807597255,2.069557655148949,0.8219145482121041,-0.8840830789137074,-1.5525702282854126
-0.5068889160230172,-1.0687820213627024,-0.11706416068803956,-0.7230602618519408,0.09069020830394313,0.3551188146276977,1.456428919157171,0.003604942312621482,2.0098260735901956,0.08500756063317735,-0.7308253258760599
0.3007254482677556,-0.2952673883245763,-0.11706416068803956,0.9021088499152191,-0.21234274007439433,1.8079442894679272,3.1260475379265156,1.0710138439447203,-0.16801172293630404,0.2612058587326111,-1.2238722673216713
-0.04539499357114716,3.47561644773629,-2.0773578671611403,0.7786782844645485,0.6967561050606181,-0.5165764702764399,0.11145836514853233,1.174311479586525,1.151889971928242,-0.26738903556568966,-1.3882212478035412
1.6852072156233688,-0.005199400935278622,0.5363670748029942,0.3878148272040924,-0.21234274007439433,0.18077975764687015,1.3172940342597257,1.3120416604423033,0.9539047176985587,0.17310670968289424,-0.8129998161169948
1.5698337350103995,-0.1018887300650445,0.4546881703666149,0.3878148272040924,-0.2989235824682051,0.8200229665765711,1.6419420990204316,1.3120416604423033,0.7559194634688782,0.17310670968289424,-0.8951743063579298
0.41609892888072386,-0.48864604658410776,0.37300926593023565,1.7249792862530213,0.5235944202729967,1.168701080538226,1.3172940342597257,1.4153392960841082,-0.6959724008821225,-0.44358733366512343,-1.3060467575626062
-0.04539499357114716,2.3153444981791003,-0.11706416068803956,1.4986899162601255,-0.08247147648367845,1.110588061544617,1.9434010162982298,1.174311479586525,0.491939124495969,0.08500756063317735,-0.8129998161169948
0.18535196765478837,-0.1985780591948104,2.0882662590941985,-0.9287778709363915,-0.3855044248620159,0.2970057956340885,-0.3987028794754341,-0.6850459619661544,0.9539047176985587,-0.7078847808142741,0.41961753749703434
-0.7376358772489527,-0.2952673883245763,-1.0155321094882108,1.9821262976085845,-0.2989235824682051,-0.4003504322892216,0.5056738723579609,1.5186369317259132,1.877835904103741,1.3183956473292127,-0.8129998161169948
0.5314724094936911,0.3815579155837844,-0.8521743006154523,1.601548720802351,0.17727105069775392,0.8200229665765711,1.3868614767084484,1.6219345673677563,0.02997353129337933,-0.26738903556568966,-1.5525702282854126
0.9929663319455622,0.28486858645401847,-0.6071375873063147,0.3878148272040924,-0.645246952043448,-0.6909155272572675,-1.094377303962661,0.2102002135962313,-0.43199206190921324,0.08500756063317735,-0.15560389418951204
0.3007254482677556,-0.6820247048436395,0.2913303614938564,-0.7230602618519408,-0.8616990580279749,-0.6909155272572675,-0.8624858291335854,-1.2015341401752553,-0.30000189242275865,-0.9721822279634242,0.6661410082198408
-0.04539499357114716,-0.39195671745434213,0.04629364818471899,-0.6613449791266055,0.04739978710703774,1.7207747609775135,1.885428147590961,-0.13412523854315664,0.6899243787256494,0.7898007530309115,-0.7308253258760599
0.06997848704182111,1.1550725486219109,1.8432295457850616,1.0872546980912243,-0.12576189768058385,0.2970057956340885,0.11145836514853233,1.2776091152283684,-0.3659969771659845,-0.26738903556568966,-1.5525702282854126
-0.853009357861921,-0.9720926922329369,0.2096514570574771,-0.805347305485721,-0.3422140036651105,-0.8652545842380951,2.6042917195610955,-0.5128832358964796,1.151889971928242,2.6398828830749648,0.5839665179789058
-0.04539499357114716,-0.6820247048436395,-0.5254586828699355,-0.7847755445772759,-0.6885373732403534,-0.5165764702764399,0.04189092269980963,-1.3048317758170602,-0.2340068076795299,1.054098200180062,1.6522348911110634
-1.1991297997008237,-0.7787140339734051,-0.5254586828699355,-0.9287778709363915,-0.645246952043448,-1.3301587361869684,-1.3958362212404594,-1.1326690497473473,0.3599489550095144,-1.1483805260628581,0.2552685570151644
-1.4298767609267593,-0.875403363103171,-0.6071375873063147,-0.9287778709363915,-0.6885373732403534,-1.3301587361869684,-1.419025368723367,-1.1326690497473473,0.3599489550095144,-1.0602813770131412,0.2552685570151644
-0.853009357861921,1.2517618777516761,-1.5872844405428652,0.922680610823664,-0.3855044248620159,-0.9814806222253134,-0.42189202695834166,0.7611209370192673,1.2178850566714678,-0.35548818461540654,-0.4843018551532534
-1.0837563190878554,-0.6820247048436395,-0.4437797784335562,-0.27048152186614954,0.30714231428846983,0.2970057956340885,1.4332397716742635,0.8988511178750072,3.461717937941196,1.846990541627513,-0.4843018551532534
1.9159541768493034,-0.1985780591948104,-1.0155321094882108,2.1158427435134772,1.2162411594234823,0.3551188146276977,1.3868614767084484,1.4497718412980432,-1.157937994084712,0.08500756063317735,-0.6486508356351234
-1.1991297997008237,-0.39195671745434213,0.8630826925485108,-0.4967708918590451,-0.7318277944372586,-1.7369498691422327,-0.6537835017874173,-0.8572086880358675,2.207811327819876,-0.5316864827148403,0.9126644789426457
-1.1991297997008237,-0.39195671745434213,0.4546881703666149,-0.9082061100279463,0.35043273548537524,0.12266673865326098,0.48248472487505334,-0.20299032897102656,0.09596861603660517,0.2612058587326111,-1.0595232868397997
-0.1607684741841144,-0.1985780591948104,0.4546881703666149,-0.9904931536617264,-0.25563316127129976,0.5875708906021344,0.22740410256307014,-0.09969269332918343,0.8219145482121041,0.7898007530309115,-0.8129998161169948
-0.6222623966359855,0.6716259029730814,-0.2804219695607981,-0.04419215187325378,-0.4720852672558264,-1.562610812161405,-0.9320532715823081,-0.3751530550407014,0.491939124495969,-0.7078847808142741,0.33744304725609936
-0.5068889160230172,-0.48864604658410776,0.4546881703666149,-0.8464908273026112,-0.6019565308465427,-0.6909155272572675,-0.4450811744412492,-0.8916412332498024,0.8219145482121041,0.08500756063317735,0.9948389691835822
-1.1991297997008237,0.7683152321028474,0.37300926593023565,-1.0316366754786166,-0.3855044248620159,-1.8531759071294511,-1.4422145162062745,-1.1671015949613204,0.5579342092391948,-1.3245788241622913,0.6661410082198408
0.06997848704182111,-1.6005733315764146,0.1279725526210978,-0.10590743459858892,0.09069020830394313,0.0645537196596518,-0.6769726492703249,0.03803748752655645,0.8219145482121041,-0.6197856317645573,-0.31995287467138345
0.06997848704182111,0.09148992819448672,0.5363670748029942,2.7844249730379413,-0.12576189768058385,0.0645537196596518,0.4361064299092382,2.000692564721079,-1.7518937567737565,-0.1792898865159733,-1.3882212478035412
0.06997848704182111,-0.005199400935278622,0.5363670748029942,0.4701018708378725,-0.4287948460589213,-1.155819679206141,-0.9784315665481231,0.2102002135962313,-0.16801172293630404,-1.4126779732120083,-0.31995287467138345
0.41609892888072386,0.09148992819448672,0.5363670748029942,1.5809769598939059,-0.039181055286773056,1.8079442894679272,2.1752924911273057,1.3464742056562382,-0.7619674856253483,0.8778999020806283,-0.8129998161169948
-0.7376358772489527,-0.39195671745434213,0.1279725526210978,-0.9699213927532815,-0.3422140036651105,-0.7490285462508767,0.6911870522212215,-0.8916412332498024,-0.6299773161388937,-0.0911907374662564,0.008745086292357939
0.06997848704182111,0.3815579155837844,-0.6071375873063147,0.4906736317463179,0.30714231428846983,-0.16789835631478492,0.9926459694990197,0.9332836630889804,0.3599489550095144,0.17310670968289424,-1.1416977770807362
-1.775997202765662,2.8954804729576944,-2.1590367715975196,0.20266897902808698,-0.12576189768058385,-0.05167231832756655,0.2737823975288853,0.2102002135962313,0.9539047176985587,0.7017016039811945,-0.7308253258760599
-1.775997202765662,2.9438251375225777,-2.1590367715975196,0.24381250084497694,-0.08247147648367845,-0.05167231832756655,0.181025807597255,0.2446327588102045,0.9539047176985587,0.7017016039811945,-0.7308253258760599
-1.6606237221526938,2.9921698020874605,-2.1590367715975196,0.22324073993653196,-0.039181055286773056,0.0645537196596518,0.22740410256307014,0.2102002135962313,0.9539047176985587,0.7017016039811945,-0.7308253258760599
-1.8913706833786292,3.088859131217226,-2.1590367715975196,0.22324073993653196,-0.08247147648367845,-0.10978533732117574,0.22740410256307014,0.2102002135962313,0.8879096329553328,0.7898007530309115,-0.7308253258760599
-1.1991297997008237,-0.2952673883245763,-0.6071375873063147,1.4781181553516805,0.22056147189465902,0.5294578716085252,0.2505932500459777,1.174311479586525,0.6239292939824236,-0.9721822279634242,-1.0595232868397997
-0.2761419547970827,2.8954804729576944,-0.2804219695607981,-0.16762271732392425,0.4803039990760914,-0.28412439430200326,-0.3291354370267114,0.38236293966594437,0.29395387026628855,-0.9721822279634242,-1.3060467575626062
0.18535196765478837,0.09148992819448672,1.679871736912303,0.984395893548999,0.004109365910132342,1.401153156512663,2.2448599335760284,0.9677162083029154,-0.9599527398550317,1.054098200180062,-0.8951743063579298
-0.2761419547970827,-0.875403363103171,0.618045979239373,0.6141041971969882,0.004109365910132342,0.9362490045637895,0.7375653471870366,0.5545256657356192,-0.3659969771659845,0.7017016039811945,-0.6486508356351234
-0.1607684741841144,-0.7787140339734051,0.618045979239373,0.6552477190138781,-0.08247147648367845,0.8781359855701802,0.6679979047383139,0.5545256657356192,-0.3659969771659845,0.7898007530309115,-0.6486508356351234
0.9929663319455622,-0.1985780591948104,0.5363670748029942,-0.9904931536617264,-0.16905231887748895,-1.504497793167796,-1.790051728449888,-0.7883435976079592,-2.0158740957466654,0.08500756063317735,0.008745086292357939
-0.04539499357114716,0.3815579155837844,0.04629364818471899,-0.9699213927532815,-0.08247147648367845,-1.21393269819975,-1.627727696069535,-0.6506134167522194,-0.9599527398550317,-0.1792898865159733,0.008745086292357939
0.18535196765478837,0.1881792573242526,1.2714772147304068,-0.24990976095770437,-0.4287948460589213,-1.0395936412189226,-0.7465400917190476,-0.7539110523940243,0.4259440397527402,1.6707922435280802,1.4878859106291935
0.18535196765478837,-0.39195671745434213,0.2096514570574771,-0.6407732182181606,-0.5153756884527319,-0.7490285462508767,-0.5842160593386946,-1.3048317758170602,-0.03602155344984944,-0.9721822279634242,1.6522348911110634
-0.853009357861921,0.28486858645401847,2.0065873546578192,-0.18819447823236923,-0.2989235824682051,0.0645537196596518,-0.5378377643728794,-0.9949388688916073,0.6899243787256494,0.9659990511303452,1.4057114203882586
-0.04539499357114716,1.5418298651409739,0.2913303614938564,-0.16762271732392425,0.04739978710703774,0.6456839095957436,1.4796180666400787,0.003604942312621482,-0.7619674856253483,1.4064947963789296,-0.07342940394857704
-0.1607684741841144,0.5749365738433161,-0.2804219695607981,1.9924121780628072,0.35043273548537524,0.9362490045637895,1.3636723292255408,1.5186369317259132,-0.03602155344984944,-0.003091588416539527,-1.0595232868397997
0.3007254482677556,0.6716259029730814,-0.7704953961790733,1.9512686562459172,0.3937231566822806,0.6456839095957436,1.410050624191356,1.725232203009561,-0.4979871466524391,-0.003091588416539527,-1.470395738044476
0.5314724094936911,0.3815579155837844,-0.688816491742694,0.2643842617534221,0.437013577879186,0.7037969285893527,0.9926459694990197,0.7955534822332022,-0.7619674856253483,-0.1792898865159733,-1.470395738044476
-0.39151543541004996,-0.005199400935278622,-0.03538525625166028,2.0129839389712516,0.30714231428846983,0.9362490045637895,1.2245374443280954,1.3809067508701731,0.16196370077983394,0.17310670968289424,-0.7308253258760599
0.41609892888072386,-0.48864604658410776,0.4546881703666149,1.7044075253445758,0.5235944202729967,0.8200229665765711,1.2709157392939106,1.4153392960841082,-1.4219183330576213,-0.0911907374662564,-1.3060467575626062
-1.0837563190878554,-1.2621606796222342,-0.19874306512441883,-0.02362039096480879,-0.21234274007439433,1.0524750425510079,0.41291728242633063,0.2446327588102045,2.1418162430766503,-0.26738903556568966,-0.07342940394857704
0.6468458901066594,-0.005199400935278622,0.6997248836757523,2.8564261362174994,0.8699177898482396,1.0524750425510079,1.3404831817426333,2.138422745576819,-1.553908502544076,-0.44358733366512343,-1.2238722673216713
-0.7376358772489527,-0.005199400935278622,-0.9338532050518316,0.2849560226618671,-0.21234274007439433,-0.5165764702764399,0.45929557739214577,0.6578233013774624,1.6138555651308317,1.3183956473292127,-0.6486508356351234
2.608195060527109,2.9921698020874605,0.37300926593023565,-0.8876343491195011,0.8699177898482396,-0.05167231832756655,1.0390242644648349,1.0365812987307852,0.22795878552305976,-0.9721822279634242,-1.7169192087672827
-0.6222623966359855,0.47824724471355023,-0.5254586828699355,-0.9699213927532815,0.004109365910132342,-0.05167231832756655,0.8767002320844819,-0.13412523854315664,1.151889971928242,0.43740415683204487,-0.9773487965988648
1.6852072156233688,1.058383219492145,2.9867342078943695,0.963824132640554,-0.039181055286773056,-0.10978533732117574,0.7375653471870366,1.3120416604423033,-0.6959724008821225,0.7017016039811945,-0.9773487965988648
0.41609892888072386,-0.875403363103171,1.0264405014212694,-0.43505560913371,-0.21234274007439433,2.737752593365674,1.1549700018793727,-0.20299032897102656,-0.03602155344984944,0.9659990511303452,0.5017920277379693
0.7622193707196266,-1.0687820213627024,0.8630826925485108,1.1078264589996696,0.004109365910132342,1.749831270474318,0.20421495508016257,1.1054463891586552,-0.16801172293630404,-0.35548818461540654,-0.4843018551532534
-0.1607684741841144,-1.0687820213627024,1.353156119166786,-0.7847755445772759,-0.12576189768058385,-0.4584634512828308,-0.35232458450961895,-0.5128832358964796,-0.30000189242275865,-0.35548818461540654,-0.23777838443044702
-0.853009357861921,1.2517618777516761,-2.730789102652174,-0.8876343491195011,0.7400465262575234,0.0645537196596518,-1.1639447464113837,-0.8227761428219325,0.491939124495969,1.5826930944783633,0.17309406677422937
1.6852072156233688,-0.7787140339734051,0.1279725526210978,-1.0316366754786166,0.17727105069775392,-1.3301587361869684,-1.465403663689182,-0.6161808715382845,-0.43199206190921324,-0.9721822279634242,-0.07342940394857704
-0.9683828384748883,0.09148992819448672,-1.0155321094882108,-0.9493496318448365,0.3937231566822806,0.4132318336213069,0.714376199704129,-0.8227761428219325,0.8219145482121041,-0.5316864827148403,0.41961753749703434
0.5314724094936911,1.2517618777516761,-0.7704953961790733,0.1820972181196418,0.4803039990760914,0.3551188146276977,0.5984304622895912,0.38236293966594437,0.02997353129337933,-0.7078847808142741,-0.5664763453941885
0.41609892888072386,1.445140536011208,-0.7704953961790733,0.16152545721119682,0.5235944202729967,0.2970057956340885,0.5984304622895912,0.41679548487987933,0.02997353129337933,-0.7078847808142741,-0.5664763453941885
0.5314724094936911,1.1550725486219109,-0.7704953961790733,0.16152545721119682,0.5235944202729967,0.3551188146276977,0.6679979047383139,0.41679548487987933,0.02997353129337933,-0.7078847808142741,-0.5664763453941885
-0.7376358772489527,0.47824724471355023,-0.5254586828699355,-0.2087662391408142,-0.4287948460589213,-0.28412439430200326,-0.07405481471472819,-0.3751530550407014,0.02997353129337933,-0.6197856317645573,-0.15560389418951204
-0.7376358772489527,0.28486858645401847,-0.6071375873063147,-0.2293380000492594,-0.3855044248620159,0.0645537196596518,0.2505932500459777,-0.34072050982676644,0.09596861603660517,-0.7078847808142741,-0.15560389418951204
-0.853009357861921,0.7683152321028474,-0.5254586828699355,-0.7847755445772759,-0.4720852672558264,-1.0977066602125318,-0.8624858291335854,-0.7194785071800893,1.3498752261579225,1.93508969067723,0.7483154984607757
-2.1221176446045646,2.6054124855683978,-1.5872844405428652,0.4906736317463179,-0.6019565308465427,0.0064407006660426236,0.6216196097724987,-0.6850459619661544,2.207811327819876,0.17310670968289424,1.5700604008701284
1.1083398125585295,-0.2952673883245763,0.618045979239373,-0.455627370042155,-0.16905231887748895,0.12266673865326098,0.2737823975288853,0.5545256657356192,1.0858948871850131,-0.35548818461540654,-0.4843018551532534
-1.314503280313791,0.7683152321028474,-1.0155321094882108,0.16152545721119682,-0.3422140036651105,0.9362490045637895,0.6679979047383139,0.1069025779544264,0.6239292939824236,1.230296498279496,-0.4843018551532534
-1.1991297997008237,0.5749365738433161,-1.0155321094882108,0.14095369630275165,-0.25563316127129976,0.8781359855701802,0.6911870522212215,0.1069025779544264,0.6239292939824236,1.142197349229779,-0.4843018551532534
-0.04539499357114716,-0.005199400935278622,2.1699451635305778,-0.9904931536617264,3.7270855888439938,0.4132318336213069,-0.23637884709508114,-0.13412523854315664,-0.6959724008821225,-0.44358733366512343,-1.2238722673216713
-0.04539499357114716,-0.2952673883245763,0.04629364818471899,-0.24990976095770437,-0.645246952043448,-0.05167231832756655,-0.07405481471472819,-0.3751530550407014,0.09596861603660517,-0.9721822279634242,0.008745086292357939
-0.2761419547970827,-0.39195671745434213,0.1279725526210978,0.3672430662956474,-0.645246952043448,0.0645537196596518,-0.05086566723182062,0.003604942312621482,-0.03602155344984944,-1.0602813770131412,-0.07342940394857704
-1.0837563190878554,0.1881792573242526,1.1081194058576482,0.3981007076583149,-0.6885373732403534,-0.9233676032317042,-0.09724396219763574,-0.1685577837570916,2.1418162430766503,-0.5316864827148403,0.7483154984607757
-0.853009357861921,-1.5038840024466487,-0.688816491742694,-0.5379144136759353,-0.25563316127129976,-1.4463847741741869,-1.58134940110372,-0.13412523854315664,2.2738064125631046,0.8778999020806283,-0.40212736491231843
-0.9683828384748883,-1.745607325271063,-0.7704953961790733,-0.9904931536617264,-0.21234274007439433,-1.155819679206141,-1.6741059910353502,-0.3751530550407014,2.7357720057656945,1.054098200180062,-0.23777838443044702
-0.04539499357114716,-0.005199400935278622,0.8630826925485108,0.6963912408307684,-0.645246952043448,0.0064407006660426236,-0.004487372266005494,0.2790653040241395,-0.2340068076795299,-1.1483805260628581,-0.15560389418951204
1.6852072156233688,1.2517618777516761,1.4348350236031653,-0.805347305485721,0.004109365910132342,-1.3882717551805777,1.618752951537524,-0.2718554193988965,-1.157937994084712,0.5255033058817618,0.6661410082198408
0.7622193707196266,-0.1018887300650445,-0.19874306512441883,-0.02362039096480879,0.4803039990760914,5.585290524052524,4.076802584725725,0.2790653040241395,-0.10201663819307528,0.8778999020806283,-0.07342940394857704
1.2237132931714978,-0.1985780591948104,0.618045979239373,1.8998392539748046,-0.25563316127129976,0.18077975764687015,1.827455278883692,1.3120416604423033,-1.553908502544076,0.9659990511303452,-0.4843018551532534
-0.5068889160230172,0.5749365738433161,-0.8521743006154523,0.07923841357741651,-0.2989235824682051,0.12266673865326098,0.1346475126314399,0.2102002135962313,-0.03602155344984944,1.4064947963789296,-0.4843018551532534
-0.39151543541004996,-0.005199400935278622,0.1279725526210978,1.9512686562459172,-0.16905231887748895,1.168701080538226,1.3404831817426333,1.3809067508701731,0.22795878552305976,0.08500756063317735,-0.8129998161169948
0.41609892888072386,-0.6820247048436395,0.618045979239373,-0.9493496318448365,-0.4287948460589213,-0.10978533732117574,-1.2103230413771988,-0.6161808715382845,-0.16801172293630404,0.17310670968289424,-0.15560389418951204
-0.5068889160230172,0.3815579155837844,0.1279725526210978,-0.2293380000492594,-0.6885373732403534,-0.05167231832756655,-0.8392966816506778,-0.8916412332498024,1.0858948871850131,0.9659990511303452,1.5700604008701284
-0.04539499357114716,-0.39195671745434213,0.04629364818471899,-0.27048152186614954,-0.6019565308465427,0.12266673865326098,-0.05086566723182062,-0.3751530550407014,0.02997353129337933,-0.8840830789137074,0.008745086292357939
-0.6222623966359855,-0.48864604658410776,-0.2804219695607981,-0.8464908273026112,-0.5586661096496373,-1.0977066602125318,-1.0711881564797534,-1.0982365045334122,0.5579342092391948,-0.7959839298639905,0.9948389691835822
-0.39151543541004996,-0.005199400935278622,0.04629364818471899,0.8198218062814387,-0.3422140036651105,-0.28412439430200326,-0.09724396219763574,0.5545256657356192,-0.5639822313956678,-0.44358733366512343,-0.6486508356351234
-1.4298767609267593,-0.1985780591948104,-0.6071375873063147,-0.04419215187325378,-0.645246952043448,-1.3301587361869684,-1.3262687787917367,-0.5128832358964796,0.3599489550095144,-0.9721822279634242,0.17309406677422937
-0.6222623966359855,-0.48864604658410776,-0.03538525625166028,-0.9082061100279463,-0.4287948460589213,-1.155819679206141,-0.7465400917190476,-0.9605063236776724,0.8219145482121041,-0.6197856317645573,0.5017920277379693
-1.1991297997008237,-0.1018887300650445,-0.5254586828699355,1.3135440680841202,-0.039181055286773056,1.168701080538226,0.7607544946699442,1.174311479586525,0.5579342092391948,-0.6197856317645573,-1.0595232868397997
-1.0837563190878554,-0.1985780591948104,0.5363670748029942,-0.9493496318448365,0.04739978710703774,-1.3301587361869684,0.04189092269980963,0.2446327588102045,1.6798506498740604,0.349305007782328,-0.15560389418951204
-0.2761419547970827,-0.9720926922329369,0.1279725526210978,-0.9082061100279463,0.13398062950084852,0.8200229665765711,0.08826921766562476,-0.13412523854315664,1.547860480387606,3.168477777373265,-0.31995287467138345
0.6468458901066594,-0.7787140339734051,0.7814037881121315,0.3878148272040924,-0.039181055286773056,-0.4584634512828308,0.36653898746051555,0.8988511178750072,-0.03602155344984944,0.5255033058817618,-1.3060467575626062
1.339086773784465,-0.39195671745434213,0.2096514570574771,-0.9082061100279463,0.04739978710703774,-1.0395936412189226,-0.190000552129266,0.3479303944520094,0.02997353129337933,0.43740415683204487,-0.4843018551532534
-0.5068889160230172,-0.1985780591948104,0.6997248836757523,0.7786782844645485,-0.08247147648367845,-0.28412439430200326,0.06508007018271719,0.8299860274471372,-0.10201663819307528,-0.1792898865159733,-1.2238722673216713
-1.6606237221526938,0.28486858645401847,1.1081194058576482,-0.5996296964012704,0.30714231428846983,0.6456839095957436,0.15783666011434747,-0.23742287418496152,0.6239292939824236,2.375585435925814,-0.4843018551532534
-1.6606237221526938,0.09148992819448672,1.1081194058576482,-0.5996296964012704,0.2638518930915644,0.7037969285893527,0.181025807597255,-0.2718554193988965,0.6239292939824236,2.2874862868760975,-0.4843018551532534
0.3007254482677556,-1.3105053441871173,-0.03538525625166028,-0.27048152186614954,0.17727105069775392,-0.10978533732117574,-0.14362225716345087,0.14133512316836136,0.5579342092391948,-0.7959839298639905,-0.8129998161169948
-1.4298767609267593,0.5749365738433161,-1.914000058288382,-0.9493496318448365,-0.645246952043448,-0.8652545842380951,-1.6045385485866275,-1.0982365045334122,1.0858948871850131,0.17310670968289424,0.5017920277379693
-0.1607684741841144,-0.875403363103171,0.618045979239373,1.9924121780628072,0.437013577879186,2.3309614604104096,0.41291728242633063,1.9662600195071442,0.02997353129337933,-0.44358733366512343,-1.470395738044476
1.1083398125585295,-0.9720926922329369,1.0264405014212694,1.5809769598939059,0.2638518930915644,0.18077975764687015,-0.4450811744412492,1.4497718412980432,-0.30000189242275865,0.08500756063317735,-0.4843018551532534
0.8775928513325939,-1.0687820213627024,0.94476159698489,1.0872546980912243,0.35043273548537524,1.2268140995318353,-0.004487372266005494,1.1054463891586552,-0.30000189242275865,-0.1792898865159733,-0.4843018551532534
-0.6222623966359855,-1.5522286670115315,0.2096514570574771,-0.7847755445772759,-0.08247147648367845,0.7037969285893527,0.20421495508016257,-0.8227761428219325,0.491939124495969,2.1993871378263807,0.6661410082198408
0.5314724094936911,0.47824724471355023,0.5363670748029942,0.1923830985738643,-0.3422140036651105,-0.16789835631478492,0.01870177521690207,-0.6161808715382845,-1.0919429093414863,-1.6769754203611589,1.077013459424517
-1.5452502415397265,0.5265919092784331,-0.2804219695607981,-0.7024885009434957,1.086369895832766,-0.4584634512828308,-0.21318969961217357,-0.47845069068254453,-0.3659969771659845,0.17310670968289424,-0.8129998161169948
-1.1991297997008237,1.1550725486219109,0.6997248836757523,-0.3116250436830395,0.04739978710703774,0.20983626714367476,2.4999405558880112,-0.030827602901313488,0.3599489550095144,0.7017016039811945,-0.8129998161169948
0.5314724094936911,-0.5853353757138736,0.2913303614938564,1.7249792862530213,0.7400465262575234,0.7619099475829619,1.247726591811003,1.3809067508701731,-2.0158740957466654,-0.9721822279634242,-1.3060467575626062
-0.853009357861921,0.7683152321028474,-0.03538525625166028,-0.9904931536617264,0.17727105069775392,-0.6328025082636584,0.7375653471870366,-0.3751530550407014,-0.30000189242275865,2.551783734025248,-0.8951743063579298
3.646556386043818,-0.7787140339734051,0.4546881703666149,-0.9287778709363915,0.17727105069775392,-0.9233676032317042,0.343349839977608,0.07247003274049142,-1.2899281635711668,-0.6197856317645573,-0.15560389418951204
0.06997848704182111,-0.39195671745434213,0.04629364818471899,-0.24990976095770437,-0.25563316127129976,0.47134485261491604,0.552052167323776,-0.09969269332918343,0.02997353129337933,0.8778999020806283,0.008745086292357939
-0.5068889160230172,-0.39195671745434213,-0.11706416068803956,1.848409851703692,0.04739978710703774,1.110588061544617,0.5752413148066836,1.0365812987307852,0.5579342092391948,0.08500756063317735,-0.31995287467138345
0.3007254482677556,0.8166598966677303,-1.5872844405428652,-0.9699213927532815,0.3937231566822806,-0.6328025082636584,-1.2335121888601064,0.1069025779544264,-0.30000189242275865,-0.5316864827148403,-1.3882212478035412
-0.04539499357114716,-1.2621606796222342,-0.2804219695607981,-0.1264791955070341,0.17727105069775392,0.2970057956340885,-0.23637884709508114,0.14133512316836136,1.3498752261579225,-0.8840830789137074,-0.7308253258760599
-0.04539499357114716,-1.1654713504924683,0.5363670748029942,-0.7436320227603859,-0.3855044248620159,-0.9814806222253134,-0.8161075341677703,-0.5128832358964796,1.9438309888469696,-0.6197856317645573,0.6661410082198408
-0.9683828384748883,-0.1985780591948104,-0.11706416068803956,-0.4967708918590451,-0.775118215634164,-0.34223741329561247,-0.561026911855787,-0.8916412332498024,1.3498752261579225,1.93508969067723,1.4057114203882586
-0.9683828384748883,-0.9720926922329369,-0.5254586828699355,-0.9082061100279463,1.8655974773770625,0.2970057956340885,0.1346475126314399,-0.5128832358964796,1.9438309888469696,1.142197349229779,0.17309406677422937
0.06997848704182111,0.47824724471355023,-1.0155321094882108,-1.0110649145701716,0.30714231428846983,0.23889277664047934,0.2505932500459777,-0.3751530550407014,-0.4979871466524391,-0.35548818461540654,-0.9773487965988648
0.9929663319455622,0.09148992819448672,1.1897983102940275,-0.7436320227603859,0.13398062950084852,0.0645537196596518,0.9462676745332046,-0.23742287418496152,-0.16801172293630404,1.3183956473292127,0.008745086292357939
0.3007254482677556,1.058383219492145,0.1279725526210978,1.3546875899010102,-0.08247147648367845,-0.5165764702764399,-1.5117819586549972,0.1069025779544264,-0.16801172293630404,-1.7650745694108756,0.8304899887017108
-0.2761419547970827,6.037883669675084,-1.1788899183609691,-1.0522084363870619,0.09069020830394313,-1.0395936412189226,1.5491855090888014,-0.13412523854315664,0.9539047176985587,0.6136024549314787,-0.4843018551532534
0.41609892888072386,-0.1018887300650445,-0.5254586828699355,-0.7230602618519408,0.09069020830394313,-0.28412439430200326,0.2737823975288853,-0.06526014811524845,-0.6299773161388937,0.17310670968289424,-1.1416977770807362
-2.0067441639915975,0.47824724471355023,-0.9338532050518316,-0.8876343491195011,-0.8184086368310695,-0.9814806222253134,-1.1175664514455685,-1.5458595923146434,2.0758211583334214,-0.9721822279634242,1.5700604008701284
-0.5068889160230172,0.28486858645401847,-0.4437797784335562,-0.9082061100279463,-0.3855044248620159,-1.3301587361869684,-0.42189202695834166,-0.6506134167522194,0.8219145482121041,0.17310670968289424,-0.15560389418951204
0.5314724094936911,-0.7787140339734051,0.8630826925485108,-0.9287778709363915,-0.039181055286773056,-0.8071415652444859,-0.9088641240994005,-0.47845069068254453,-0.30000189242275865,-0.26738903556568966,-0.4843018551532534
-1.314503280313791,0.3815579155837844,1.353156119166786,-0.6819167400350507,0.13398062950084852,-1.0395936412189226,0.41291728242633063,-0.3751530550407014,0.16196370077983394,1.3183956473292127,-0.4843018551532534
0.41609892888072386,-0.005199400935278622,-0.6071375873063147,1.3546875899010102,0.004109365910132342,0.7619099475829619,0.9694568220161122,1.2776091152283684,-0.6299773161388937,0.2612058587326111,-1.3060467575626062
0.7622193707196266,0.6716259029730814,-0.4437797784335562,0.7581065235561034,0.22056147189465902,-0.5165764702764399,0.45929557739214577,1.0710138439447203,-0.4979871466524391,0.349305007782328,-1.1416977770807362
-0.9683828384748883,0.7683152321028474,0.4546881703666149,-0.5584861745843802,-0.8184086368310695,-0.8652545842380951,-0.28275714206089625,-0.9605063236776724,1.2178850566714678,-0.8840830789137074,0.5839665179789058
-2.1221176446045646,-1.0687820213627024,1.8432295457850616,-0.9082061100279463,-0.8616990580279749,-0.6328025082636584,-0.5146486168899719,-1.0982365045334122,1.877835904103741,-0.8840830789137074,0.17309406677422937
-0.6222623966359855,1.058383219492145,0.1279725526210978,-0.0030486300563636226,-0.25563316127129976,2.7668091028624784,2.8477777681316248,0.1069025779544264,-0.4979871466524391,1.4945939454286465,-0.40212736491231843
-0.1607684741841144,-0.6820247048436395,-0.11706416068803956,-0.10590743459858892,0.04739978710703774,-0.34223741329561247,0.06508007018271719,0.41679548487987933,1.2838801414146965,-0.26738903556568966,-0.7308253258760599
0.18535196765478837,0.1881792573242526,0.37300926593023565,1.848409851703692,-0.6019565308465427,1.4592661755062721,1.0158351169819273,1.553069476939848,-0.10201663819307528,1.054098200180062,-1.0595232868397997
-0.39151543541004996,0.7683152321028474,-0.11706416068803956,-0.9904931536617264,-0.645246952043448,-1.2720457171933592,-1.6509168435524426,-0.7539110523940243,-0.6299773161388937,-0.26738903556568966,0.008745086292357939
-0.853009357861921,2.6054124855683978,-1.505605536106486,0.7992500453729937,-0.645246952043448,-0.9233676032317042,-0.28275714206089625,0.6578233013774624,1.0858948871850131,-0.1792898865159733,-0.31995287467138345
0.5314724094936911,-0.39195671745434213,0.7814037881121315,-0.805347305485721,-1.0781511640125014,-0.8652545842380951,-1.58134940110372,-1.3048317758170602,-0.7619674856253483,0.6136024549314787,1.323536930147322
-0.04539499357114716,0.8650045612326133,1.4348350236031653,1.210685263541895,-0.08247147648367845,1.5754922134934903,0.5984304622895912,1.3120416604423033,-0.03602155344984944,-0.44358733366512343,-1.470395738044476
-0.04539499357114716,-0.1018887300650445,-1.7506422494156237,-0.9493496318448365,-0.25563316127129976,3.0283176883337197,0.714376199704129,-0.6161808715382845,-0.10201663819307528,-0.7078847808142741,-0.4843018551532534
1.5698337350103995,-0.005199400935278622,0.6997248836757523,-0.8464908273026112,-0.645246952043448,-0.28412439430200326,-1.0248098615139383,-0.7194785071800893,-0.6959724008821225,-0.8840830789137074,0.6661410082198408
-0.6222623966359855,-0.7787140339734051,0.5363670748029942,-0.9082061100279463,-0.3855044248620159,0.0064407006660426236,-0.7001617967532324,-0.7194785071800893,1.7458457346172862,0.08500756063317735,0.6661410082198408
-1.0837563190878554,-0.1985780591948104,-0.5254586828699355,2.5272779616823784,0.09069020830394313,0.9943620235573987,0.714376199704129,1.897394929079236,1.0198998024417874,-0.44358733366512343,-0.9773487965988648
-0.5068889160230172,-0.875403363103171,0.6997248836757523,-0.6202014573097155,-0.6019565308465427,-0.16789835631478492,-1.256701336343014,-1.0293714141055423,0.6899243787256494,-0.7078847808142741,0.9126644789426457
-0.853009357861921,0.6716259029730814,-2.1590367715975196,-0.9287778709363915,0.9997890534389559,-0.7490285462508767,-0.6769726492703249,-0.13412523854315664,0.22795878552305976,0.2612058587326111,-1.1416977770807362
0.3007254482677556,-0.1018887300650445,-0.19874306512441883,2.5272779616823784,0.004109365910132342,1.168701080538226,2.662264588268364,2.138422745576819,-0.8279625703685771,0.6136024549314787,-1.5525702282854126
-0.04539499357114716,-0.5853353757138736,-0.19874306512441883,0.07923841357741651,-0.4720852672558264,-0.10978533732117574,0.7607544946699442,-0.6850459619661544,0.29395387026628855,1.4945939454286465,1.6522348911110634
-1.1991297997008237,-0.005199400935278622,0.04629364818471899,-0.3939120873168198,-0.645246952043448,0.2970057956340885,-0.885674976616493,-1.4425619566728,1.2838801414146965,-0.8840830789137074,1.816583871592935
0.06997848704182111,2.0252765107898028,-0.7704953961790733,-0.9699213927532815,0.13398062950084852,-1.2720457171933592,-0.28275714206089625,-0.20299032897102656,-0.16801172293630404,0.17310670968289424,-0.9773487965988648
-0.6222623966359855,-1.358850008752,0.4546881703666149,-0.9699213927532815,-0.08247147648367845,-0.5165764702764399,-0.49145946940706436,-0.6161808715382845,0.4259440397527402,0.349305007782328,-0.23777838443044702
0.41609892888072386,-0.2952673883245763,0.4546881703666149,2.681566168495716,-0.3422140036651105,0.4132318336213069,0.41291728242633063,2.103990200362884,-1.4879134178008473,-0.1792898865159733,-1.3060467575626062
0.5314724094936911,-0.005199400935278622,0.2096514570574771,1.3958311117179,-0.25563316127129976,0.18077975764687015,0.06508007018271719,1.4497718412980432,0.6899243787256494,2.6398828830749648,-0.8129998161169948
0.41609892888072386,-0.875403363103171,0.4546881703666149,-0.9699213927532815,-0.4287948460589213,-0.16789835631478492,-1.2103230413771988,-0.6850459619661544,-0.2340068076795299,0.08500756063317735,-0.07342940394857704
0.6468458901066594,-0.6820247048436395,-0.5254586828699355,-0.9699213927532815,-0.21234274007439433,-0.4584634512828308,-0.885674976616493,-0.3751530550407014,-0.03602155344984944,-1.4126779732120083,-0.6486508356351234
-0.04539499357114716,-0.1985780591948104,-0.9338532050518316,0.3672430662956474,0.04739978710703774,1.2849271185254445,1.6883203939862468,0.7266883918053323,-0.6299773161388937,-0.1792898865159733,-1.3060467575626062
0.6468458901066594,0.28486858645401847,-0.4437797784335562,-0.8876343491195011,0.17727105069775392,-0.10978533732117574,-0.004487372266005494,-0.3062879646128315,0.7559194634688782,0.6136024549314787,-0.07342940394857704
0.18535196765478837,-0.5853353757138736,-0.19874306512441883,-0.6613449791266055,-0.6885373732403534,0.3551188146276977,-0.02767651974891306,-1.3736968662449303,-0.2340068076795299,-1.0602813770131412,1.7344093813519985
0.18535196765478837,-0.6820247048436395,-0.4437797784335562,0.5729606753800979,-0.039181055286773056,0.12266673865326098,1.9665901637811374,0.5545256657356192,0.3599489550095144,0.43740415683204487,-0.15560389418951204
0.18535196765478837,-0.6820247048436395,-0.4437797784335562,0.5523889144716528,-0.039181055286773056,0.12266673865326098,1.9434010162982298,0.5545256657356192,0.3599489550095144,0.43740415683204487,-0.15560389418951204
0.06997848704182111,-0.48864604658410776,0.37300926593023565,0.4906736317463179,0.04739978710703774,0.7037969285893527,0.5752413148066836,0.5545256657356192,0.9539047176985587,0.2612058587326111,-0.07342940394857704
-0.04539499357114716,0.09148992819448672,1.353156119166786,1.5192616771685707,0.30714231428846983,0.7619099475829619,1.3172940342597257,1.243176570014395,-0.6959724008821225,-0.35548818461540654,-0.9773487965988648
1.1083398125585295,-0.6820247048436395,-0.5254586828699355,-0.9699213927532815,0.22056147189465902,-0.8652545842380951,-1.1175664514455685,-0.06526014811524845,-0.8939576551118029,-0.26738903556568966,-1.2238722673216713
0.3007254482677556,0.28486858645401847,1.1081194058576482,1.5809769598939059,0.437013577879186,1.110588061544617,1.3868614767084484,1.3809067508701731,-0.6299773161388937,-0.003091588416539527,-1.0595232868397997
-0.5068889160230172,0.5749365738433161,-1.914000058288382,-0.9904931536617264,0.09069020830394313,-0.9233676032317042,-1.2335121888601064,-0.3751530550407014,0.09596861603660517,-0.9721822279634242,-0.6486508356351234
0.6468458901066594,-1.2138160150573514,0.04629364818471899,-0.7436320227603859,-0.039181055286773056,2.243791931919996,1.7810769839178768,-0.13412523854315664,-0.10201663819307528,1.054098200180062,-0.5664763453941885
0.41609892888072386,2.6054124855683978,-1.9956789627247613,-0.9082061100279463,2.6881154801182645,-1.0977066602125318,0.3201606924947004,0.003604942312621482,-0.8279625703685771,0.7017016039811945,-1.1416977770807362
0.18535196765478837,-0.48864604658410776,0.2096514570574771,0.24381250084497694,-0.775118215634164,-0.22601137530839407,-0.7697292392019551,-0.5473157811104145,1.0198998024417874,-0.1792898865159733,1.2413624399063872
0.06997848704182111,-0.7787140339734051,0.2913303614938564,0.05866665266897152,-0.8184086368310695,-0.6328025082636584,-0.9320532715823081,-0.6161808715382845,1.2178850566714678,-0.003091588416539527,1.323536930147322
-0.853009357861921,-0.005199400935278622,-0.11706416068803956,-0.7024885009434957,-0.16905231887748895,-0.6909155272572675,1.885428147590961,-0.09969269332918343,0.491939124495969,0.9659990511303452,-0.6486508356351234
-0.2761419547970827,-1.1654713504924683,-0.11706416068803956,-0.9287778709363915,-0.4720852672558264,0.8200229665765711,1.1317808543964651,-1.0982365045334122,1.0198998024417874,1.3183956473292127,1.4878859106291935
-0.7376358772489527,0.6716259029730814,-2.4040734849066574,-0.9699213927532815,0.6101752626668073,-0.6909155272572675,-0.6769726492703249,-0.13412523854315664,0.4259440397527402,0.43740415683204487,-1.1416977770807362
-0.1607684741841144,-0.5853353757138736,0.2913303614938564,-0.8876343491195011,-0.775118215634164,-0.6328025082636584,-0.8161075341677703,-0.8572086880358675,0.6239292939824236,0.8778999020806283,0.8304899887017108
-0.853009357861921,0.9616938903623791,-1.0972110139245899,0.14095369630275165,-0.5586661096496373,-0.5746894892700491,-0.004487372266005494,0.003604942312621482,0.6899243787256494,1.7588913925777963,-0.15560389418951204
-0.9683828384748883,-0.2952673883245763,-0.4437797784335562,-0.7642037836688309,-0.8616990580279749,1.110588061544617,-0.2595679945779887,-1.3736968662449303,1.547860480387606,1.4064947963789296,1.89875836183387
-0.2761419547970827,2.3153444981791003,0.8630826925485108,1.292972307175675,0.09069020830394313,1.110588061544617,2.4999405558880112,1.2776091152283684,0.4259440397527402,0.43740415683204487,-1.0595232868397997
0.06997848704182111,-0.39195671745434213,0.2096514570574771,3.06214374530195,-0.645246952043448,0.2970057956340885,0.04189092269980963,1.2776091152283684,0.02997353129337933,-1.4126779732120083,0.33744304725609936
0.3007254482677556,0.3815579155837844,-0.11706416068803956,1.0461111762743343,-0.3422140036651105,-1.0977066602125318,-1.6509168435524426,-0.030827602901313488,0.29395387026628855,-0.7959839298639905,0.7483154984607757
-1.1991297997008237,-0.005199400935278622,-0.5254586828699355,-0.6819167400350507,0.35043273548537524,-0.28412439430200326,0.4361064299092382,-0.8227761428219325,2.207811327819876,-0.6197856317645573,1.4878859106291935
-0.39151543541004996,1.2517618777516761,-0.7704953961790733,1.663264003527686,0.09069020830394313,-0.6328025082636584,-0.561026911855787,1.5186369317259132,1.6138555651308317,0.349305007782328,-0.6486508356351234
-0.5068889160230172,-0.005199400935278622,-0.3621008739971774,-0.8876343491195011,0.2638518930915644,-0.05167231832756655,-0.23637884709508114,-0.3062879646128315,1.877835904103741,0.6136024549314787,-0.07342940394857704
0.41609892888072386,3.088859131217226,-1.0972110139245899,0.8198218062814387,1.0430794746358611,-0.8071415652444859,0.8535110846015743,1.1398789343725901,-1.0919429093414863,0.43740415683204487,-1.2238722673216713
-0.853009357861921,-0.7787140339734051,-0.688816491742694,-0.9699213927532815,-0.3422140036651105,-0.05167231832756655,-0.21318969961217357,-0.5817483263243495,0.29395387026628855,-0.44358733366512343,-0.40212736491231843
-1.0837563190878554,1.7352085234005057,-1.5872844405428652,-0.6613449791266055,-0.16905231887748895,-0.4584634512828308,0.5288630198408685,-0.23742287418496152,1.7458457346172862,0.17310670968289424,0.008745086292357939
-0.9683828384748883,-0.1018887300650445,-0.5254586828699355,-0.8876343491195011,0.004109365910132342,-0.16789835631478492,-0.561026911855787,-0.47845069068254453,1.4158703109011512,0.17310670968289424,-0.07342940394857704
-0.5068889160230172,1.2517618777516761,-0.7704953961790733,1.663264003527686,0.09069020830394313,-0.6328025082636584,-0.561026911855787,1.5186369317259132,1.6138555651308317,0.349305007782328,-0.6486508356351234
-0.6222623966359855,-0.48864604658410776,-0.19874306512441883,-0.9082061100279463,-1.0348607428155963,-1.3882717551805777,-1.2798904838259215,-1.5802921375285783,0.6899243787256494,-0.7959839298639905,1.89875836183387
0.3007254482677556,-0.6820247048436395,-0.5254586828699355,0.5523889144716528,0.437013577879186,-0.5165764702764399,-0.6074052068216022,0.6233907561635273,-1.6199035872873018,0.2612058587326111,-0.8951743063579298
-0.9683828384748883,0.8650045612326133,-0.11706416068803956,-1.0110649145701716,0.30714231428846983,-0.22601137530839407,1.885428147590961,-0.47845069068254453,0.6239292939824236,2.023188839726947,-0.6486508356351234
-0.853009357861921,1.445140536011208,0.1279725526210978,0.6552477190138781,0.5668848414699019,2.7958656123592833,2.5926971458196415,1.1398789343725901,1.151889971928242,0.08500756063317735,-1.7169192087672827
0.18535196765478837,-0.2952673883245763,-0.3621008739971774,1.9101251344290264,0.04739978710703774,0.2970057956340885,0.7839436421528517,1.5186369317259132,0.16196370077983394,-0.35548818461540654,-1.0595232868397997
-1.0837563190878554,-0.2952673883245763,-1.1788899183609691,1.3341158289925652,0.04739978710703774,0.8781359855701802,0.5752413148066836,1.2087440248004602,1.0198998024417874,-0.9721822279634242,-0.8951743063579298
-0.04539499357114716,0.3815579155837844,-1.0155321094882108,-0.7642037836688309,-0.08247147648367845,-1.155819679206141,-1.6045385485866275,-0.20299032897102656,-0.16801172293630404,-0.8840830789137074,-0.9773487965988648
0.41609892888072386,1.058383219492145,2.3333029724033363,1.0461111762743343,0.04739978710703774,1.8079442894679272,0.9462676745332046,1.3120416604423033,-0.2340068076795299,0.08500756063317735,-1.5525702282854126
-0.6222623966359855,-0.6820247048436395,2.0065873546578192,0.8403935671898838,1.51927410780182,-0.05167231832756655,-0.2595679945779887,0.8299860274471372,-1.6199035872873018,-0.26738903556568966,-1.3882212478035412
0.18535196765478837,-1.358850008752,-0.11706416068803956,0.6346759581054331,-0.2989235824682051,1.110588061544617,0.08826921766562476,0.6233907561635273,0.16196370077983394,-0.5316864827148403,-0.9773487965988648
0.41609892888072386,0.09148992819448672,1.5981928324759238,2.5169920812281554,0.04739978710703774,1.401153156512663,1.0390242644648349,1.862962383865301,-0.6959724008821225,0.2612058587326111,-0.8129998161169948
2.0313276574622705,0.8650045612326133,2.9867342078943695,1.2826864267214526,-0.2989235824682051,-0.8071415652444859,0.48248472487505334,1.553069476939848,-1.2899281635711668,2.1112879887766636,-1.0595232868397997
-0.39151543541004996,0.9616938903623791,0.04629364818471899,-0.5173426527674903,-0.4287948460589213,-0.05167231832756655,1.456428919157171,-0.030827602901313488,-0.3659969771659845,2.375585435925814,-0.4843018551532534
-0.2761419547970827,-0.39195671745434213,-0.3621008739971774,-0.805347305485721,-0.9915703216186909,-0.9233676032317042,-1.1871338938942912,-1.3048317758170602,0.3599489550095144,-0.35548818461540654,1.5700604008701284
0.18535196765478837,-1.0687820213627024,-0.19874306512441883,-0.2293380000492594,-0.5153756884527319,-0.05167231832756655,-0.12043310968054331,0.2102002135962313,1.0858948871850131,-0.0911907374662564,-0.8129998161169948
-1.5452502415397265,-1.1654713504924683,-0.9338532050518316,-0.2910532827745945,-0.6885373732403534,-0.28412439430200326,-0.8161075341677703,0.003604942312621482,0.29395387026628855,-1.1483805260628581,-0.9773487965988648
0.18535196765478837,-0.39195671745434213,1.4348350236031653,1.0461111762743343,-0.7318277944372586,1.168701080538226,2.0825359011956754,0.9332836630889804,-1.0919429093414863,1.054098200180062,-0.8951743063579298
0.6468458901066594,-0.005199400935278622,0.2096514570574771,-0.9904931536617264,-0.775118215634164,0.4132318336213069,-0.7465400917190476,-1.5458595923146434,-1.3559232483143926,-0.8840830789137074,1.4878859106291935
0.18535196765478837,-0.5853353757138736,-0.4437797784335562,-0.9082061100279463,-0.3855044248620159,-0.34223741329561247,-0.5146486168899719,-0.3751530550407014,-0.5639822313956678,0.5255033058817618,-0.07342940394857704
0.3007254482677556,2.6054124855683978,-1.6689633449792445,-0.8670625882110562,1.172950738226577,-0.8071415652444859,0.6448087572554063,0.07247003274049142,-1.4879134178008473,0.7898007530309115,-1.1416977770807362
-0.6222623966359855,-0.5853353757138736,-0.03538525625166028,-0.8670625882110562,-0.21234274007439433,1.8660573084615364,0.6216196097724987,-0.34072050982676644,0.8219145482121041,0.6136024549314787,-0.15560389418951204
-0.1607684741841144,1.831897852530271,0.04629364818471899,0.6141041971969882,-0.12576189768058385,-0.22601137530839407,0.8071327896357593,0.8988511178750072,0.16196370077983394,0.9659990511303452,-1.1416977770807362
-1.0837563190878554,0.7683152321028474,0.618045979239373,-0.9493496318448365,0.04739978710703774,0.5875708906021344,-0.7697292392019551,-0.7194785071800893,0.8879096329553328,0.17310670968289424,0.008745086292357939
-1.1991297997008237,-0.2952673883245763,-0.7704953961790733,1.5192616771685707,-0.08247147648367845,0.3551188146276977,-0.004487372266005494,1.174311479586525,0.9539047176985587,-0.6197856317645573,-0.8951743063579298
-0.7376358772489527,0.8650045612326133,-0.2804219695607981,0.14095369630275165,12.991235724981738,2.5634135363848465,1.456428919157171,0.5545256657356192,0.6239292939824236,0.7898007530309115,-0.8129998161169948
-0.7376358772489527,-0.9720926922329369,0.37300926593023565,-0.9082061100279463,-0.775118215634164,0.0645537196596518,-0.4682703219241568,-0.2718554193988965,1.811840819360515,0.43740415683204487,-0.7308253258760599
-0.9683828384748883,-1.1654713504924683,0.2913303614938564,-0.9082061100279463,-0.90498947922488,0.47134485261491604,-0.4682703219241568,-0.34072050982676644,1.7458457346172862,0.17310670968289424,-0.7308253258760599
-0.2761419547970827,0.5749365738433161,-0.4437797784335562,-0.9493496318448365,-0.4720852672558264,-0.16789835631478492,-1.094377303962661,-0.7539110523940243,-0.6299773161388937,-0.6197856317645573,0.09091957653329293
0.6468458901066594,0.09148992819448672,-0.3621008739971774,-0.8876343491195011,-0.039181055286773056,1.0524750425510079,0.9926459694990197,-0.06526014811524845,0.9539047176985587,1.6707922435280802,-0.07342940394857704
0.6468458901066594,-0.1985780591948104,-0.19874306512441883,0.34667130538720226,0.04739978710703774,0.9943620235573987,0.923078527050297,0.8299860274471372,-0.43199206190921324,-0.35548818461540654,-1.3882212478035412
0.18535196765478837,-0.005199400935278622,0.2096514570574771,-1.0110649145701716,-0.4720852672558264,-1.562610812161405,-1.5581602536208123,-1.3392643210309954,-0.6959724008821225,-0.26738903556568966,1.2413624399063872
0.3007254482677556,-0.48864604658410776,0.4546881703666149,-0.8876343491195011,-0.6019565308465427,-1.3301587361869684,-1.6741059910353502,-1.3736968662449303,0.3599489550095144,-0.7959839298639905,1.7344093813519985
1.1083398125585295,-0.875403363103171,-0.6071375873063147,0.6141041971969882,-0.2989235824682051,0.4132318336213069,1.0390242644648349,0.7611209370192673,-0.10201663819307528,-0.26738903556568966,-0.5664763453941885
-0.6222623966359855,-0.875403363103171,-0.4437797784335562,-0.8464908273026112,-1.0348607428155963,-0.4003504322892216,0.48248472487505334,-1.0638039593194772,0.02997353129337933,1.3183956473292127,0.6661410082198408
-0.04539499357114716,-0.7787140339734051,0.37300926593023565,-0.24990976095770437,-0.25563316127129976,-0.4584634512828308,-0.7929183866848627,0.07247003274049142,1.151889971928242,0.7898007530309115,0.09091957653329293
-1.314503280313791,1.5418298651409739,-1.6689633449792445,0.22324073993653196,-0.90498947922488,-0.4003504322892216,0.8303219371186668,-0.8572086880358675,0.8879096329553328,-0.0911907374662564,1.5700604008701284
0.41609892888072386,1.1550725486219109,2.3333029724033363,1.0049676544574444,-0.21234274007439433,2.040396365442364,1.2013482968451878,1.3120416604423033,-0.7619674856253483,-0.003091588416539527,-1.6347447185263475
-0.04539499357114716,-0.48864604658410776,-0.11706416068803956,-0.8876343491195011,-0.8616990580279749,0.47134485261491604,0.22740410256307014,-1.1671015949613204,0.6239292939824236,0.43740415683204487,1.5700604008701284
-1.314503280313791,0.5265919092784331,0.04629364818471899,-1.0110649145701716,-0.25563316127129976,-1.2720457171933592,0.8535110846015743,-0.6161808715382845,0.491939124495969,1.4945939454286465,-0.4843018551532534
0.41609892888072386,-0.005199400935278622,1.679871736912303,2.2187015480557024,-0.039181055286773056,1.110588061544617,1.456428919157171,1.794097293437431,-0.7619674856253483,-0.003091588416539527,-0.8951743063579298
-0.04539499357114716,-0.875403363103171,2.0065873546578192,1.7044075253445758,-0.3422140036651105,0.9362490045637895,0.6216196097724987,1.2776091152283684,-0.4979871466524391,-0.0911907374662564,-0.8129998161169948
-0.5068889160230172,0.1881792573242526,-0.2804219695607981,-0.7539179032146084,-0.3422140036651105,-1.562610812161405,1.6883203939862468,-0.030827602901313488,0.02997353129337933,1.142197349229779,-0.5664763453941885
-0.39151543541004996,0.1881792573242526,-0.3621008739971774,-0.7539179032146084,-0.3855044248620159,-1.562610812161405,1.6883203939862468,-0.030827602901313488,-0.03602155344984944,1.142197349229779,-0.5664763453941885
1.1083398125585295,-0.9720926922329369,-0.19874306512441883,1.292972307175675,0.30714231428846983,0.6456839095957436,0.06508007018271719,1.4497718412980432,-0.8939576551118029,0.349305007782328,-1.3882212478035412
0.5314724094936911,2.2186551690493346,-0.6071375873063147,-0.5379144136759353,1.908887898573968,-1.6207238311550143,-0.05086566723182062,0.2102002135962313,-1.223933078827941,0.2612058587326111,-1.470395738044476
-0.9683828384748883,-0.39195671745434213,-0.5254586828699355,-0.8259190663941661,0.09069020830394313,0.2970057956340885,0.7607544946699442,0.003604942312621482,2.9337572599953776,0.43740415683204487,-0.4843018551532534
-1.0837563190878554,3.282237789476758,-0.4437797784335562,-0.4967708918590451,-0.2989235824682051,1.168701080538226,0.343349839977608,-1.0638039593194772,1.6138555651308317,-0.44358733366512343,1.159187949665452
-0.1607684741841144,-0.1018887300650445,-1.7506422494156237,-0.9493496318448365,-0.21234274007439433,1.5754922134934903,0.01870177521690207,-0.5817483263243495,0.09596861603660517,-0.6197856317645573,-0.4843018551532534
1.1083398125585295,0.5749365738433161,0.1279725526210978,-0.8464908273026112,-0.16905231887748895,-1.562610812161405,0.6911870522212215,-1.0293714141055423,-0.5639822313956678,-0.7078847808142741,1.2413624399063872
0.5314724094936911,-0.1985780591948104,0.2096514570574771,-0.14705095641547908,-0.25563316127129976,-0.22601137530839407,0.08826921766562476,-0.23742287418496152,-0.2340068076795299,0.8778999020806283,0.33744304725609936
0.6468458901066594,0.7683152321028474,-0.03538525625166028,-0.9287778709363915,-0.90498947922488,-0.4584634512828308,-1.9059974658644256,-0.7883435976079592,0.09596861603660517,-1.4126779732120083,0.5017920277379693
1.1083398125585295,-0.005199400935278622,-0.11706416068803956,0.6346759581054331,-0.4287948460589213,-0.05167231832756655,-0.5146486168899719,0.4856605753077493,-0.16801172293630404,-0.8840830789137074,-0.23777838443044702
-0.853009357861921,0.28486858645401847,-0.6071375873063147,-0.7642037836688309,0.22056147189465902,-0.4003504322892216,0.6911870522212215,-0.40958560025463636,1.151889971928242,-0.1792898865159733,-0.15560389418951204
-0.04539499357114716,-0.9720926922329369,0.2913303614938564,-0.8876343491195011,0.3937231566822806,0.7037969285893527,0.38972813494342307,-0.13412523854315664,-0.7619674856253483,-0.35548818461540654,-1.2238722673216713
0.6468458901066594,-1.2621606796222342,0.6997248836757523,-0.8670625882110562,-0.039181055286773056,0.8200229665765711,0.38972813494342307,-0.6161808715382845,-1.2899281635711668,0.9659990511303452,-0.15560389418951204
-1.0837563190878554,-1.4555393378817658,-0.4437797784335562,-0.8259190663941661,0.17727105069775392,-0.8652545842380951,-1.3726470737575518,-0.6850459619661544,1.547860480387606,1.3183956473292127,0.17309406677422937
0.41609892888072386,0.5749365738433161,0.04629364818471899,1.3752593508094553,0.09069020830394313,-1.6207238311550143,-2.230645530625132,0.14133512316836136,-0.03602155344984944,-0.7959839298639905,0.9126644789426457
1.2237132931714978,-0.875403363103171,-0.6071375873063147,-0.7847755445772759,-0.2989235824682051,-1.562610812161405,0.1346475126314399,0.14133512316836136,-0.9599527398550317,2.1993871378263807,-0.6486508356351234
0.06997848704182111,-0.2952673883245763,0.5363670748029942,-0.9493496318448365,-0.3422140036651105,-0.7490285462508767,-0.8392966816506778,-1.2703992306031253,-1.0919429093414863,-0.8840830789137074,0.6661410082198408
-1.1991297997008237,0.7683152321028474,-0.11706416068803956,-0.8670625882110562,-0.5586661096496373,-0.7490285462508767,-0.9552424190652156,-1.3736968662449303,-1.0919429093414863,-0.9721822279634242,0.5017920277379693
-1.4298767609267593,0.6716259029730814,0.2913303614938564,-1.0110649145701716,-0.3422140036651105,-1.6788368501486235,-1.5117819586549972,-1.2359666853891904,1.151889971928242,-1.3245788241622913,0.6661410082198408
-1.0837563190878554,0.3815579155837844,0.4546881703666149,-0.5379144136759353,2.9478580072996965,-0.6328025082636584,0.06508007018271719,-0.13412523854315664,-0.6959724008821225,-0.35548818461540654,-1.1416977770807362
0.41609892888072386,0.28486858645401847,1.0264405014212694,-0.18819447823236923,-0.25563316127129976,-1.8531759071294511,-2.508915300420022,-1.0982365045334122,-1.0259478245982576,0.349305007782328,1.5700604008701284
-0.853009357861921,-0.005199400935278622,-0.9338532050518316,-0.8464908273026112,-0.5153756884527319,-0.16789835631478492,-0.49145946940706436,-1.3736968662449303,1.0858948871850131,-0.44358733366512343,1.6522348911110634
-1.8913706833786292,0.7683152321028474,-2.5674312937794155,-0.8876343491195011,-0.645246952043448,-0.6328025082636584,-0.7697292392019551,-1.4425619566728,1.6138555651308317,-1.2364796751125748,1.323536930147322
-1.4298767609267593,-0.875403363103171,1.1081194058576482,-0.2910532827745945,-0.6885373732403534,-0.9233676032317042,-0.5842160593386946,-0.5473157811104145,2.4057965820495593,-0.35548818461540654,0.5017920277379693
-0.5068889160230172,-1.745607325271063,0.1279725526210978,-0.2087662391408142,0.09069020830394313,-0.22601137530839407,-0.7929183866848627,0.31349784923807444,1.547860480387606,2.6398828830749648,-0.7308253258760599
-0.5068889160230172,-0.9720926922329369,1.1897983102940275,-0.3939120873168198,6.0647683334768825,1.6917182514807088,0.29697154501179285,0.2446327588102045,-0.8939576551118029,-0.7959839298639905,-1.0595232868397997
0.6468458901066594,-0.2952673883245763,0.2096514570574771,1.4986899162601255,0.913208211045145,1.0524750425510079,0.9462676745332046,1.3120416604423033,-1.223933078827941,-0.0911907374662564,-1.3060467575626062
1.2237132931714978,0.6232812384081985,1.4348350236031653,1.930696895337472,0.04739978710703774,1.110588061544617,0.7839436421528517,1.6907996577956261,-0.6959724008821225,0.17310670968289424,-1.2238722673216713
-0.853009357861921,-0.39195671745434213,-0.2804219695607981,-0.9082061100279463,-0.039181055286773056,-0.7490285462508767,-1.7668625809669805,-0.6161808715382845,0.7559194634688782,0.43740415683204487,-0.15560389418951204
-0.04539499357114716,-0.2952673883245763,-0.7704953961790733,-0.280767402320372,0.30714231428846983,0.3551188146276977,1.7115095414691543,0.5889582109495924,1.151889971928242,1.5826930944783633,-0.8951743063579298
-0.1607684741841144,0.28486858645401847,-0.19874306512441883,0.8198218062814387,-0.25563316127129976,-1.4463847741741869,0.8767002320844819,0.5200931205216842,1.7458457346172862,0.5255033058817618,0.6661410082198408
0.41609892888072386,1.7352085234005057,2.578339685712474,0.922680610823664,0.17727105069775392,2.389074479404019,1.2709157392939106,1.3120416604423033,-0.2340068076795299,-0.6197856317645573,-1.5525702282854126
-1.5452502415397265,0.6716259029730814,0.1279725526210978,-0.9904931536617264,-0.039181055286773056,-1.21393269819975,0.6911870522212215,-0.6161808715382845,0.9539047176985587,1.6707922435280802,-0.5664763453941885
-0.1607684741841144,-0.39195671745434213,0.618045979239373,0.5729606753800979,-0.4287948460589213,-0.34223741329561247,0.2505932500459777,0.4856605753077493,0.16196370077983394,1.142197349229779,-0.5664763453941885
-0.04539499357114716,-0.005199400935278622,-1.3422477272337274,1.6426922426192412,0.04739978710703774,0.8200229665765711,0.5752413148066836,1.553069476939848,0.09596861603660517,0.17310670968289424,-1.3060467575626062
-0.5068889160230172,-1.1654713504924683,-0.9338532050518316,-0.9287778709363915,-0.25563316127129976,0.3551188146276977,0.2737823975288853,-0.1685577837570916,1.9438309888469696,0.7898007530309115,-0.4843018551532534
-0.6222623966359855,-0.1985780591948104,-0.7704953961790733,0.2643842617534221,-0.2989235824682051,0.18077975764687015,0.8071327896357593,0.6922558465913974,1.9438309888469696,1.3183956473292127,-0.7308253258760599
0.9929663319455622,-0.5853353757138736,0.6997248836757523,-0.8259190663941661,0.2638518930915644,-1.4463847741741869,-1.1639447464113837,-0.5473157811104145,0.6899243787256494,-0.003091588416539527,0.9948389691835822
-0.39151543541004996,-0.9720926922329369,-0.19874306512441883,-0.8670625882110562,-0.08247147648367845,-0.28412439430200326,-0.23637884709508114,-0.34072050982676644,1.9438309888469696,0.08500756063317735,-0.31995287467138345
0.18535196765478837,0.1881792573242526,1.4348350236031653,1.5809769598939059,0.17727105069775392,0.2970057956340885,0.714376199704129,1.3120416604423033,-0.8279625703685771,0.2612058587326111,-0.8129998161169948
2.723568541140076,-0.2952673883245763,0.04629364818471899,-0.9699213927532815,-0.8616990580279749,-0.22601137530839407,-1.0248098615139383,-0.7539110523940243,-1.7518937567737565,-1.0602813770131412,0.5839665179789058
1.1083398125585295,-0.005199400935278622,0.04629364818471899,-0.8876343491195011,-0.775118215634164,-0.16789835631478492,-0.4450811744412492,-1.2703992306031253,-1.2899281635711668,-0.9721822279634242,1.2413624399063872
1.800580696236336,0.6716259029730814,3.0684131123307488,1.292972307175675,0.004109365910132342,-0.7490285462508767,0.5288630198408685,1.5186369317259132,-1.4219183330576213,1.4064947963789296,-0.9773487965988648
-0.853009357861921,1.2517618777516761,-0.7704953961790733,-0.8876343491195011,0.13398062950084852,-1.0977066602125318,-0.004487372266005494,-0.2718554193988965,0.8219145482121041,0.08500756063317735,-0.15560389418951204
-1.0837563190878554,-0.6820247048436395,-0.7704953961790733,1.2724005462672299,-0.08247147648367845,1.0524750425510079,0.6448087572554063,1.0710138439447203,0.3599489550095144,-0.8840830789137074,-0.8951743063579298
0.41609892888072386,0.5749365738433161,0.8630826925485108,-0.3527685654999297,0.04739978710703774,0.9362490045637895,0.15783666011434747,-0.9605063236776724,-1.223933078827941,2.375585435925814,1.4057114203882586
-0.1607684741841144,-0.6820247048436395,0.6997248836757523,0.6552477190138781,0.13398062950084852,-0.22601137530839407,0.29697154501179285,0.5200931205216842,-0.4979871466524391,2.1993871378263807,-0.5664763453941885
-1.0837563190878554,0.8650045612326133,-1.914000058288382,-0.8876343491195011,0.4803039990760914,0.23889277664047934,-0.21318969961217357,-0.47845069068254453,0.29395387026628855,-0.0911907374662564,-0.40212736491231843
0.9929663319455622,0.5749365738433161,-0.5254586828699355,0.5935324362885431,0.7400465262575234,0.23889277664047934,1.08540255943065,1.0710138439447203,-0.6959724008821225,1.230296498279496,-1.1416977770807362
0.6468458901066594,0.1881792573242526,-0.9338532050518316,-0.9287778709363915,0.004109365910132342,-1.0977066602125318,-0.05086566723182062,-0.34072050982676644,-0.7619674856253483,2.4636845849755313,-0.15560389418951204
-0.04539499357114716,2.2186551690493346,-0.2804219695607981,-0.3527685654999297,0.8699177898482396,0.18077975764687015,0.6448087572554063,0.2446327588102045,0.02997353129337933,-0.6197856317645573,-1.2238722673216713
1.1083398125585295,-0.5853353757138736,0.37300926593023565,0.9021088499152191,0.5668848414699019,-0.4003504322892216,-0.885674976616493,1.0021487535168503,-0.4979871466524391,-0.1792898865159733,-0.4843018551532534
0.41609892888072386,0.6716259029730814,0.04629364818471899,1.3341158289925652,0.22056147189465902,-1.6788368501486235,-2.323402120556762,0.2102002135962313,-0.43199206190921324,-0.8840830789137074,0.7483154984607757
-0.9683828384748883,-0.1985780591948104,1.353156119166786,-0.7642037836688309,0.09069020830394313,1.401153156512663,0.36653898746051555,-0.34072050982676644,-0.7619674856253483,1.054098200180062,-0.6486508356351234
-0.853009357861921,-0.1985780591948104,1.4348350236031653,-0.7642037836688309,0.17727105069775392,1.5173791944998813,0.38972813494342307,-0.3062879646128315,-0.7619674856253483,0.9659990511303452,-0.6486508356351234
-0.39151543541004996,-0.005199400935278622,-0.5254586828699355,-0.14705095641547908,-0.25563316127129976,0.5294578716085252,0.9694568220161122,0.3479303944520094,-0.03602155344984944,1.7588913925777963,-0.9773487965988648
0.6468458901066594,1.2517618777516761,2.6600185901488533,1.0049676544574444,0.22056147189465902,2.447187498397628,1.3172940342597257,1.3120416604423033,-0.9599527398550317,-0.26738903556568966,-1.5525702282854126
-0.39151543541004996,-0.005199400935278622,-0.3621008739971774,-0.6613449791266055,-0.3422140036651105,-0.5165764702764399,-0.7001617967532324,-0.8916412332498024,0.8219145482121041,-0.7078847808142741,0.8304899887017108
-0.1607684741841144,0.5749365738433161,1.679871736912303,2.1364145044219223,0.04739978710703774,0.5294578716085252,1.0158351169819273,1.6907996577956261,-1.0259478245982576,0.6136024549314787,-1.470395738044476
0.41609892888072386,-0.7787140339734051,0.04629364818471899,-0.6613449791266055,-0.6019565308465427,0.8200229665765711,0.3201606924947004,-1.3048317758170602,-0.2340068076795299,-0.8840830789137074,1.7344093813519985
0.6468458901066594,-0.7787140339734051,-0.03538525625166028,-0.8259190663941661,-0.4720852672558264,0.23889277664047934,0.01870177521690207,-0.9605063236776724,-0.16801172293630404,-0.44358733366512343,0.9126644789426457
1.5698337350103995,-0.5853353757138736,-0.2804219695607981,-0.8464908273026112,0.04739978710703774,0.7037969285893527,1.1085917069135576,-0.1685577837570916,-0.43199206190921324,0.08500756063317735,-0.31995287467138345
1.5698337350103995,-0.48864604658410776,-0.3621008739971774,-0.8464908273026112,0.04739978710703774,0.7037969285893527,1.1549700018793727,-0.1685577837570916,-0.43199206190921324,0.08500756063317735,-0.31995287467138345
0.3007254482677556,-0.5853353757138736,-0.03538525625166028,-0.6407732182181606,-0.5586661096496373,0.7619099475829619,0.36653898746051555,-1.3392643210309954,-0.30000189242275865,-0.9721822279634242,1.7344093813519985
-0.9683828384748883,0.9616938903623791,-0.6071375873063147,0.017523130852081365,-0.5153756884527319,0.4132318336213069,-0.07405481471472819,-0.8916412332498024,1.2178850566714678,-0.9721822279634242,1.4057114203882586
-1.314503280313791,-0.9720926922329369,-0.9338532050518316,-0.3527685654999297,-0.16905231887748895,-0.5746894892700491,-0.6074052068216022,0.07247003274049142,1.0198998024417874,-0.8840830789137074,-0.9773487965988648
0.5314724094936911,0.1881792573242526,-0.9338532050518316,0.09981017448586167,0.437013577879186,0.5294578716085252,0.714376199704129,0.31349784923807444,-0.43199206190921324,-1.2364796751125748,-0.40212736491231843
0.6468458901066594,-0.39195671745434213,-0.9338532050518316,0.984395893548999,-0.16905231887748895,-0.5165764702764399,-1.303079631308829,0.5545256657356192,-2.213859349976349,-1.1483805260628581,-0.7308253258760599
-0.2761419547970827,-0.2952673883245763,-0.2804219695607981,-0.8876343491195011,0.004109365910132342,-0.16789835631478492,-0.07405481471472819,-0.2718554193988965,1.481865395644377,0.17310670968289424,-0.40212736491231843
0.6468458901066594,-0.1985780591948104,-0.2804219695607981,0.4083865881125376,0.13398062950084852,0.18077975764687015,0.45929557739214577,0.8644185726610721,-0.43199206190921324,-0.0911907374662564,-1.3882212478035412
-0.853009357861921,0.3815579155837844,-0.688816491742694,-0.8670625882110562,-0.5153756884527319,0.12266673865326098,-0.02767651974891306,-0.6161808715382845,1.811840819360515,0.08500756063317735,0.17309406677422937
0.06997848704182111,-0.005199400935278622,-0.5254586828699355,-0.7847755445772759,-0.4287948460589213,0.4132318336213069,-0.3755137319925265,-0.40958560025463636,1.481865395644377,-0.003091588416539527,0.17309406677422937
0.18535196765478837,-0.48864604658410776,-0.03538525625166028,-0.02362039096480879,-0.25563316127129976,-0.5746894892700491,-0.02767651974891306,0.41679548487987933,-0.03602155344984944,0.7898007530309115,-0.8951743063579298
0.3007254482677556,0.28486858645401847,1.353156119166786,1.7661228080699112,0.5668848414699019,-1.6788368501486235,0.2505932500459777,1.553069476939848,-1.6858986720305307,-0.44358733366512343,-1.2238722673216713
0.5314724094936911,-0.7787140339734051,0.2913303614938564,-0.9699213927532815,-0.3855044248620159,0.7619099475829619,-0.42189202695834166,-0.6161808715382845,0.8219145482121041,-0.003091588416539527,0.2552685570151644
0.06997848704182111,1.2517618777516761,-0.03538525625166028,0.8609653280983287,-0.12576189768058385,-0.4003504322892216,0.343349839977608,1.0365812987307852,0.02997353129337933,0.2612058587326111,-0.9773487965988648
-0.5068889160230172,1.6385191942707398,-2.1590367715975196,-0.9904931536617264,-0.6885373732403534,-1.4463847741741869,-0.14362225716345087,-1.1326690497473473,-1.4879134178008473,-1.853173718460592,0.17309406677422937
-0.5068889160230172,1.8802425170951538,-2.240715676033899,-1.0110649145701716,-0.6885373732403534,-1.504497793167796,-0.14362225716345087,-1.1671015949613204,-1.4879134178008473,-1.7650745694108756,0.17309406677422937
-0.6222623966359855,-0.1018887300650445,0.37300926593023565,-1.0316366754786166,0.22056147189465902,-1.6207238311550143,0.06508007018271719,-0.40958560025463636,1.6798506498740604,0.08500756063317735,-0.07342940394857704
0.18535196765478837,0.09148992819448672,0.2913303614938564,-0.2087662391408142,-0.5153756884527319,-0.5165764702764399,-0.23637884709508114,-0.34072050982676644,-0.16801172293630404,-0.44358733366512343,0.17309406677422937
-1.0837563190878554,-0.1018887300650445,-0.3621008739971774,1.1283982199081146,-0.4287948460589213,-0.22601137530839407,-0.5146486168899719,0.38236293966594437,1.0198998024417874,-0.0911907374662564,-0.07342940394857704
0.06997848704182111,-0.875403363103171,0.5363670748029942,-0.9287778709363915,-0.4287948460589213,-1.21393269819975,-1.9059974658644256,-0.9949388688916073,-0.7619674856253483,1.6707922435280802,0.7483154984607757
-0.1607684741841144,0.1881792573242526,0.1279725526210978,-0.9287778709363915,5.8050258062954505,0.0645537196596518,0.5288630198408685,-0.030827602901313488,-0.5639822313956678,0.43740415683204487,-0.9773487965988648
0.41609892888072386,-0.39195671745434213,0.5363670748029942,-0.9287778709363915,-0.039181055286773056,-0.22601137530839407,-0.72335094423614,-0.8227761428219325,-2.0818691804898943,-0.9721822279634242,0.17309406677422937
-0.6222623966359855,-0.1985780591948104,1.2714772147304068,-0.9082061100279463,0.2638518930915644,-0.05167231832756655,-0.07405481471472819,-0.47845069068254453,-1.3559232483143926,1.054098200180062,-0.6486508356351234
0.5314724094936911,-0.2952673883245763,-0.3621008739971774,0.3260995444787573,0.13398062950084852,0.18077975764687015,0.48248472487505334,0.9332836630889804,1.547860480387606,-0.9721822279634242,-0.8129998161169948
-0.853009357861921,-0.005199400935278622,-0.688816491742694,2.4347050375943757,-0.08247147648367845,0.7619099475829619,0.552052167323776,1.897394929079236,0.9539047176985587,-0.0911907374662564,-0.8951743063579298
0.6468458901066594,0.8650045612326133,0.1279725526210978,-0.04419215187325378,0.6534656838637127,-1.3301587361869684,-1.0016207140310307,0.9332836630889804,1.877835904103741,1.7588913925777963,0.09091957653329293
-0.39151543541004996,0.7683152321028474,-0.4437797784335562,-0.5584861745843802,-0.3855044248620159,-0.34223741329561247,-0.42189202695834166,-1.0293714141055423,0.3599489550095144,1.4064947963789296,1.4878859106291935
0.6468458901066594,-0.39195671745434213,0.5363670748029942,-0.3321968045914847,-0.6019565308465427,-1.504497793167796,-0.9784315665481231,-0.6161808715382845,-0.6959724008821225,-0.8840830789137074,0.41961753749703434
0.7622193707196266,-0.48864604658410776,2.823376399021612,1.0461111762743343,0.04739978710703774,0.12266673865326098,-0.09724396219763574,1.3809067508701731,-1.3559232483143926,-0.9721822279634242,-1.470395738044476
0.7622193707196266,-0.6820247048436395,2.823376399021612,1.0255394153658894,-0.039181055286773056,0.18077975764687015,-0.09724396219763574,1.3809067508701731,-1.2899281635711668,-1.1483805260628581,-1.5525702282854126
1.1083398125585295,0.3815579155837844,-0.03538525625166028,-0.7230602618519408,-0.3855044248620159,-0.9814806222253134,-0.8392966816506778,-0.8916412332498024,0.09596861603660517,1.4064947963789296,0.9126644789426457
1.1083398125585295,-0.1985780591948104,-0.5254586828699355,-0.8259190663941661,0.22056147189465902,0.9943620235573987,1.3404831817426333,-0.34072050982676644,0.22795878552305976,0.08500756063317735,0.2552685570151644
0.9929663319455622,-0.39195671745434213,-0.5254586828699355,-0.8464908273026112,0.22056147189465902,0.9943620235573987,1.2245374443280954,-0.34072050982676644,0.22795878552305976,0.08500756063317735,0.17309406677422937
0.6468458901066594,-0.875403363103171,-0.2804219695607981,-0.9287778709363915,0.4803039990760914,-0.10978533732117574,-0.05086566723182062,-0.2718554193988965,-0.4979871466524391,0.08500756063317735,-0.8129998161169948
-0.39151543541004996,1.7352085234005057,0.618045979239373,2.239273308964148,1.6491453713925361,1.401153156512663,1.9665901637811374,1.897394929079236,-0.10201663819307528,0.7898007530309115,-1.3060467575626062
-0.39151543541004996,-0.1985780591948104,0.7814037881121315,0.6141041971969882,1.6058549501956307,0.8781359855701802,0.7839436421528517,0.9332836630889804,-2.279854434719575,0.08500756063317735,-1.3060467575626062
-1.775997202765662,0.3815579155837844,-1.7506422494156237,0.14095369630275165,-0.12576189768058385,-0.7490285462508767,0.08826921766562476,-0.030827602901313488,1.0858948871850131,0.9659990511303452,-0.15560389418951204
0.41609892888072386,-0.39195671745434213,0.04629364818471899,-0.9904931536617264,-0.039181055286773056,-1.8531759071294511,-1.6972951385182578,-0.8572086880358675,0.22795878552305976,0.17310670968289424,0.6661410082198408
-0.9683828384748883,0.7683152321028474,-2.240715676033899,-0.9287778709363915,0.8699177898482396,-0.4584634512828308,-0.21318969961217357,-0.13412523854315664,0.4259440397527402,0.5255033058817618,-1.0595232868397997
-0.7376358772489527,-0.39195671745434213,-0.3621008739971774,1.5192616771685707,-0.2989235824682051,0.8200229665765711,-0.16681140464635844,0.4856605753077493,0.8879096329553328,-0.26738903556568966,0.33744304725609936
0.8775928513325939,2.702101814698164,-1.7506422494156237,0.922680610823664,2.1686304257554005,-0.7490285462508767,0.923078527050297,1.553069476939848,0.8219145482121041,-0.35548818461540654,-1.2238722673216713
0.18535196765478837,0.3815579155837844,-0.7704953961790733,0.05866665266897152,0.09069020830394313,-0.22601137530839407,2.105725048678583,0.6578233013774624,0.22795878552305976,1.142197349229779,-0.9773487965988648
-1.1991297997008237,0.28486858645401847,-0.03538525625166028,-0.9699213927532815,-0.4287948460589213,-0.6909155272572675,-0.885674976616493,-0.7539110523940243,-0.10201663819307528,0.9659990511303452,-0.07342940394857704
0.18535196765478837,-0.48864604658410776,0.6997248836757523,2.496420320319711,0.17727105069775392,0.0064407006660426236,0.15783666011434747,2.103990200362884,0.16196370077983394,-0.6197856317645573,-1.470395738044476
0.06997848704182111,-0.39195671745434213,-0.03538525625166028,-0.2293380000492594,-0.25563316127129976,-1.0977066602125318,-0.14362225716345087,-0.06526014811524845,0.4259440397527402,1.3183956473292127,0.09091957653329293
-0.9683828384748883,0.09148992819448672,-1.0972110139245899,1.3752593508094553,-0.039181055286773056,0.5875708906021344,1.1549700018793727,1.174311479586525,0.8879096329553328,-0.6197856317645573,-0.8951743063579298
-0.853009357861921,-1.0687820213627024,-0.4437797784335562,-0.2910532827745945,-0.5586661096496373,0.6456839095957436,0.29697154501179285,-0.1685577837570916,1.547860480387606,-0.003091588416539527,0.2552685570151644
-1.0837563190878554,-1.358850008752,-0.688816491742694,-0.2910532827745945,-0.8184086368310695,-0.05167231832756655,0.06508007018271719,-0.13412523854315664,1.9438309888469696,0.17310670968289424,0.17309406677422937
-0.7376358772489527,-1.0687820213627024,-0.4437797784335562,-0.24990976095770437,-0.3855044248620159,0.23889277664047934,-0.09724396219763574,-0.23742287418496152,1.4158703109011512,-0.26738903556568966,0.17309406677422937
0.6468458901066594,-0.005199400935278622,-0.688816491742694,1.23125702445034,0.30714231428846983,-0.5746894892700491,0.2505932500459777,1.3120416604423033,-0.6299773161388937,1.142197349229779,-1.1416977770807362
-1.4298767609267593,0.6716259029730814,-1.5872844405428652,-0.18819447823236923,0.004109365910132342,0.7619099475829619,1.410050624191356,-0.030827602901313488,0.6899243787256494,1.93508969067723,-0.23777838443044702
-1.1991297997008237,0.5265919092784331,-1.5872844405428652,-0.02362039096480879,0.004109365910132342,0.8200229665765711,1.3868614767084484,-0.030827602901313488,0.6899243787256494,1.93508969067723,-0.23777838443044702
-1.4298767609267593,-0.4403013820192251,-0.3621008739971774,-0.9699213927532815,0.04739978710703774,-0.10978533732117574,-0.23637884709508114,-0.9605063236776724,0.9539047176985587,0.08500756063317735,0.33744304725609936
-0.853009357861921,-0.005199400935278622,-0.688816491742694,1.4369746335347906,0.35043273548537524,-0.05167231832756655,1.2013482968451878,1.4153392960841082,0.3599489550095144,-0.5316864827148403,-1.3060467575626062
-0.6222623966359855,-0.6820247048436395,-0.03538525625166028,1.6426922426192412,0.004109365910132342,1.9241703274551456,0.9694568220161122,1.1398789343725901,1.0858948871850131,0.08500756063317735,-0.15560389418951204
-0.5068889160230172,-0.39195671745434213,-0.4437797784335562,1.1489699808165597,0.17727105069775392,-0.05167231832756655,0.5984304622895912,1.0710138439447203,0.7559194634688782,-0.35548818461540654,-0.8951743063579298
-0.5068889160230172,-0.39195671745434213,-0.3621008739971774,1.1283982199081146,0.22056147189465902,-0.16789835631478492,0.6679979047383139,1.0365812987307852,0.7559194634688782,-0.35548818461540654,-0.8951743063579298
-0.6222623966359855,-0.1985780591948104,-0.688816491742694,0.3878148272040924,0.5235944202729967,0.5294578716085252,0.6679979047383139,0.7955534822332022,0.29395387026628855,-0.7078847808142741,-1.3060467575626062
-0.39151543541004996,0.47824724471355023,3.150092016767128,-0.9904931536617264,0.6534656838637127,-1.6207238311550143,0.3201606924947004,-0.2718554193988965,-0.6959724008821225,0.7017016039811945,-0.8951743063579298
0.6468458901066594,-1.6972626607061805,0.04629364818471899,1.292972307175675,0.17727105069775392,1.2849271185254445,0.20421495508016257,1.2087440248004602,-0.2340068076795299,-1.0602813770131412,-1.3060467575626062
-0.9683828384748883,0.3815579155837844,-1.7506422494156237,-0.0030486300563636226,-0.21234274007439433,-0.05167231832756655,1.2245374443280954,0.2102002135962313,-0.2340068076795299,2.023188839726947,-0.4843018551532534
0.3007254482677556,-0.1985780591948104,0.04629364818471899,1.7455510471614666,0.913208211045145,0.0064407006660426236,1.2013482968451878,1.6563671125816912,-0.8279625703685771,0.349305007782328,-1.2238722673216713
-1.0837563190878554,-0.39195671745434213,-0.6071375873063147,1.3135440680841202,0.30714231428846983,-0.05167231832756655,-0.07405481471472819,1.174311479586525,0.9539047176985587,-0.35548818461540654,-0.8951743063579298
-0.39151543541004996,-0.6820247048436395,0.2913303614938564,-0.7024885009434957,0.09069020830394313,2.040396365442364,0.01870177521690207,-0.7194785071800893,0.8879096329553328,2.2874862868760975,0.6661410082198408
0.9929663319455622,-0.1018887300650445,0.1279725526210978,-0.1264791955070341,-0.6885373732403534,-0.28412439430200326,-0.4682703219241568,-0.6161808715382845,-0.5639822313956678,-0.6197856317645573,1.323536930147322
2.4928215799141418,-0.1018887300650445,0.1279725526210978,-0.2087662391408142,-0.775118215634164,-0.4584634512828308,-0.9784315665481231,-0.20299032897102656,-1.0259478245982576,-0.7959839298639905,0.5839665179789058
0.5314724094936911,0.5749365738433161,-1.0155321094882108,-0.5584861745843802,0.17727105069775392,-1.21393269819975,-0.02767651974891306,-0.06526014811524845,0.3599489550095144,-0.44358733366512343,-0.31995287467138345
-0.2761419547970827,-0.1018887300650445,-0.688816491742694,-0.5790579354928254,0.2638518930915644,0.3551188146276977,1.1781591493622803,-0.7883435976079592,0.29395387026628855,-0.7959839298639905,0.5839665179789058
-0.04539499357114716,0.09148992819448672,-1.4239266316701067,-0.9287778709363915,-0.3422140036651105,5.091329862606846,2.256454507317482,-0.5473157811104145,-0.30000189242275865,-0.1792898865159733,-0.4843018551532534
0.3007254482677556,-0.005199400935278622,-0.6071375873063147,-0.8259190663941661,0.13398062950084852,-1.3301587361869684,-1.1871338938942912,-0.13412523854315664,-0.30000189242275865,-0.9721822279634242,-0.9773487965988648
-0.04539499357114716,-0.2952673883245763,0.04629364818471899,1.663264003527686,-0.6019565308465427,0.7037969285893527,-0.09724396219763574,0.4856605753077493,1.151889971928242,0.08500756063317735,1.323536930147322
0.18535196765478837,2.7987911438279287,-1.914000058288382,0.4906736317463179,2.0820495833615897,-0.6909155272572675,1.1781591493622803,1.174311479586525,1.3498752261579225,-0.1792898865159733,-1.1416977770807362
0.3007254482677556,-1.0687820213627024,0.37300926593023565,0.3055277835703123,0.2638518930915644,0.8200229665765711,1.0390242644648349,0.6922558465913974,1.0198998024417874,0.2612058587326111,-0.8129998161169948
1.1083398125585295,-0.005199400935278622,-0.9338532050518316,-0.9287778709363915,0.437013577879186,-0.6328025082636584,-0.16681140464635844,0.2102002135962313,0.5579342092391948,-0.0911907374662564,-0.8951743063579298
-0.04539499357114716,-0.5853353757138736,0.2913303614938564,-0.8670625882110562,-0.4287948460589213,0.18077975764687015,1.3404831817426333,-1.0293714141055423,1.0198998024417874,2.023188839726947,1.5700604008701284
-0.853009357861921,-1.358850008752,-0.688816491742694,-0.9493496318448365,0.04739978710703774,0.12266673865326098,0.8303219371186668,-0.4440181454685714,1.0198998024417874,-0.26738903556568966,-0.4843018551532534
-0.5068889160230172,-0.39195671745434213,1.353156119166786,1.1695417417250047,0.04739978710703774,1.4592661755062721,1.7115095414691543,0.9677162083029154,-0.10201663819307528,0.7017016039811945,-1.0595232868397997
1.1083398125585295,1.348451206881442,-0.6071375873063147,0.6758194799223232,0.5235944202729967,-0.05167231832756655,1.4332397716742635,1.174311479586525,-0.3659969771659845,0.5255033058817618,-1.0595232868397997
-0.2761419547970827,-0.005199400935278622,0.2096514570574771,-0.8670625882110562,-0.3422140036651105,-0.7490285462508767,-0.8392966816506778,-0.8916412332498024,0.6239292939824236,0.7017016039811945,0.8304899887017108
0.3007254482677556,0.3815579155837844,0.04629364818471899,1.7661228080699112,-0.2989235824682051,0.6456839095957436,0.29697154501179285,0.41679548487987933,1.2178850566714678,0.08500756063317735,1.5700604008701284
-0.1607684741841144,0.28486858645401847,-0.2804219695607981,-0.7847755445772759,-0.3422140036651105,-0.9814806222253134,-0.16681140464635844,-0.34072050982676644,1.0858948871850131,1.230296498279496,0.008745086292357939
-0.5068889160230172,0.3815579155837844,1.353156119166786,0.984395893548999,0.04739978710703774,1.2849271185254445,1.5955638040546165,1.0365812987307852,-0.7619674856253483,0.9659990511303452,-0.9773487965988648
-0.853009357861921,-0.005199400935278622,-0.688816491742694,0.20266897902808698,0.437013577879186,0.5294578716085252,1.4796180666400787,0.5889582109495924,-0.03602155344984944,-0.7959839298639905,-1.2238722673216713
-1.0837563190878554,0.09148992819448672,-0.688816491742694,1.2518287853587848,0.4803039990760914,0.7619099475829619,2.0129684587469527,1.484204386511978,0.22795878552305976,-0.7078847808142741,-1.3060467575626062
-1.1991297997008237,0.3815579155837844,0.37300926593023565,-0.23962388050348188,-0.5586661096496373,-0.6909155272572675,-1.0016207140310307,-0.9605063236776724,1.481865395644377,-0.6197856317645573,0.9948389691835822
-1.314503280313791,0.3815579155837844,0.37300926593023565,-0.23962388050348188,-0.5586661096496373,-0.6909155272572675,-1.0016207140310307,-0.9605063236776724,1.481865395644377,-0.6197856317645573,0.9948389691835822
-0.1607684741841144,-0.005199400935278622,-1.5872844405428652,-0.9287778709363915,-0.12576189768058385,1.6917182514807088,0.5056738723579609,-0.6161808715382845,-0.16801172293630404,-0.8840830789137074,-0.4843018551532534
-0.04539499357114716,0.5749365738433161,2.9050553034579902,-0.9493496318448365,0.5235944202729967,-1.3301587361869684,0.7839436421528517,-0.23742287418496152,-0.8939576551118029,-0.1792898865159733,-0.7308253258760599
-1.0837563190878554,-0.2952673883245763,-0.688816491742694,1.1078264589996696,0.2638518930915644,-0.28412439430200326,0.6448087572554063,1.1054463891586552,0.29395387026628855,-0.44358733366512343,-0.8951743063579298
-0.5068889160230172,-0.1018887300650445,-0.11706416068803956,-0.2910532827745945,8.402451078109772,1.5173791944998813,0.8535110846015743,0.3479303944520094,-0.4979871466524391,-0.0911907374662564,-0.9773487965988648
1.4544602543974323,1.7352085234005057,-0.19874306512441883,-0.8670625882110562,0.2638518930915644,0.8781359855701802,1.0622134119477424,-0.5128832358964796,-1.0919429093414863,-0.6197856317645573,0.5017920277379693
-0.7376358772489527,0.7683152321028474,-0.6071375873063147,1.4986899162601255,0.22056147189465902,1.110588061544617,1.4796180666400787,1.3120416604423033,0.3599489550095144,-0.26738903556568966,-1.3060467575626062
-0.04539499357114716,-0.5853353757138736,0.1279725526210978,-0.08533567369014393,-0.12576189768058385,-0.8071415652444859,-0.5378377643728794,0.003604942312621482,0.6899243787256494,0.349305007782328,0.09091957653329293
-0.04539499357114716,3.7656844351255874,-0.2804219695607981,1.4575463944432354,10.56697213795504,-0.7490285462508767,1.2941048867768181,1.587502022153783,-0.7619674856253483,1.5826930944783633,-1.3060467575626062
0.41609892888072386,-0.005199400935278622,-0.2804219695607981,0.984395893548999,-0.08247147648367845,1.5173791944998813,1.9665901637811374,1.174311479586525,-0.3659969771659845,0.08500756063317735,-1.2238722673216713
-0.1607684741841144,-1.0687820213627024,0.2913303614938564,-0.805347305485721,-0.2989235824682051,-0.05167231832756655,-0.28275714206089625,-0.5473157811104145,0.4259440397527402,0.9659990511303452,0.17309406677422937
0.06997848704182111,-0.7787140339734051,0.04629364818471899,-0.8259190663941661,-0.12576189768058385,-0.5746894892700491,-0.02767651974891306,-0.09969269332918343,0.7559194634688782,0.9659990511303452,-0.40212736491231843
-0.853009357861921,0.7683152321028474,-1.4239266316701067,0.09981017448586167,-0.3855044248620159,0.0645537196596518,1.410050624191356,0.2102002135962313,-0.16801172293630404,1.142197349229779,-0.5664763453941885
-0.9683828384748883,0.7683152321028474,-1.4239266316701067,0.07923841357741651,-0.4287948460589213,0.0645537196596518,1.247726591811003,0.14133512316836136,-0.16801172293630404,1.142197349229779,-0.6486508356351234
-1.0837563190878554,0.8650045612326133,-1.5872844405428652,0.07923841357741651,-0.4287948460589213,-0.05167231832756655,1.1085917069135576,0.2102002135962313,-0.16801172293630404,1.230296498279496,-0.6486508356351234
0.8775928513325939,0.09148992819448672,2.0065873546578192,2.383275635323263,-0.21234274007439433,0.9362490045637895,2.0361576062298603,2.0351251099350143,-0.2340068076795299,1.4945939454286465,-0.8951743063579298
-0.6222623966359855,0.5749365738433161,-0.4437797784335562,1.8072663298868012,0.04739978710703774,0.8200229665765711,1.410050624191356,1.3464742056562382,0.22795878552305976,-0.26738903556568966,-0.8951743063579298
-0.1607684741841144,-0.875403363103171,0.04629364818471899,-1.0110649145701716,-1.0348607428155963,-0.7490285462508767,-1.0016207140310307,-0.8916412332498024,0.22795878552305976,0.7017016039811945,0.41961753749703434
0.7622193707196266,0.28486858645401847,1.4348350236031653,1.8278380907952465,-0.2989235824682051,1.5754922134934903,1.5491855090888014,1.5186369317259132,-0.8939576551118029,0.9659990511303452,-0.8951743063579298
0.6468458901066594,0.28486858645401847,1.1897983102940275,1.7044075253445758,-0.16905231887748895,1.5754922134934903,1.5491855090888014,1.553069476939848,-0.8939576551118029,0.8778999020806283,-0.9773487965988648
1.800580696236336,1.1550725486219109,2.9867342078943695,1.4781181553516805,-0.16905231887748895,-0.34223741329561247,1.3868614767084484,1.4497718412980432,-0.8939576551118029,1.3183956473292127,-0.7308253258760599
-1.0837563190878554,0.5749365738433161,-0.9338532050518316,-0.7230602618519408,-0.6885373732403534,-0.9233676032317042,-0.05086566723182062,-1.5114270471007083,1.4158703109011512,2.551783734025248,2.7205032642432228
-0.2761419547970827,0.9616938903623791,-1.2605688227973484,-0.9699213927532815,-0.16905231887748895,-0.8652545842380951,-1.2335121888601064,-0.3751530550407014,0.16196370077983394,-0.35548818461540654,-0.40212736491231843
-0.5068889160230172,0.47824724471355023,-0.4437797784335562,-0.9904931536617264,-0.3422140036651105,-0.28412439430200326,-0.6305943543045097,-0.7194785071800893,-0.4979871466524391,-0.6197856317645573,-0.07342940394857704
-1.4298767609267593,-0.2952673883245763,-0.6071375873063147,-0.47619913095060007,-0.3855044248620159,-0.9814806222253134,-0.5146486168899719,-1.1671015949613204,1.481865395644377,0.08500756063317735,1.6522348911110634
2.0313276574622705,-0.1018887300650445,1.0264405014212694,0.03809489176052635,-0.6019565308465427,-1.2720457171933592,-2.230645530625132,-0.2718554193988965,-2.0158740957466654,-1.3245788241622913,0.2552685570151644
-0.7376358772489527,0.28486858645401847,-1.0155321094882108,0.07923841357741651,-0.21234274007439433,0.8781359855701802,1.873833573849507,0.1069025779544264,-0.30000189242275865,0.9659990511303452,-0.4843018551532534
0.41609892888072386,-0.9720926922329369,0.94476159698489,-0.3116250436830395,0.004109365910132342,1.2849271185254445,0.6679979047383139,0.17576766838229632,-0.43199206190921324,1.142197349229779,0.5017920277379693
0.9929663319455622,-0.7787140339734051,0.8630826925485108,1.6426922426192412,0.17727105069775392,0.5294578716085252,-0.16681140464635844,1.6391508399747237,-0.5639822313956678,-0.0911907374662564,-0.4843018551532534
-0.7376358772489527,1.831897852530271,-1.0155321094882108,-1.0110649145701716,-0.08247147648367845,-1.2720457171933592,-0.9088641240994005,-0.11690896593615091,-0.3659969771659845,-0.26738903556568966,-1.1416977770807362
-0.853009357861921,-0.2952673883245763,-0.7704953961790733,1.2724005462672299,0.004109365910132342,0.9362490045637895,0.8071327896357593,1.4497718412980432,1.0198998024417874,-0.35548818461540654,-0.8951743063579298
1.5698337350103995,-0.1018887300650445,0.7814037881121315,-0.8876343491195011,-0.4720852672558264,-0.22601137530839407,-0.21318969961217357,-0.7539110523940243,-0.6299773161388937,0.08500756063317735,1.4057114203882586
-0.5068889160230172,0.28486858645401847,0.4546881703666149,0.3260995444787573,-0.25563316127129976,1.2849271185254445,1.7578878364349693,0.33071412184504195,0.8219145482121041,-0.5316864827148403,-0.4843018551532534
-0.9683828384748883,1.058383219492145,-0.6071375873063147,-0.6613449791266055,-0.3422140036651105,0.23889277664047934,1.1549700018793727,-0.18577405636405908,1.4158703109011512,0.08500756063317735,0.17309406677422937
-0.7376358772489527,-0.6820247048436395,-0.5254586828699355,-0.8670625882110562,-0.3422140036651105,0.3551188146276977,0.29697154501179285,-0.1685577837570916,1.9438309888469696,1.93508969067723,-0.07342940394857704
0.9929663319455622,1.348451206881442,-0.19874306512441883,0.6758194799223232,0.09069020830394313,-0.7490285462508767,1.9434010162982298,1.0710138439447203,-0.8939576551118029,1.054098200180062,-1.1416977770807362
0.18535196765478837,-0.1018887300650445,0.618045979239373,2.640422646678826,-0.16905231887748895,-0.05167231832756655,0.45929557739214577,2.207287836004689,-1.553908502544076,0.08500756063317735,-1.2238722673216713
0.6468458901066594,0.09148992819448672,1.353156119166786,-0.8464908273026112,-0.16905231887748895,0.0064407006660426236,-0.23637884709508114,-0.030827602901313488,1.6798506498740604,0.08500756063317735,-0.31995287467138345
-0.2761419547970827,0.09148992819448672,0.8630826925485108,0.6346759581054331,0.30714231428846983,1.5754922134934903,0.9462676745332046,1.0537975713377528,-1.157937994084712,-0.35548818461540654,-1.3882212478035412
-0.9683828384748883,0.1881792573242526,0.8630826925485108,-0.9082061100279463,0.004109365910132342,-1.155819679206141,1.0390242644648349,0.261849031417172,2.0098260735901956,0.2612058587326111,-0.15560389418951204
0.06997848704182111,0.28486858645401847,0.04629364818471899,-0.8876343491195011,-0.6019565308465427,-0.6909155272572675,-0.21318969961217357,-0.7194785071800893,1.151889971928242,-0.1792898865159733,0.9126644789426457
-0.2761419547970827,0.47824724471355023,-0.19874306512441883,-0.9493496318448365,-1.1214415852094068,-0.34223741329561247,-1.1175664514455685,-1.184317867568288,0.4259440397527402,-0.44358733366512343,1.4878859106291935
1.1083398125585295,0.1881792573242526,0.5363670748029942,-0.8464908273026112,-0.775118215634164,-0.6909155272572675,-0.35232458450961895,-0.8227761428219325,-0.3659969771659845,-0.8840830789137074,0.2552685570151644
-0.5068889160230172,1.058383219492145,-1.0155321094882108,-0.9699213927532815,-0.21234274007439433,0.0064407006660426236,-0.02767651974891306,-0.530099508503447,-0.30000189242275865,-0.26738903556568966,-0.31995287467138345
-0.5068889160230172,-0.39195671745434213,-0.19874306512441883,-0.6407732182181606,-0.3422140036651105,0.3551188146276977,-0.5378377643728794,-0.7711273250009918,1.151889971928242,1.4945939454286465,0.9126644789426457
0.18535196765478837,-0.6820247048436395,0.04629364818471899,0.42895834902098257,0.4803039990760914,-0.9233676032317042,-0.8392966816506778,0.5545256657356192,-1.3559232483143926,0.8778999020806283,-0.9773487965988648
-0.5068889160230172,-1.1654713504924683,-0.19874306512441883,-0.1264791955070341,-0.12576189768058385,0.4132318336213069,0.45929557739214577,0.261849031417172,1.0198998024417874,-0.1792898865159733,-0.07342940394857704
-0.9683828384748883,0.47824724471355023,-0.5254586828699355,-1.0522084363870619,6.021477912279978,-1.3301587361869684,1.1781591493622803,-0.47845069068254453,-0.4979871466524391,1.142197349229779,-0.9773487965988648
-0.39151543541004996,-0.48864604658410776,-0.03538525625166028,1.6221204817107961,-0.16905231887748895,-0.5746894892700491,0.04189092269980963,1.0882301165516877,1.0198998024417874,0.6136024549314787,-0.15560389418951204
-0.7376358772489527,-0.2952673883245763,1.1897983102940275,0.8403935671898838,-0.08247147648367845,2.5053005173912375,2.3839948184734734,0.9504999356959478,0.3599489550095144,-0.1792898865159733,-0.8951743063579298
2.262074618688207,-0.005199400935278622,0.94476159698489,0.017523130852081365,-1.0348607428155963,-1.21393269819975,-2.0451323507618713,-0.13412523854315664,-1.223933078827941,-1.4126779732120083,0.41961753749703434
-0.2761419547970827,-0.2952673883245763,-0.2804219695607981,1.7455510471614666,0.2638518930915644,0.2970057956340885,1.0622134119477424,1.4497718412980432,-1.157937994084712,0.08500756063317735,-1.2238722673216713
0.06997848704182111,0.9616938903623791,-0.688816491742694,0.7992500453729937,-0.25563316127129976,-0.4003504322892216,1.247726591811003,1.1398789343725901,0.5579342092391948,1.054098200180062,-1.1416977770807362
-0.5068889160230172,-0.2952673883245763,-0.2804219695607981,-0.08533567369014393,-0.3422140036651105,-1.155819679206141,-0.190000552129266,0.3479303944520094,-0.3659969771659845,-0.003091588416539527,-0.8129998161169948
0.3007254482677556,-0.6820247048436395,-0.19874306512441883,-0.43505560913371,-1.0781511640125014,0.2970057956340885,0.11145836514853233,-0.564532053717382,-0.16801172293630404,-0.8840830789137074,0.17309406677422937
0.06997848704182111,1.058383219492145,0.5363670748029942,-0.27048152186614954,-1.0348607428155963,-1.7369498691422327,-2.740806775249098,-0.7883435976079592,0.7559194634688782,-1.0602813770131412,1.6522348911110634
-1.1991297997008237,-0.7787140339734051,-0.2804219695607981,-0.9082061100279463,-0.645246952043448,-0.8071415652444859,-1.8596191708986105,-0.9088575058567699,1.6138555651308317,0.5255033058817618,0.33744304725609936
0.18535196765478837,-0.7787140339734051,0.2913303614938564,-0.805347305485721,-0.6885373732403534,-0.5165764702764399,-0.02767651974891306,-0.20299032897102656,0.5579342092391948,1.054098200180062,-0.31995287467138345
-1.0837563190878554,-0.1985780591948104,-0.688816491742694,1.3546875899010102,-0.5153756884527319,0.18077975764687015,0.343349839977608,1.3464742056562382,0.8879096329553328,-0.5316864827148403,-0.9773487965988648
0.6468458901066594,0.9616938903623791,-0.5254586828699355,0.3260995444787573,-0.21234274007439433,-0.6328025082636584,0.5288630198408685,0.5373093931286518,-0.16801172293630404,-0.5316864827148403,-0.4843018551532534
0.6468458901066594,-0.7787140339734051,10.827909033786774,-0.7847755445772759,-1.0348607428155963,-0.05167231832756655,-0.561026911855787,-0.7366947797870569,0.4259440397527402,0.5255033058817618,1.323536930147322
0.18535196765478837,-0.6820247048436395,0.04629364818471899,0.5318171535632078,-0.5586661096496373,-0.22601137530839407,2.6854537357512718,0.5200931205216842,0.16196370077983394,0.6136024549314787,-0.07342940394857704
0.41609892888072386,0.09148992819448672,0.5363670748029942,0.34667130538720226,-0.9482799004217854,1.2268140995318353,0.923078527050297,-0.34072050982676644,-1.0259478245982576,-1.500777122261725,0.7483154984607757
0.06997848704182111,-0.9720926922329369,0.37300926593023565,0.44953010992942755,0.13398062950084852,0.5294578716085252,0.8998893795673895,0.6922558465913974,0.6899243787256494,0.43740415683204487,-0.6486508356351234
0.5314724094936911,0.1881792573242526,0.6997248836757523,0.2952419031160896,-0.90498947922488,0.9362490045637895,0.8767002320844819,-0.34072050982676644,-1.0259478245982576,-1.500777122261725,0.6661410082198408
0.06997848704182111,-0.7787140339734051,1.353156119166786,0.8403935671898838,-0.4287948460589213,2.5053005173912375,0.6911870522212215,0.8988511178750072,-0.30000189242275865,0.5255033058817618,-0.31995287467138345
-0.1607684741841144,-0.7787140339734051,0.6997248836757523,1.663264003527686,-0.3422140036651105,2.7958656123592833,0.5288630198408685,1.6907996577956261,-0.2340068076795299,0.08500756063317735,-0.9773487965988648
-1.0837563190878554,0.6716259029730814,1.1081194058576482,-0.7642037836688309,2.774696322512075,-1.21393269819975,0.01870177521690207,-0.20299032897102656,-0.6959724008821225,0.08500756063317735,-1.2238722673216713
0.3007254482677556,-0.005199400935278622,0.8630826925485108,-0.8464908273026112,-0.6019565308465427,-0.16789835631478492,-0.7001617967532324,-1.0638039593194772,0.3599489550095144,-0.0911907374662564,1.323536930147322
-1.1991297997008237,-0.2952673883245763,-0.4437797784335562,1.0666829371827793,0.437013577879186,0.5875708906021344,0.8767002320844819,1.2948253878353357,1.481865395644377,-0.5316864827148403,-0.8951743063579298
-0.04539499357114716,-0.5853353757138736,0.2913303614938564,1.9101251344290264,0.22056147189465902,1.9241703274551456,0.9462676745332046,1.9146112016862036,1.3498752261579225,3.168477777373265,-1.0595232868397997
0.3007254482677556,-1.358850008752,0.5363670748029942,-0.9699213927532815,0.22056147189465902,1.168701080538226,-0.02767651974891306,-0.20299032897102656,0.6899243787256494,4.13756841692015,-0.6486508356351234
0.3007254482677556,-1.4555393378817658,0.5363670748029942,-0.9699213927532815,0.04739978710703774,1.110588061544617,-0.07405481471472819,-0.20299032897102656,0.6899243787256494,4.225667565969867,-0.6486508356351234
0.18535196765478837,-0.7787140339734051,0.37300926593023565,0.44953010992942755,0.17727105069775392,0.4132318336213069,0.8303219371186668,0.7094721191983648,0.6899243787256494,0.43740415683204487,-0.6486508356351234
-0.04539499357114716,-0.39195671745434213,1.2714772147304068,2.7535673316752742,0.4803039990760914,1.168701080538226,2.5463188508538264,2.3278017442534997,-1.2899281635711668,0.6136024549314787,-1.5525702282854126
-2.1221176446045646,1.5418298651409739,-2.4040734849066574,2.609565005316159,-0.2989235824682051,0.18077975764687015,-0.21318969961217357,1.6219345673677563,1.151889971928242,0.7017016039811945,-0.31995287467138345
-0.6222623966359855,0.1881792573242526,-0.4437797784335562,-0.18819447823236923,-0.16905231887748895,0.0645537196596518,0.714376199704129,0.43401175748684684,0.16196370077983394,1.7588913925777963,-0.8951743063579298
0.41609892888072386,-0.1018887300650445,0.6997248836757523,-0.8876343491195011,0.17727105069775392,0.0064407006660426236,-0.05086566723182062,-0.6161808715382845,-1.6858986720305307,-0.26738903556568966,0.33744304725609936
-0.1607684741841144,2.1219658399195684,2.4149818768397155,1.5398334380770158,1.3894028442111037,2.679639574372065,2.3376165235076583,1.725232203009561,-0.7619674856253483,-0.44358733366512343,-1.1416977770807362
-0.04539499357114716,-0.7787140339734051,0.2096514570574771,-0.8876343491195011,-0.775118215634164,-1.6207238311550143,-2.114699793210594,-0.7022622345731219,0.09596861603660517,0.9659990511303452,0.2552685570151644
-0.1607684741841144,-1.6489179961412974,0.04629364818471899,0.5935324362885431,-0.12576189768058385,0.3551188146276977,-0.561026911855787,0.8299860274471372,1.481865395644377,-0.7959839298639905,-1.0595232868397997
-0.04539499357114716,-1.5522286670115315,-0.19874306512441883,-0.14705095641547908,-0.039181055286773056,-0.34223741329561247,-0.3987028794754341,0.14133512316836136,1.4158703109011512,-0.26738903556568966,-0.6486508356351234
-0.2761419547970827,-1.1654713504924683,1.92490845022144,-0.9904931536617264,3.640504746450183,1.3430401375190537,0.06508007018271719,-0.3751530550407014,-0.4979871466524391,-0.8840830789137074,-1.0595232868397997
-0.2761419547970827,-0.6820247048436395,2.1699451635305778,-0.9904931536617264,3.8569568524347098,1.5173791944998813,0.15783666011434747,-0.3751530550407014,-0.4979871466524391,-0.8840830789137074,-1.0595232868397997
-0.853009357861921,-0.1018887300650445,-0.2804219695607981,2.2187015480557024,-0.2989235824682051,0.8200229665765711,0.8071327896357593,2.0867739277559165,1.3498752261579225,-0.35548818461540654,-0.9773487965988648
2.608195060527109,-0.1018887300650445,0.94476159698489,0.963824132640554,-0.4720852672558264,-0.4003504322892216,-0.3059462895438038,1.1054463891586552,0.02997353129337933,-0.26738903556568966,-0.15560389418951204
-0.5068889160230172,-0.5369907111489907,1.1897983102940275,-0.7642037836688309,2.991148428496602,-0.34223741329561247,-0.7697292392019551,-0.6850459619661544,0.29395387026628855,0.7898007530309115,1.2413624399063872
1.6852072156233688,-1.358850008752,0.94476159698489,-0.9082061100279463,-0.2989235824682051,-0.9814806222253134,-0.9088641240994005,-0.564532053717382,-1.157937994084712,0.6136024549314787,0.33744304725609936
0.41609892888072386,-0.48864604658410776,-1.1788899183609691,1.601548720802351,0.2638518930915644,0.7037969285893527,1.3868614767084484,1.6735833851886586,-0.4979871466524391,0.349305007782328,-1.3060467575626062
0.06997848704182111,-0.5853353757138736,0.2913303614938564,1.8689816126121366,0.30714231428846983,1.401153156512663,0.9462676745332046,1.862962383865301,1.151889971928242,2.9041803302241145,-0.8951743063579298
1.4544602543974323,-1.0687820213627024,0.8630826925485108,1.6838357644361313,0.30714231428846983,0.47134485261491604,0.181025807597255,2.3450180168604287,0.5579342092391948,2.2874862868760975,-1.470395738044476
-0.9683828384748883,1.1067278840570278,-2.730789102652174,-0.9287778709363915,-0.16905231887748895,-1.6207238311550143,-1.9059974658644256,-0.8399924154289,1.151889971928242,-0.9721822279634242,0.5017920277379693
1.1083398125585295,0.09148992819448672,-0.9338532050518316,0.7375347626476585,0.437013577879186,0.5294578716085252,1.7578878364349693,1.1570952069795577,-0.7619674856253483,1.054098200180062,-1.0595232868397997
0.8775928513325939,0.1881792573242526,-0.5254586828699355,0.963824132640554,-0.2989235824682051,-0.22601137530839407,-0.42189202695834166,1.5014206591189456,0.491939124495969,-1.6769754203611589,-1.0595232868397997
0.9929663319455622,0.5749365738433161,-0.4437797784335562,1.0461111762743343,-0.25563316127129976,-0.22601137530839407,-0.4682703219241568,1.5014206591189456,0.491939124495969,-1.7650745694108756,-1.1416977770807362
-1.1991297997008237,0.5749365738433161,-1.4239266316701067,0.22324073993653196,-0.3855044248620159,-0.5165764702764399,-0.49145946940706436,0.38236293966594437,1.7458457346172862,-0.35548818461540654,-0.4843018551532534
-1.0837563190878554,-0.39195671745434213,-0.2804219695607981,-0.805347305485721,-0.5586661096496373,-0.4003504322892216,-1.0479990089968458,-0.530099508503447,1.2838801414146965,1.7588913925777963,0.2552685570151644
-0.5068889160230172,1.7352085234005057,-2.0773578671611403,-0.2087662391408142,0.004109365910132342,-0.05167231832756655,0.15783666011434747,0.2274164862031988,-0.6299773161388937,0.6136024549314787,-0.4843018551532534
0.6468458901066594,0.3815579155837844,-0.5254586828699355,-0.9287778709363915,0.13398062950084852,0.18077975764687015,0.8303219371186668,-0.15134151115012412,-1.0919429093414863,0.2612058587326111,-1.0595232868397997
0.41609892888072386,0.28486858645401847,-0.6071375873063147,0.2849560226618671,0.17727105069775392,0.12266673865326098,0.45929557739214577,0.8472023000541047,-0.6959724008821225,-0.5316864827148403,-1.3060467575626062
1.1083398125585295,1.348451206881442,-0.8521743006154523,0.5935324362885431,0.35043273548537524,0.4132318336213069,1.8042661314007844,1.1398789343725901,-1.157937994084712,0.7898007530309115,-1.1416977770807362
0.06997848704182111,-0.39195671745434213,-0.03538525625166028,1.3546875899010102,0.004109365910132342,0.7037969285893527,0.36653898746051555,1.553069476939848,0.5579342092391948,2.4636845849755313,-0.8129998161169948
-1.6606237221526938,-0.9720926922329369,-0.7704953961790733,-0.2293380000492594,-0.21234274007439433,-0.28412439430200326,-0.561026911855787,0.2274164862031988,1.481865395644377,-0.7959839298639905,-0.9773487965988648
-0.9683828384748883,-0.9720926922329369,-0.19874306512441883,-0.9287778709363915,-0.4287948460589213,-1.21393269819975,-1.4422145162062745,-1.0121551414985748,0.9539047176985587,0.7898007530309115,0.41961753749703434
1.1083398125585295,-0.1018887300650445,2.0065873546578192,1.0872546980912243,-0.4287948460589213,0.5294578716085252,0.552052167323776,1.3464742056562382,-0.8939576551118029,-0.7078847808142741,-1.3882212478035412
-0.9683828384748883,-0.005199400935278622,1.2714772147304068,0.1820972181196418,0.09069020830394313,1.5173791944998813,1.9665901637811374,0.5200931205216842,-0.03602155344984944,-0.1792898865159733,-1.0595232868397997
-0.04539499357114716,1.058383219492145,0.1279725526210978,1.1695417417250047,-0.08247147648367845,1.2849271185254445,1.9202118688153222,1.3636904782632058,-0.8279625703685771,0.349305007782328,-1.0595232868397997
-0.2761419547970827,-0.6820247048436395,-0.19874306512441883,1.1283982199081146,-0.2989235824682051,0.6456839095957436,0.6448087572554063,1.4325555686910756,1.4158703109011512,-0.44358733366512343,-0.6486508356351234
0.5314724094936911,0.3815579155837844,0.04629364818471899,0.14095369630275165,-0.6019565308465427,-0.6328025082636584,-0.5842160593386946,0.43401175748684684,0.16196370077983394,-0.26738903556568966,-0.6486508356351234
-0.5068889160230172,0.28486858645401847,-0.6071375873063147,1.4986899162601255,0.004109365910132342,1.2849271185254445,1.572374656571709,1.2776091152283684,-0.16801172293630404,-0.7078847808142741,-0.8129998161169948
-0.7376358772489527,0.09148992819448672,-0.6071375873063147,1.4781181553516805,0.004109365910132342,1.168701080538226,1.5491855090888014,1.2603928426213626,-0.2340068076795299,-0.7078847808142741,-0.8129998161169948
-0.9683828384748883,1.058383219492145,-1.3422477272337274,1.2518287853587848,0.004109365910132342,1.749831270474318,2.523129703370919,1.3120416604423033,-0.30000189242275865,-0.9721822279634242,-1.3060467575626062
-0.7376358772489527,0.1881792573242526,-0.6071375873063147,1.5398334380770158,0.004109365910132342,1.2849271185254445,1.5955638040546165,1.3636904782632058,-0.16801172293630404,-0.5316864827148403,-0.8951743063579298
-0.9683828384748883,1.2517618777516761,-2.322394580470278,-0.9082061100279463,0.7400465262575234,-1.0395936412189226,-0.3987028794754341,-0.20299032897102656,0.09596861603660517,0.6136024549314787,-1.1416977770807362
-0.5068889160230172,0.6716259029730814,-0.4437797784335562,-0.9904931536617264,0.3937231566822806,-1.504497793167796,0.5288630198408685,0.0896863053474589,1.481865395644377,0.08500756063317735,-1.2238722673216713
-0.39151543541004996,-0.1985780591948104,-0.11706416068803956,2.1775580262388123,-0.039181055286773056,0.5294578716085252,0.6679979047383139,2.138422745576819,1.2178850566714678,-0.26738903556568966,-0.8951743063579298
1.2237132931714978,0.6716259029730814,-0.7704953961790733,1.9924121780628072,1.1296603170296715,0.5294578716085252,2.1289141961614906,1.3981230234771407,-1.0919429093414863,0.8778999020806283,-0.07342940394857704
-0.7376358772489527,0.1881792573242526,-1.3422477272337274,-0.6407732182181606,-0.25563316127129976,-0.6328025082636584,-0.28275714206089625,0.03803748752655645,-1.223933078827941,-0.26738903556568966,-1.3060467575626062
1.800580696236336,-0.9720926922329369,0.6997248836757523,-0.16762271732392425,-0.4287948460589213,-1.6207238311550143,-1.3958362212404594,0.03803748752655645,-0.2340068076795299,0.2612058587326111,0.9126644789426457
-0.2761419547970827,2.702101814698164,-0.9338532050518316,0.6141041971969882,-0.5153756884527319,-0.4584634512828308,-0.09724396219763574,1.0193650261238179,0.02997353129337933,0.17310670968289424,-1.2238722673216713
-0.2761419547970827,0.7683152321028474,-0.3621008739971774,-0.8876343491195011,-1.0781511640125014,-0.6328025082636584,-1.2103230413771988,-1.4253456840658327,1.4158703109011512,1.054098200180062,1.4878859106291935
0.5314724094936911,3.6206504414309384,-1.0972110139245899,0.8815370890067737,1.086369895832766,-0.4003504322892216,1.7346986889520617,1.1398789343725901,-1.553908502544076,0.7898007530309115,-1.1416977770807362
-0.04539499357114716,-0.9720926922329369,-1.0155321094882108,-0.10590743459858892,0.30714231428846983,-0.05167231832756655,-0.7697292392019551,0.2274164862031988,0.6899243787256494,-0.5316864827148403,-0.9773487965988648
-0.1607684741841144,-0.875403363103171,-0.8521743006154523,0.05866665266897152,0.04739978710703774,0.0645537196596518,-0.4682703219241568,0.2446327588102045,0.9539047176985587,-0.5316864827148403,-0.8129998161169948
0.18535196765478837,-0.6820247048436395,0.2913303614938564,0.2643842617534221,-0.16905231887748895,0.0645537196596518,0.6911870522212215,0.6922558465913974,0.4259440397527402,0.6136024549314787,-0.6486508356351234
-0.04539499357114716,-0.2952673883245763,0.37300926593023565,0.44953010992942755,0.004109365910132342,-0.6328025082636584,0.41291728242633063,0.6233907561635273,0.8879096329553328,0.8778999020806283,-0.31995287467138345
0.6468458901066594,-0.39195671745434213,0.2096514570574771,-0.805347305485721,-0.645246952043448,-0.4584634512828308,0.04189092269980963,-1.1154527771403797,0.5579342092391948,-0.0911907374662564,1.5700604008701284
0.3007254482677556,-1.1654713504924683,0.2096514570574771,0.984395893548999,-0.08247147648367845,-0.8652545842380951,-1.094377303962661,0.7266883918053323,-0.2340068076795299,-0.44358733366512343,0.2552685570151644
0.3007254482677556,-1.1654713504924683,0.2096514570574771,-0.9699213927532815,-0.12576189768058385,-0.8071415652444859,-1.094377303962661,-0.4440181454685714,-0.2340068076795299,-0.6197856317645573,0.33744304725609936
0.5314724094936911,-0.7303693694085225,-0.19874306512441883,-0.8670625882110562,0.6101752626668073,-0.05167231832756655,-0.6305943543045097,0.8644185726610721,3.461717937941196,1.7588913925777963,-0.07342940394857704
0.6468458901066594,-1.0687820213627024,0.5363670748029942,-0.08533567369014393,-0.3855044248620159,-0.05167231832756655,0.552052167323776,-0.09969269332918343,-0.9599527398550317,1.142197349229779,0.7483154984607757
0.5314724094936911,0.1881792573242526,0.04629364818471899,-0.6613449791266055,-0.08247147648367845,-0.05167231832756655,-0.6769726492703249,-0.9432900510707048,1.0858948871850131,0.349305007782328,1.816583871592935
0.06997848704182111,-0.2952673883245763,0.04629364818471899,-0.9493496318448365,-0.4720852672558264,-0.4584634512828308,-1.2798904838259215,-1.1498853223543146,-0.10201663819307528,-0.44358733366512343,1.323536930147322
0.7622193707196266,1.348451206881442,0.04629364818471899,-0.3321968045914847,-0.25563316127129976,-0.05167231832756655,-0.6769726492703249,-0.7711273250009918,-0.3659969771659845,-0.35548818461540654,1.816583871592935
0.5314724094936911,-0.2952673883245763,0.2096514570574771,-0.7847755445772759,-0.5153756884527319,-0.28412439430200326,0.923078527050297,-1.0121551414985748,0.3599489550095144,-0.7959839298639905,1.077013459424517
0.7622193707196266,0.5749365738433161,0.1279725526210978,0.017523130852081365,-0.5153756884527319,-1.3301587361869684,-0.2595679945779887,-0.47845069068254453,-0.2340068076795299,-0.8840830789137074,1.159187949665452
0.8775928513325939,0.47824724471355023,0.1279725526210978,0.07923841357741651,-0.4287948460589213,-1.3301587361869684,-0.2595679945779887,-0.47845069068254453,-0.2340068076795299,-0.8840830789137074,1.159187949665452
2.1467011380752377,-0.48864604658410776,-0.11706416068803956,1.5398334380770158,-0.08247147648367845,0.0064407006660426236,0.7375653471870366,2.0523413825419814,-0.4979871466524391,-0.1792898865159733,-1.470395738044476
0.06997848704182111,-0.875403363103171,0.1279725526210978,-0.8670625882110562,-0.4287948460589213,-0.10978533732117574,-0.8392966816506778,-0.22020660157799404,0.09596861603660517,0.43740415683204487,0.17309406677422937
0.5314724094936911,-0.6820247048436395,-0.3621008739971774,-0.8876343491195011,-0.5153756884527319,-0.34223741329561247,-0.4450811744412492,-0.7194785071800893,0.6899243787256494,0.08500756063317735,0.33744304725609936
-0.2761419547970827,-0.5853353757138736,0.2913303614938564,1.9512686562459172,-0.4720852672558264,1.5754922134934903,0.36653898746051555,1.6047182947607506,-1.157937994084712,-0.7959839298639905,-1.0595232868397997
2.723568541140076,0.5749365738433161,-0.5254586828699355,-0.9699213927532815,-0.8616990580279749,-1.0395936412189226,-1.4885928111720896,-0.5817483263243495,-0.7619674856253483,-0.8840830789137074,0.17309406677422937
-0.9683828384748883,-0.7787140339734051,-0.7704953961790733,-0.8464908273026112,-0.6885373732403534,-0.28412439430200326,-0.7465400917190476,-0.9949388688916073,0.7559194634688782,-0.1792898865159733,0.7483154984607757
1.5698337350103995,0.9616938903623791,1.2714772147304068,1.5809769598939059,-0.16905231887748895,1.3430401375190537,0.6679979047383139,1.6391508399747237,-0.6299773161388937,0.43740415683204487,-0.9773487965988648
0.06997848704182111,-0.9720926922329369,0.2096514570574771,-0.9493496318448365,-0.4287948460589213,0.2970057956340885,-0.4682703219241568,-0.13412523854315664,0.491939124495969,4.049469267870433,-0.8951743063579298
0.9929663319455622,0.5749365738433161,2.0065873546578192,1.0666829371827793,-0.2989235824682051,0.3551188146276977,0.3201606924947004,1.3809067508701731,-0.8939576551118029,-0.003091588416539527,-1.6347447185263475
0.6468458901066594,-0.7787140339734051,0.1279725526210978,-0.7847755445772759,-0.3422140036651105,-0.28412439430200326,-0.49145946940706436,0.38236293966594437,1.9438309888469696,2.4636845849755313,-0.23777838443044702
1.5698337350103995,1.1550725486219109,1.1897983102940275,1.601548720802351,-0.16905231887748895,1.401153156512663,0.7375653471870366,1.6563671125816912,-0.6299773161388937,0.2612058587326111,-0.9773487965988648
-0.1607684741841144,-0.5853353757138736,0.4546881703666149,0.8815370890067737,-0.3422140036651105,1.4592661755062721,0.2737823975288853,1.1915277521934926,-0.16801172293630404,0.43740415683204487,-0.4843018551532534
-0.2761419547970827,0.1881792573242526,-0.2804219695607981,-0.2293380000492594,5.372121594326398,1.4592661755062721,0.6679979047383139,0.2790653040241395,-0.10201663819307528,-0.1792898865159733,-0.9773487965988648
1.4544602543974323,-0.1018887300650445,0.1279725526210978,-0.8670625882110562,-0.6885373732403534,0.18077975764687015,-0.7929183866848627,-0.42680187286160387,0.16196370077983394,1.230296498279496,-0.15560389418951204
0.5314724094936911,-0.2952673883245763,0.6997248836757523,1.7044075253445758,-0.21234274007439433,1.2849271185254445,1.0390242644648349,2.000692564721079,0.6239292939824236,2.2874862868760975,-1.2238722673216713
-2.3528646058305003,0.5749365738433161,-2.730789102652174,0.12038193539430667,-0.775118215634164,-0.10978533732117574,0.5984304622895912,0.03803748752655645,1.0858948871850131,1.054098200180062,-0.5664763453941885
-0.7376358772489527,-0.005199400935278622,-0.03538525625166028,-0.8670625882110562,-0.7318277944372586,-0.6328025082636584,-0.6074052068216022,-1.3048317758170602,0.29395387026628855,0.08500756063317735,1.2413624399063872
-2.3528646058305003,0.47824724471355023,-2.730789102652174,0.12038193539430667,-0.775118215634164,-0.05167231832756655,0.5984304622895912,-0.030827602901313488,1.0198998024417874,1.054098200180062,-0.5664763453941885
-0.853009357861921,-0.1018887300650445,-0.03538525625166028,-0.7642037836688309,-1.0781511640125014,-0.5165764702764399,-0.4682703219241568,-1.7868874088121882,-0.4979871466524391,-1.6769754203611589,1.5700604008701284
1.1083398125585295,-0.9720926922329369,1.0264405014212694,1.3752593508094553,-0.16905231887748895,0.3551188146276977,0.1346475126314399,2.138422745576819,0.29395387026628855,2.375585435925814,-1.7169192087672827
0.5314724094936911,-0.005199400935278622,0.6997248836757523,1.7455510471614666,-0.25563316127129976,0.8200229665765711,0.8303219371186668,1.931827474293171,0.5579342092391948,2.9041803302241145,-1.3060467575626062
0.5314724094936911,-0.39195671745434213,-0.3621008739971774,-0.9699213927532815,-0.3855044248620159,0.12266673865326098,-0.9320532715823081,-0.40958560025463636,-0.03602155344984944,1.846990541627513,-0.40212736491231843
-0.9683828384748883,1.6385191942707398,2.578339685712474,0.7786782844645485,1.4759836866049145,-1.3882717551805777,0.5056738723579609,0.6233907561635273,-1.0259478245982576,-0.0911907374662564,-0.9773487965988648
-0.6222623966359855,-0.1985780591948104,-1.0155321094882108,-0.3939120873168198,-0.6885373732403534,-0.6328025082636584,-0.28275714206089625,-0.7883435976079592,-0.8939576551118029,-1.3245788241622913,0.09091957653329293
3.992676827882722,-1.0687820213627024,1.1081194058576482,-0.9287778709363915,-0.3855044248620159,-1.7369498691422327,-2.416158710488392,0.03803748752655645,-2.0158740957466654,-1.853173718460592,-0.8129998161169948
0.9929663319455622,-1.2621606796222342,-0.3621008739971774,-0.9493496318448365,-0.7318277944372586,-1.4463847741741869,-1.6972951385182578,-0.20299032897102656,1.0198998024417874,-0.8840830789137074,-0.40212736491231843
0.3007254482677556,-0.6820247048436395,-0.11706416068803956,-0.7642037836688309,-0.3855044248620159,-0.4003504322892216,0.08826921766562476,-0.2718554193988965,0.02997353129337933,0.7017016039811945,-0.4843018551532534
0.06997848704182111,0.7683152321028474,0.04629364818471899,-0.3527685654999297,-1.2080224276032177,1.2849271185254445,-0.42189202695834166,-1.3736968662449303,0.5579342092391948,-1.1483805260628581,1.7344093813519985
-0.9683828384748883,-0.005199400935278622,0.04629364818471899,-0.8876343491195011,3.1643101132842237,-0.10978533732117574,-0.7697292392019551,-0.5817483263243495,-0.03602155344984944,-0.9721822279634242,-0.31995287467138345
-0.7376358772489527,-1.1654713504924683,1.679871736912303,-0.9287778709363915,3.4673430616625613,0.12266673865326098,-0.6305943543045097,-0.20299032897102656,0.22795878552305976,-1.0602813770131412,-1.3882212478035412
0.06997848704182111,-1.5522286670115315,0.2096514570574771,-0.7642037836688309,-0.3855044248620159,-0.9814806222253134,-0.6074052068216022,-0.6506134167522194,1.4158703109011512,2.9041803302241145,1.077013459424517
2.262074618688207,0.7683152321028474,0.8630826925485108,-0.8259190663941661,-0.25563316127129976,-1.504497793167796,-0.3755137319925265,0.5200931205216842,-0.03602155344984944,-0.0911907374662564,-0.5664763453941885
0.6468458901066594,-0.1985780591948104,0.7814037881121315,0.017523130852081365,-1.0348607428155963,-0.7490285462508767,-0.28275714206089625,-0.34072050982676644,-0.43199206190921324,0.5255033058817618,0.7483154984607757
-0.04539499357114716,-0.48864604658410776,-0.3621008739971774,1.292972307175675,-0.4720852672558264,0.18077975764687015,2.2912382285418436,1.3120416604423033,1.0198998024417874,0.2612058587326111,-0.6486508356351234
-0.853009357861921,0.5749365738433161,-0.5254586828699355,-0.6819167400350507,-0.9482799004217854,-0.8652545842380951,-0.7465400917190476,-1.0982365045334122,1.3498752261579225,1.5826930944783633,1.323536930147322
0.5314724094936911,-0.1985780591948104,-0.19874306512441883,-0.8876343491195011,-0.25563316127129976,0.23889277664047934,0.8303219371186668,-0.6850459619661544,-0.03602155344984944,0.17310670968289424,0.6661410082198408
-0.39151543541004996,0.1881792573242526,-0.11706416068803956,-0.805347305485721,-0.08247147648367845,-0.05167231832756655,-1.094377303962661,-0.6678296893591869,1.151889971928242,1.6707922435280802,0.33744304725609936
-2.1221176446045646,0.28486858645401847,-2.730789102652174,0.09981017448586167,0.004109365910132342,0.47134485261491604,0.6679979047383139,0.07247003274049142,0.6899243787256494,1.230296498279496,-0.5664763453941885
-1.1991297997008237,-0.1985780591948104,-1.2605688227973484,-0.9699213927532815,-0.645246952043448,0.2970057956340885,-0.5378377643728794,-1.0293714141055423,1.481865395644377,-0.7959839298639905,0.33744304725609936
-1.0837563190878554,-0.1985780591948104,-0.2804219695607981,-1.0110649145701716,-0.4287948460589213,0.18077975764687015,-0.5378377643728794,-0.34072050982676644,2.537786751536014,-0.0911907374662564,-0.9773487965988648
0.18535196765478837,0.28486858645401847,-0.3621008739971774,-0.9287778709363915,-0.3855044248620159,-0.10978533732117574,-0.21318969961217357,-1.4425619566728,-0.4979871466524391,-1.1483805260628581,1.323536930147322
-1.4298767609267593,-0.875403363103171,0.4546881703666149,-0.9904931536617264,-0.12576189768058385,-1.0395936412189226,-1.627727696069535,-0.6850459619661544,0.22795878552305976,0.349305007782328,-0.23777838443044702
-0.04539499357114716,-0.9720926922329369,-0.4437797784335562,0.5729606753800979,0.04739978710703774,0.9943620235573987,2.4303731134392885,0.4856605753077493,0.16196370077983394,0.349305007782328,-0.07342940394857704
0.18535196765478837,0.09148992819448672,-0.6071375873063147,-0.8876343491195011,-0.08247147648367845,-1.3301587361869684,-1.1639447464113837,-0.5128832358964796,-0.7619674856253483,-0.26738903556568966,-0.07342940394857704
-0.2761419547970827,-0.1985780591948104,-0.3621008739971774,-0.9287778709363915,-0.2989235824682051,-1.2720457171933592,-1.627727696069535,-0.7883435976079592,-0.9599527398550317,-0.003091588416539527,0.2552685570151644
-0.04539499357114716,-0.9720926922329369,-0.4437797784335562,0.5318171535632078,0.04739978710703774,0.9943620235573987,2.4303731134392885,0.4856605753077493,0.16196370077983394,0.349305007782328,-0.07342940394857704
-0.2761419547970827,-0.7787140339734051,0.37300926593023565,0.4083865881125376,0.2638518930915644,-0.28412439430200326,0.181025807597255,0.31349784923807444,0.8219145482121041,0.6136024549314787,0.33744304725609936
1.339086773784465,0.09148992819448672,-0.3621008739971774,1.4986899162601255,0.004109365910132342,-0.5165764702764399,-0.561026911855787,1.553069476939848,0.3599489550095144,-1.0602813770131412,-0.7308253258760599
-0.853009357861921,-0.005199400935278622,0.1279725526210978,1.4164028726263456,0.09069020830394313,1.6336052324870995,2.1289141961614906,1.2776091152283684,-0.7619674856253483,-0.7959839298639905,-1.3882212478035412
-1.0837563190878554,0.28486858645401847,-0.2804219695607981,0.3672430662956474,0.04739978710703774,1.4592661755062721,1.5955638040546165,0.41679548487987933,0.02997353129337933,-0.8840830789137074,-0.8129998161169948
0.06997848704182111,-0.6820247048436395,-0.4437797784335562,-0.7230602618519408,0.437013577879186,0.8200229665765711,0.5056738723579609,0.2102002135962313,-1.157937994084712,-0.1792898865159733,-1.470395738044476
1.800580696236336,-0.875403363103171,0.6997248836757523,-0.8876343491195011,0.04739978710703774,-1.504497793167796,-0.8392966816506778,0.07247003274049142,-0.8939576551118029,1.4064947963789296,0.41961753749703434
1.6852072156233688,-0.1018887300650445,0.94476159698489,-0.9493496318448365,0.09069020830394313,-1.562610812161405,-1.5117819586549972,0.2102002135962313,-0.7619674856253483,1.054098200180062,-0.23777838443044702
0.3007254482677556,-0.2952673883245763,0.4546881703666149,-0.7847755445772759,-0.4287948460589213,-0.28412439430200326,-0.3059462895438038,-1.0293714141055423,0.5579342092391948,-0.5316864827148403,1.323536930147322
1.339086773784465,-0.48864604658410776,0.2913303614938564,0.7581065235561034,0.35043273548537524,-0.6909155272572675,0.5056738723579609,1.4325555686910756,0.8219145482121041,-0.1792898865159733,-0.6486508356351234
0.7622193707196266,-0.39195671745434213,-0.19874306512441883,1.4575463944432354,0.13398062950084852,0.6456839095957436,1.8506444263665995,1.6219345673677563,-0.7619674856253483,0.349305007782328,-1.470395738044476
-0.6222623966359855,0.47824724471355023,-1.0972110139245899,-0.02362039096480879,-0.25563316127129976,-0.6328025082636584,0.15783666011434747,0.15855139577532884,-0.30000189242275865,1.230296498279496,-0.5664763453941885
-0.7376358772489527,0.47824724471355023,-1.1788899183609691,-0.06476391278169895,-0.16905231887748895,-0.7490285462508767,0.1346475126314399,0.15855139577532884,-0.30000189242275865,1.230296498279496,-0.5664763453941885
-0.6222623966359855,0.5749365738433161,-1.1788899183609691,-0.02362039096480879,-0.21234274007439433,-0.7490285462508767,0.181025807597255,0.17576766838229632,-0.30000189242275865,1.230296498279496,-0.5664763453941885
-1.1991297997008237,0.09148992819448672,-2.322394580470278,-1.0522084363870619,-0.3422140036651105,-1.3882717551805777,-2.4857261529371146,-0.47845069068254453,1.0858948871850131,-1.2364796751125748,-1.1416977770807362
1.339086773784465,0.3815579155837844,-0.6071375873063147,-0.9699213927532815,0.17727105069775392,-1.3592152456837732,-1.1407555989284761,0.2790653040241395,0.29395387026628855,-1.0602813770131412,-0.8951743063579298
-1.4298767609267593,0.09148992819448672,-2.322394580470278,-1.0522084363870619,-0.3422140036651105,-1.3882717551805777,-2.4857261529371146,-0.47845069068254453,1.0858948871850131,-1.2364796751125748,-1.1416977770807362
0.6468458901066594,-1.4555393378817658,0.4546881703666149,-0.24990976095770437,-0.16905231887748895,0.0645537196596518,-0.004487372266005494,0.41679548487987933,1.0858948871850131,0.6136024549314787,-0.23777838443044702
0.9929663319455622,0.1881792573242526,-0.11706416068803956,-0.8876343491195011,-0.3855044248620159,-0.6909155272572675,-0.3059462895438038,-0.6506134167522194,-1.7518937567737565,-1.4126779732120083,0.33744304725609936
0.18535196765478837,-0.39195671745434213,0.04629364818471899,-0.9287778709363915,-0.645246952043448,-0.4584634512828308,-0.7001617967532324,-1.3048317758170602,-0.8939576551118029,-0.8840830789137074,1.077013459424517
2.0313276574622705,-0.9720926922329369,0.5363670748029942,-0.9904931536617264,-0.25563316127129976,-0.8652545842380951,-0.7001617967532324,-0.5128832358964796,-1.6858986720305307,-1.500777122261725,-0.31995287467138345
0.18535196765478837,-1.6489179961412974,-0.11706416068803956,-0.27048152186614954,0.4803039990760914,1.401153156512663,0.15783666011434747,0.6233907561635273,2.3398014973063304,-0.44358733366512343,-0.9773487965988648
0.9929663319455622,0.3815579155837844,2.3333029724033363,0.963824132640554,-0.4287948460589213,1.2268140995318353,0.36653898746051555,1.3809067508701731,-0.43199206190921324,-0.44358733366512343,-1.3882212478035412
-0.39151543541004996,-0.1985780591948104,-0.5254586828699355,1.4369746335347906,-0.08247147648367845,1.9822833464487546,1.8042661314007844,1.0021487535168503,-0.16801172293630404,-0.5316864827148403,-0.4843018551532534
1.2237132931714978,-0.005199400935278622,0.618045979239373,-0.805347305485721,-0.08247147648367845,0.8781359855701802,0.343349839977608,-0.13412523854315664,1.6798506498740604,-0.003091588416539527,0.09091957653329293
-0.6222623966359855,-0.1018887300650445,-0.8521743006154523,-0.6202014573097155,0.04739978710703774,-1.2720457171933592,-0.8624858291335854,-0.06526014811524845,0.5579342092391948,-0.5316864827148403,-0.6486508356351234
-1.6606237221526938,3.0405144666523434,-1.914000058288382,-0.6407732182181606,-0.16905231887748895,-0.5165764702764399,-1.3262687787917367,-0.20299032897102656,1.0858948871850131,-0.9721822279634242,-1.0595232868397997
-0.1607684741841144,-0.2952673883245763,-0.03538525625166028,-0.6202014573097155,0.4803039990760914,0.9943620235573987,0.8303219371186668,-0.13412523854315664,-1.157937994084712,-0.0911907374662564,-0.8951743063579298
-0.39151543541004996,-0.2952673883245763,0.1279725526210978,1.2518287853587848,0.3937231566822806,0.7037969285893527,0.9694568220161122,1.4497718412980432,2.537786751536014,-0.1792898865159733,-0.4843018551532534
-0.853009357861921,0.7683152321028474,2.0065873546578192,1.8689816126121366,-0.08247147648367845,0.4132318336213069,-0.5146486168899719,1.3809067508701731,-0.30000189242275865,0.17310670968289424,-1.3060467575626062
0.9929663319455622,-1.0687820213627024,1.5165139280395445,-0.0030486300563636226,-1.251312848800123,-0.8071415652444859,-1.2335121888601064,-0.3062879646128315,-0.3659969771659845,-0.7959839298639905,1.077013459424517
-0.5068889160230172,-0.1985780591948104,0.7814037881121315,1.3752593508094553,-0.5586661096496373,1.6917182514807088,2.152103343644398,1.243176570014395,-0.7619674856253483,-0.9721822279634242,-1.3882212478035412
-0.39151543541004996,-0.1985780591948104,-0.4437797784335562,1.3546875899010102,0.004109365910132342,2.6215265553784555,2.0361576062298603,1.0537975713377528,-0.10201663819307528,-0.7078847808142741,-0.4843018551532534
-1.0837563190878554,0.09148992819448672,-0.03538525625166028,0.3055277835703123,-0.3855044248620159,1.3430401375190537,1.572374656571709,0.3995792122729119,0.4259440397527402,-0.7078847808142741,-0.8129998161169948
-0.7376358772489527,-0.005199400935278622,0.7814037881121315,1.4575463944432354,-0.2989235824682051,1.6917182514807088,2.221670786093121,1.2603928426213626,-0.7619674856253483,-0.9721822279634242,-1.3882212478035412
-0.853009357861921,-0.1018887300650445,0.8630826925485108,0.16152545721119682,-0.21234274007439433,1.5173791944998813,2.152103343644398,0.43401175748684684,-0.4979871466524391,-0.7959839298639905,-1.3882212478035412
-0.5068889160230172,1.445140536011208,-0.11706416068803956,-0.9287778709363915,0.09069020830394313,-1.4463847741741869,-1.627727696069535,-0.6161808715382845,-0.7619674856253483,-0.7078847808142741,0.6661410082198408
-0.7376358772489527,0.6716259029730814,-0.3621008739971774,0.2849560226618671,-0.08247147648367845,1.2268140995318353,2.4767514084051037,0.6233907561635273,1.0858948871850131,0.5255033058817618,-0.4843018551532534
0.9929663319455622,-0.39195671745434213,-0.3621008739971774,1.930696895337472,-0.08247147648367845,0.23889277664047934,1.3172940342597257,1.5186369317259132,-0.8939576551118029,-0.1792898865159733,-0.8129998161169948
-0.7376358772489527,0.5749365738433161,-0.4437797784335562,0.3260995444787573,-0.5153756884527319,0.2970057956340885,1.3868614767084484,0.3651466670589769,-0.3659969771659845,0.9659990511303452,-0.7308253258760599
-0.6222623966359855,-0.1018887300650445,1.0264405014212694,1.2003993830876722,-0.3855044248620159,1.5173791944998813,1.7346986889520617,1.1398789343725901,0.3599489550095144,0.349305007782328,-0.8951743063579298
-1.6606237221526938,1.3001065423165592,-1.1788899183609691,-0.8876343491195011,-0.2989235824682051,-0.4584634512828308,-1.1407555989284761,-0.3923693276476689,2.2738064125631046,-0.7078847808142741,-0.4843018551532534
0.06997848704182111,1.9285871816600368,0.2096514570574771,-0.4967708918590451,-0.6885373732403534,-0.22601137530839407,-0.05086566723182062,-1.1671015949613204,-0.3659969771659845,-0.9721822279634242,1.323536930147322
-0.39151543541004996,-0.9720926922329369,-0.03538525625166028,0.42895834902098257,0.22056147189465902,-1.0977066602125318,-0.14362225716345087,0.9332836630889804,0.5579342092391948,-0.44358733366512343,-1.5525702282854126
-0.1607684741841144,-1.2621606796222342,-0.3621008739971774,-0.18819447823236923,0.5235944202729967,-0.4003504322892216,-0.7465400917190476,0.2790653040241395,2.1418162430766503,-0.44358733366512343,-0.31995287467138345
1.5698337350103995,0.6232812384081985,5.437101340985746,2.5272779616823784,0.04739978710703774,1.168701080538226,1.572374656571709,2.0179088373280467,-1.553908502544076,-0.5316864827148403,-0.8129998161169948
1.9159541768493034,-1.1654713504924683,0.1279725526210978,-0.8876343491195011,-0.2989235824682051,-0.6328025082636584,0.22740410256307014,-0.09969269332918343,-1.553908502544076,-1.1483805260628581,-0.4843018551532534
-0.04539499357114716,4.104097087079767,-0.688816491742694,-0.5584861745843802,0.09069020830394313,-1.4463847741741869,-1.8596191708986105,0.7611209370192673,1.0858948871850131,0.2612058587326111,-0.8951743063579298
0.5314724094936911,-0.2952673883245763,0.4546881703666149,0.09981017448586167,-0.5153756884527319,-1.562610812161405,-1.2335121888601064,0.14133512316836136,-0.10201663819307528,-0.26738903556568966,0.7483154984607757
0.8775928513325939,0.6232812384081985,-0.6071375873063147,-0.8259190663941661,-0.12576189768058385,-1.155819679206141,-0.07405481471472819,-0.06526014811524845,-0.7619674856253483,-0.9721822279634242,-0.8951743063579298
0.8775928513325939,-0.5853353757138736,0.04629364818471899,0.7786782844645485,-0.4720852672558264,-0.5165764702764399,0.1346475126314399,0.9332836630889804,-0.7619674856253483,-0.003091588416539527,-0.6486508356351234
-0.39151543541004996,-1.0687820213627024,-0.03538525625166028,-0.9287778709363915,-0.775118215634164,-1.21393269819975,-0.885674976616493,-0.34072050982676644,0.22795878552305976,0.5255033058817618,-0.40212736491231843
1.5698337350103995,-0.48864604658410776,0.2913303614938564,-0.9493496318448365,-0.16905231887748895,0.23889277664047934,-0.4682703219241568,-0.34072050982676644,-1.3559232483143926,-1.1483805260628581,-0.4843018551532534
0.7622193707196266,0.3815579155837844,-0.6071375873063147,-0.8464908273026112,-0.16905231887748895,-1.2720457171933592,-0.09724396219763574,0.003604942312621482,-0.8279625703685771,-0.9721822279634242,-0.8951743063579298
-0.2761419547970827,-0.48864604658410776,-0.11706416068803956,-1.0316366754786166,-0.21234274007439433,-0.5746894892700491,-1.3494579262746442,-0.40958560025463636,1.2838801414146965,0.43740415683204487,-0.31995287467138345
-0.2761419547970827,-0.7787140339734051,-0.11706416068803956,-0.9904931536617264,-0.2989235824682051,-0.5746894892700491,-1.3726470737575518,-0.40958560025463636,1.2838801414146965,0.43740415683204487,-0.31995287467138345
0.5314724094936911,-0.39195671745434213,0.04629364818471899,1.9512686562459172,0.17727105069775392,0.18077975764687015,0.8535110846015743,1.553069476939848,-1.0919429093414863,-0.6197856317645573,-1.3060467575626062
1.339086773784465,1.348451206881442,0.2096514570574771,-0.18819447823236923,-0.3855044248620159,-0.05167231832756655,-0.8392966816506778,-0.6161808715382845,-0.43199206190921324,0.7017016039811945,1.4057114203882586
-0.853009357861921,-0.875403363103171,-0.688816491742694,-0.3939120873168198,-0.9915703216186909,-0.6909155272572675,-0.5842160593386946,-0.5128832358964796,1.151889971928242,0.17310670968289424,0.8304899887017108
-1.0837563190878554,-0.1985780591948104,-1.0155321094882108,1.3546875899010102,-0.5153756884527319,0.0645537196596518,0.343349839977608,1.174311479586525,0.5579342092391948,-0.5316864827148403,-0.8951743063579298
1.6852072156233688,-0.48864604658410776,0.7814037881121315,-0.5584861745843802,-0.4720852672558264,-1.21393269819975,-0.8392966816506778,-0.34072050982676644,-0.30000189242275865,-1.1483805260628581,0.7483154984607757
-0.39151543541004996,0.5749365738433161,-0.4437797784335562,-0.8464908273026112,-0.21234274007439433,0.47134485261491604,1.1781591493622803,-0.34072050982676644,-0.43199206190921324,-1.0602813770131412,-0.8129998161169948
-0.04539499357114716,-0.5853353757138736,0.1279725526210978,2.383275635323263,-0.2989235824682051,0.18077975764687015,0.36653898746051555,1.931827474293171,0.29395387026628855,-0.6197856317645573,-1.3060467575626062
-0.39151543541004996,-1.9389859835305945,-0.03538525625166028,-0.8259190663941661,-0.775118215634164,-0.6909155272572675,-1.0248098615139383,-0.9605063236776724,0.9539047176985587,1.846990541627513,1.159187949665452
-1.5452502415397265,1.348451206881442,-1.9956789627247613,-0.8876343491195011,-1.1647320064063122,-0.9814806222253134,-1.6045385485866275,-1.0982365045334122,0.8879096329553328,0.17310670968289424,0.6661410082198408
-2.0067441639915975,1.348451206881442,-2.6491101982157947,-0.9082061100279463,-1.251312848800123,-0.5746894892700491,-0.8161075341677703,-1.5114270471007083,1.2178850566714678,-1.1483805260628581,1.4057114203882586
-0.9683828384748883,-0.1018887300650445,-1.1788899183609691,-0.8670625882110562,-1.1214415852094068,-0.6328025082636584,-0.6305943543045097,-1.3736968662449303,0.8219145482121041,-0.1792898865159733,1.6522348911110634
0.3007254482677556,-1.4555393378817658,0.37300926593023565,-0.8464908273026112,0.004109365910132342,-1.21393269819975,-0.5378377643728794,-0.4440181454685714,0.8219145482121041,3.6089735226218496,0.9126644789426457
0.8775928513325939,0.1881792573242526,-0.688816491742694,-0.3321968045914847,0.35043273548537524,-0.7490285462508767,-0.6074052068216022,0.6233907561635273,-0.4979871466524391,-0.003091588416539527,-1.1416977770807362
-0.2761419547970827,-1.4555393378817658,-0.2804219695607981,-0.2087662391408142,0.5235944202729967,0.7037969285893527,-0.14362225716345087,0.2790653040241395,2.0758211583334214,-0.35548818461540654,-0.23777838443044702
-0.39151543541004996,-1.358850008752,-0.03538525625166028,0.34667130538720226,0.17727105069775392,1.0524750425510079,1.2013482968451878,0.9677162083029154,0.3599489550095144,-0.003091588416539527,-1.6347447185263475
0.9929663319455622,-0.005199400935278622,-0.03538525625166028,0.16152545721119682,-0.3855044248620159,-0.16789835631478492,0.41291728242633063,0.45122803009381435,1.2838801414146965,1.142197349229779,0.09091957653329293
-0.9683828384748883,-0.7787140339734051,3.0684131123307488,-0.8876343491195011,4.50631317038829,-1.4463847741741869,-1.9291866133473332,-0.3751530550407014,-0.4979871466524391,-0.1792898865159733,-0.6486508356351234
-0.9683828384748883,-0.875403363103171,3.0684131123307488,-0.9082061100279463,4.5928940127821,-1.504497793167796,-1.9059974658644256,-0.3751530550407014,-0.4979871466524391,-0.26738903556568966,-0.6486508356351234
-2.0067441639915975,1.058383219492145,-1.0155321094882108,-0.8670625882110562,-0.8184086368310695,-1.155819679206141,-1.5117819586549972,-1.5114270471007083,2.0098260735901956,-0.35548818461540654,1.5700604008701284
-1.314503280313791,0.7683152321028474,0.04629364818471899,-0.3527685654999297,-0.8616990580279749,-0.8071415652444859,-1.3958362212404594,-1.0638039593194772,1.4158703109011512,-0.35548818461540654,1.077013459424517
0.06997848704182111,-0.875403363103171,-0.03538525625166028,-0.8876343491195011,-0.12576189768058385,1.6336052324870995,0.2737823975288853,-0.4440181454685714,1.6138555651308317,0.2612058587326111,0.17309406677422937
-0.9683828384748883,1.2517618777516761,-1.0155321094882108,-0.8259190663941661,0.17727105069775392,-0.34223741329561247,-0.35232458450961895,-0.34072050982676644,1.481865395644377,0.2612058587326111,-0.07342940394857704
0.6468458901066594,-0.005199400935278622,-0.2804219695607981,-0.1264791955070341,0.35043273548537524,0.5294578716085252,0.552052167323776,0.1069025779544264,-0.4979871466524391,-0.0911907374662564,-0.23777838443044702
0.6468458901066594,0.1881792573242526,-0.2804219695607981,-0.14705095641547908,0.30714231428846983,0.5875708906021344,0.5984304622895912,0.1069025779544264,-0.4979871466524391,-0.35548818461540654,-0.23777838443044702
0.9929663319455622,-0.005199400935278622,0.4546881703666149,0.6141041971969882,-0.4287948460589213,-1.562610812161405,-0.4682703219241568,-0.09969269332918343,-0.8939576551118029,-0.9721822279634242,1.159187949665452
2.0313276574622705,-1.1654713504924683,0.37300926593023565,-0.5173426527674903,-0.25563316127129976,0.3551188146276977,0.1346475126314399,-0.20299032897102656,-1.6199035872873018,-0.8840830789137074,-0.31995287467138345
1.5698337350103995,-0.1985780591948104,0.8630826925485108,-0.9493496318448365,0.004109365910132342,-1.6207238311550143,-1.58134940110372,0.2102002135962313,-0.3659969771659845,1.142197349229779,-0.31995287467138345
-0.39151543541004996,-0.2952673883245763,-0.5254586828699355,1.9101251344290264,0.13398062950084852,2.3309614604104096,1.8506444263665995,1.174311479586525,-0.03602155344984944,-0.8840830789137074,-0.5664763453941885
0.18535196765478837,-0.39195671745434213,-1.2605688227973484,-0.9493496318448365,0.004109365910132342,-1.504497793167796,-1.7436734334840729,0.07247003274049142,1.2178850566714678,-0.1792898865159733,-0.40212736491231843
2.0313276574622705,-0.9720926922329369,0.2096514570574771,-0.8464908273026112,-0.25563316127129976,-0.6328025082636584,1.1549700018793727,0.6233907561635273,0.3599489550095144,0.5255033058817618,-0.8951743063579298
1.1083398125585295,-0.1018887300650445,0.04629364818471899,-0.8876343491195011,0.004109365910132342,-0.4584634512828308,0.38972813494342307,-0.3751530550407014,-0.9599527398550317,-0.35548818461540654,-0.07342940394857704
-0.9683828384748883,-0.1985780591948104,0.04629364818471899,-0.9493496318448365,0.004109365910132342,-1.6788368501486235,-2.508915300420022,-0.47845069068254453,0.6239292939824236,1.230296498279496,-0.15560389418951204
-0.853009357861921,-0.39195671745434213,-0.5254586828699355,0.7992500453729937,0.6967561050606181,-0.10978533732117574,0.343349839977608,0.9677162083029154,0.7559194634688782,-0.1792898865159733,-0.8951743063579298
1.339086773784465,-0.39195671745434213,-0.2804219695607981,2.37298975486904,0.437013577879186,0.47134485261491604,1.08540255943065,2.0351251099350143,-0.9599527398550317,0.08500756063317735,-1.1416977770807362
0.8775928513325939,-0.6820247048436395,2.1699451635305778,-0.7847755445772759,0.004109365910132342,0.7037969285893527,0.6448087572554063,-0.06526014811524845,-0.9599527398550317,0.43740415683204487,-0.40212736491231843
1.339086773784465,-0.875403363103171,0.2096514570574771,-0.8464908273026112,0.17727105069775392,-1.0977066602125318,-1.2335121888601064,-0.06526014811524845,-0.30000189242275865,-0.35548818461540654,-0.6486508356351234
-0.5068889160230172,-0.005199400935278622,0.618045979239373,0.1820972181196418,-0.039181055286773056,1.5173791944998813,1.827455278883692,0.4856605753077493,-0.6959724008821225,-0.26738903556568966,-0.9773487965988648
-0.5068889160230172,-0.005199400935278622,0.7814037881121315,0.24381250084497694,-0.039181055286773056,1.4592661755062721,1.9434010162982298,0.4856605753077493,-0.6959724008821225,-0.35548818461540654,-0.9773487965988648
0.06997848704182111,-0.39195671745434213,0.4546881703666149,-0.9493496318448365,0.7400465262575234,-0.9814806222253134,-0.02767651974891306,-0.34072050982676644,0.7559194634688782,-0.0911907374662564,-0.15560389418951204
-1.1991297997008237,0.7683152321028474,-0.6071375873063147,-0.5379144136759353,-0.3422140036651105,0.2970057956340885,0.36653898746051555,-0.9260737784637374,0.9539047176985587,0.5255033058817618,0.5839665179789058
-0.2761419547970827,-0.9720926922329369,-0.4437797784335562,-0.5379144136759353,-0.08247147648367845,-0.9814806222253134,-1.0711881564797534,-0.2718554193988965,1.481865395644377,1.3183956473292127,0.17309406677422937
-2.0067441639915975,2.3153444981791003,-2.240715676033899,-0.6613449791266055,0.2638518930915644,-0.28412439430200326,-1.3494579262746442,-0.20299032897102656,0.8219145482121041,-0.5316864827148403,-1.0595232868397997
-0.2761419547970827,-0.5853353757138736,0.2913303614938564,-0.9699213927532815,0.5668848414699019,0.5875708906021344,1.4332397716742635,-0.2718554193988965,1.151889971928242,0.5255033058817618,-0.23777838443044702
1.6852072156233688,-1.2621606796222342,0.4546881703666149,-0.9493496318448365,0.3937231566822806,-0.16789835631478492,0.20421495508016257,-0.2718554193988965,-0.7619674856253483,-0.8840830789137074,-0.07342940394857704
0.8775928513325939,-1.1654713504924683,0.8630826925485108,-0.9287778709363915,-0.12576189768058385,-0.5746894892700491,-0.6537835017874173,-0.20299032897102656,-0.5639822313956678,2.2874862868760975,-0.23777838443044702
0.9929663319455622,-1.1654713504924683,0.618045979239373,-0.8670625882110562,0.09069020830394313,1.4592661755062721,0.8303219371186668,-0.20299032897102656,0.29395387026628855,1.4945939454286465,0.5017920277379693
1.6852072156233688,-1.1654713504924683,1.1897983102940275,-0.8670625882110562,0.4803039990760914,-0.22601137530839407,-0.9088641240994005,0.17576766838229632,-0.30000189242275865,-0.7078847808142741,-0.23777838443044702
-0.7376358772489527,-0.2952673883245763,1.1081194058576482,1.1695417417250047,0.09069020830394313,1.5754922134934903,1.6883203939862468,1.0365812987307852,-0.03602155344984944,0.08500756063317735,-0.8951743063579298
-0.853009357861921,-1.1654713504924683,-0.5254586828699355,1.3752593508094553,0.7833369474544288,1.6336052324870995,0.5752413148066836,1.931827474293171,3.0657474294818323,-0.5316864827148403,-1.3882212478035412
0.8775928513325939,1.058383219492145,-0.9338532050518316,-0.6407732182181606,-0.4287948460589213,-0.9233676032317042,-0.561026911855787,-0.40958560025463636,-1.0919429093414863,-1.7650745694108756,-0.31995287467138345
-0.04539499357114716,0.8650045612326133,1.1081194058576482,1.0872546980912243,1.086369895832766,0.5294578716085252,-0.02767651974891306,1.0365812987307852,-1.4219183330576213,3.432775224522416,-1.1416977770807362
0.3007254482677556,-0.9720926922329369,0.6997248836757523,-0.9287778709363915,-0.039181055286773056,0.7037969285893527,0.45929557739214577,-0.7539110523940243,-1.6199035872873018,-1.588876271311442,-0.07342940394857704
1.6852072156233688,-1.358850008752,-0.6071375873063147,-0.9082061100279463,0.13398062950084852,1.2268140995318353,1.2013482968451878,0.2790653040241395,0.09596861603660517,1.142197349229779,-0.8951743063579298
2.0313276574622705,-0.7787140339734051,0.6997248836757523,-0.9082061100279463,-0.21234274007439433,0.0064407006660426236,-0.28275714206089625,-0.4440181454685714,-0.5639822313956678,-0.003091588416539527,0.6661410082198408
-0.04539499357114716,-0.875403363103171,-0.11706416068803956,0.23352662039075445,-1.1647320064063122,1.110588061544617,1.1781591493622803,-0.09969269332918343,0.3599489550095144,-1.0602813770131412,0.41961753749703434
0.8775928513325939,-0.875403363103171,0.37300926593023565,0.963824132640554,0.6101752626668073,0.7619099475829619,0.8535110846015743,0.8299860274471372,-0.43199206190921324,-0.9721822279634242,-0.07342940394857704
-0.04539499357114716,0.5749365738433161,3.3134498256398865,-0.6407732182181606,1.822307056180157,-0.6909155272572675,1.1085917069135576,-0.34072050982676644,2.0758211583334214,1.846990541627513,1.159187949665452
-0.7376358772489527,-1.2621606796222342,1.0264405014212694,-0.8876343491195011,-0.2989235824682051,0.18077975764687015,-0.3291354370267114,-0.2718554193988965,1.2178850566714678,0.17310670968289424,-0.7308253258760599
-0.2761419547970827,-1.358850008752,0.8630826925485108,-0.8876343491195011,-0.16905231887748895,0.7037969285893527,0.06508007018271719,-0.2718554193988965,0.8219145482121041,0.17310670968289424,-0.31995287467138345
1.339086773784465,2.6054124855683978,-1.3422477272337274,0.4701018708378725,-0.25563316127129976,-1.2720457171933592,-1.790051728449888,0.6233907561635273,-0.6959724008821225,-1.6769754203611589,-0.8951743063579298
0.18535196765478837,-0.39195671745434213,0.1279725526210978,-0.9082061100279463,0.2638518930915644,0.9362490045637895,-0.21318969961217357,0.1069025779544264,1.4158703109011512,0.8778999020806283,-0.15560389418951204
-0.6222623966359855,3.088859131217226,0.8630826925485108,1.0461111762743343,0.17727105069775392,0.8781359855701802,2.4999405558880112,1.174311479586525,-0.03602155344984944,0.7017016039811945,-1.0595232868397997
0.3007254482677556,-0.7787140339734051,0.618045979239373,-0.7847755445772759,0.35043273548537524,-0.6328025082636584,0.6679979047383139,0.3479303944520094,1.877835904103741,1.142197349229779,-0.07342940394857704
-0.7376358772489527,0.5749365738433161,-0.3621008739971774,0.34667130538720226,0.04739978710703774,0.5875708906021344,2.1984816386102133,0.5889582109495924,1.0198998024417874,1.142197349229779,-0.4843018551532534
0.3007254482677556,0.1881792573242526,0.2096514570574771,0.1820972181196418,0.3937231566822806,0.5585143811053298,2.2448599335760284,1.174311479586525,1.9438309888469696,1.3183956473292127,-0.31995287467138345
1.2237132931714978,3.47561644773629,1.0264405014212694,0.963824132640554,8.575612762897393,-0.10978533732117574,2.0825359011956754,1.553069476939848,-2.14786426523312,2.1993871378263807,-1.2238722673216713
2.262074618688207,-1.0687820213627024,0.37300926593023565,-0.8464908273026112,-0.25563316127129976,0.23889277664047934,0.2505932500459777,0.14133512316836136,-0.2340068076795299,1.5826930944783633,-0.31995287467138345
0.7622193707196266,-1.0687820213627024,0.2913303614938564,-0.9082061100279463,0.6101752626668073,-0.9814806222253134,-1.4422145162062745,-0.06526014811524845,2.2738064125631046,3.432775224522416,0.09091957653329293
0.3007254482677556,1.831897852530271,-0.7704953961790733,0.017523130852081365,-0.08247147648367845,-1.3882717551805777,-1.3958362212404594,0.6233907561635273,0.09596861603660517,0.6136024549314787,-0.7308253258760599
0.3007254482677556,-1.2621606796222342,0.04629364818471899,-0.1264791955070341,-0.5153756884527319,-0.10978533732117574,-0.7697292392019551,0.5200931205216842,1.151889971928242,0.2612058587326111,-1.0595232868397997
0.7622193707196266,-1.0687820213627024,0.04629364818471899,-0.9287778709363915,-0.4720852672558264,-1.2720457171933592,-0.8161075341677703,-0.6850459619661544,-0.9599527398550317,2.1993871378263807,0.33744304725609936
1.5698337350103995,3.8623737642553535,-0.2804219695607981,-0.7847755445772759,0.04739978710703774,-1.0395936412189226,0.01870177521690207,0.41679548487987933,0.16196370077983394,1.93508969067723,0.17309406677422937
0.9929663319455622,-0.05354406550016156,-0.2804219695607981,-1.0110649145701716,-0.2989235824682051,-0.9233676032317042,-1.4422145162062745,-0.6161808715382845,-1.223933078827941,0.6136024549314787,0.09091957653329293
0.5314724094936911,2.0252765107898028,-0.11706416068803956,-0.14705095641547908,-0.12576189768058385,-0.9814806222253134,-0.7697292392019551,0.4856605753077493,0.29395387026628855,-0.35548818461540654,0.09091957653329293
0.7622193707196266,0.47824724471355023,1.1897983102940275,2.7844249730379413,0.09069020830394313,1.168701080538226,2.453562260922196,2.4827481977161687,-1.6199035872873018,-0.7959839298639905,-1.470395738044476
0.41609892888072386,-0.6820247048436395,0.2913303614938564,-0.8876343491195011,0.13398062950084852,-0.6909155272572675,-1.0016207140310307,-0.47845069068254453,-0.2340068076795299,-0.0911907374662564,0.2552685570151644
0.5314724094936911,-1.2621606796222342,0.5363670748029942,-0.805347305485721,0.17727105069775392,-0.6328025082636584,-1.0479990089968458,-0.20299032897102656,-0.3659969771659845,-0.35548818461540654,-0.07342940394857704
-0.39151543541004996,-0.875403363103171,-1.914000058288382,-0.9493496318448365,0.004109365910132342,-0.6909155272572675,-0.7001617967532324,-0.030827602901313488,0.6239292939824236,-0.35548818461540654,-0.4843018551532534
0.18535196765478837,0.28486858645401847,1.5165139280395445,-0.8670625882110562,-0.7318277944372586,-1.7369498691422327,-1.7668625809669805,-0.6850459619661544,-0.8279625703685771,-0.5316864827148403,-0.15560389418951204
1.6852072156233688,1.1550725486219109,0.37300926593023565,-0.9904931536617264,-0.3422140036651105,-1.155819679206141,-1.4422145162062745,-0.13412523854315664,-1.0919429093414863,-0.5316864827148403,-1.1416977770807362
-0.853009357861921,0.8650045612326133,0.2096514570574771,-0.24990976095770437,-0.4720852672558264,0.0645537196596518,-0.49145946940706436,-0.9605063236776724,0.7559194634688782,1.142197349229779,1.6522348911110634
0.5314724094936911,-0.39195671745434213,0.04629364818471899,0.3260995444787573,0.09069020830394313,-0.34223741329561247,0.343349839977608,0.8299860274471372,-0.6299773161388937,0.43740415683204487,-1.3060467575626062
0.06997848704182111,-0.6820247048436395,3.885202156694542,-0.9904931536617264,3.9435376948285206,0.9943620235573987,-0.3291354370267114,-0.20299032897102656,-1.0919429093414863,-0.8840830789137074,-1.1416977770807362
0.8775928513325939,0.09148992819448672,0.6997248836757523,-0.9493496318448365,-0.4720852672558264,-0.9814806222253134,-1.1871338938942912,-1.0293714141055423,-1.3559232483143926,-0.8840830789137074,0.5839665179789058
2.9543155023660126,0.09148992819448672,1.7615506413486823,-0.7642037836688309,0.17727105069775392,-1.0395936412189226,-0.42189202695834166,0.8299860274471372,-0.4979871466524391,1.7588913925777963,-0.23777838443044702
2.0313276574622705,-0.1985780591948104,0.618045979239373,-0.7642037836688309,0.13398062950084852,-0.34223741329561247,-0.6074052068216022,0.1069025779544264,-1.553908502544076,-0.44358733366512343,-0.4843018551532534
0.7622193707196266,-0.6820247048436395,0.04629364818471899,-0.9699213927532815,0.6101752626668073,-0.5165764702764399,-0.6074052068216022,-0.23742287418496152,2.0758211583334214,-0.1792898865159733,0.09091957653329293
0.41609892888072386,2.2186551690493346,-0.7704953961790733,0.8403935671898838,2.038759162164684,0.0064407006660426236,1.3868614767084484,1.484204386511978,1.4158703109011512,-0.1792898865159733,-1.3060467575626062
-1.775997202765662,0.1881792573242526,-1.0972110139245899,-0.9904931536617264,1.3461124230141985,0.7619099475829619,0.6679979047383139,0.2102002135962313,0.6899243787256494,0.43740415683204487,-1.5525702282854126
1.339086773784465,-0.1985780591948104,0.2096514570574771,-0.805347305485721,0.35043273548537524,-0.28412439430200326,-0.3755137319925265,-0.6161808715382845,-0.6959724008821225,2.023188839726947,0.8304899887017108
0.18535196765478837,-0.6820247048436395,-0.4437797784335562,0.3260995444787573,1.0430794746358611,0.5875708906021344,1.1085917069135576,0.9677162083029154,0.9539047176985587,0.5255033058817618,-0.9773487965988648
-0.1607684741841144,-0.1985780591948104,-0.6071375873063147,-0.3939120873168198,1.4326932654080091,0.035497210162847216,1.827455278883692,0.6233907561635273,0.7559194634688782,1.6707922435280802,-0.8951743063579298
-0.1607684741841144,-0.1985780591948104,-0.6071375873063147,-0.37334032640837483,1.172950738226577,0.0645537196596518,1.5028072141229862,0.6233907561635273,0.6899243787256494,1.5826930944783633,-0.8951743063579298
1.4544602543974323,-0.1985780591948104,0.2913303614938564,-0.8259190663941661,1.1296603170296715,0.7619099475829619,0.5056738723579609,0.38236293966594437,1.151889971928242,1.846990541627513,0.2552685570151644
1.6852072156233688,-0.5853353757138736,0.37300926593023565,1.8278380907952465,0.35043273548537524,-0.16789835631478492,-0.2595679945779887,2.207287836004689,0.16196370077983394,0.08500756063317735,-0.7308253258760599
-0.5068889160230172,0.1881792573242526,1.4348350236031653,-0.08533567369014393,0.09069020830394313,1.5754922134934903,0.8071327896357593,0.14133512316836136,-0.7619674856253483,-0.35548818461540654,-1.2238722673216713
0.7622193707196266,-0.875403363103171,0.04629364818471899,-0.6819167400350507,-0.3855044248620159,-0.10978533732117574,-0.28275714206089625,-0.5128832358964796,-0.6299773161388937,-0.003091588416539527,0.41961753749703434
2.262074618688207,0.47824724471355023,0.8630826925485108,0.089524294031639,-0.9482799004217854,-1.504497793167796,-1.1639447464113837,-0.7194785071800893,-1.553908502544076,-0.7959839298639905,1.6522348911110634
0.06997848704182111,-0.7787140339734051,0.2096514570574771,-0.9082061100279463,-0.645246952043448,0.18077975764687015,0.22740410256307014,-0.23742287418496152,1.0198998024417874,0.6136024549314787,0.33744304725609936
1.339086773784465,0.8650045612326133,-0.11706416068803956,-0.8876343491195011,-0.25563316127129976,-0.16789835631478492,0.6679979047383139,-0.6161808715382845,-1.2899281635711668,0.5255033058817618,0.5839665179789058
1.5698337350103995,0.09148992819448672,-0.03538525625166028,0.6552477190138781,-0.4287948460589213,-0.4003504322892216,-0.4450811744412492,0.5200931205216842,-1.553908502544076,-0.7959839298639905,0.2552685570151644
0.9929663319455622,0.5749365738433161,-0.2804219695607981,0.42895834902098257,0.09069020830394313,-0.5746894892700491,1.2709157392939106,0.45122803009381435,-1.4879134178008473,-0.1792898865159733,0.2552685570151644
-0.7376358772489527,2.6054124855683978,0.94476159698489,1.2518287853587848,0.13398062950084852,-0.4584634512828308,1.1317808543964651,1.243176570014395,-0.16801172293630404,0.08500756063317735,-1.0595232868397997
-0.5068889160230172,1.1550725486219109,-1.1788899183609691,-0.5584861745843802,-0.5586661096496373,-0.4003504322892216,-0.3059462895438038,-1.1671015949613204,0.16196370077983394,0.43740415683204487,1.7344093813519985
0.7622193707196266,-0.005199400935278622,-0.03538525625166028,0.3672430662956474,0.09069020830394313,0.4132318336213069,0.9926459694990197,1.243176570014395,1.151889971928242,0.8778999020806283,-0.40212736491231843
1.1083398125585295,-0.1985780591948104,0.8630826925485108,-0.9493496318448365,-0.3855044248620159,0.47134485261491604,-0.12043310968054331,0.2102002135962313,-0.10201663819307528,1.4064947963789296,-0.4843018551532534
-0.39151543541004996,-0.1985780591948104,0.04629364818471899,2.1364145044219223,0.22056147189465902,1.2268140995318353,1.3868614767084484,2.276152926432559,1.9438309888469696,-0.6197856317645573,-0.6486508356351234
-0.6222623966359855,0.5749365738433161,-0.3621008739971774,0.05866665266897152,0.004109365910132342,-0.34223741329561247,2.0825359011956754,0.4856605753077493,0.6239292939824236,0.349305007782328,-0.40212736491231843
-0.04539499357114716,-1.2621606796222342,-0.03538525625166028,-0.24990976095770437,0.5668848414699019,-0.22601137530839407,-0.4450811744412492,0.6233907561635273,1.547860480387606,-0.8840830789137074,-1.3060467575626062
-0.6222623966359855,-0.1018887300650445,-0.688816491742694,-0.02362039096480879,-0.3422140036651105,0.9943620235573987,0.41291728242633063,0.41679548487987933,0.5579342092391948,-0.9721822279634242,-0.9773487965988648
0.6468458901066594,-0.7787140339734051,0.2913303614938564,2.270130950326815,0.09069020830394313,0.47134485261491604,1.2245374443280954,1.9662600195071442,-1.0919429093414863,-0.6197856317645573,-1.1416977770807362
-0.6222623966359855,-0.48864604658410776,-1.0155321094882108,-0.16762271732392425,-0.4720852672558264,-0.34223741329561247,0.11145836514853233,0.14133512316836136,1.0858948871850131,-1.4126779732120083,-0.40212736491231843
0.5314724094936911,0.28486858645401847,2.9050553034579902,0.8815370890067737,-0.21234274007439433,1.3430401375190537,0.5288630198408685,1.3464742056562382,-0.8939576551118029,-0.35548818461540654,-1.6347447185263475
-1.8913706833786292,-0.39195671745434213,0.94476159698489,-0.43505560913371,-0.8184086368310695,-0.8071415652444859,-0.21318969961217357,-0.6161808715382845,2.3398014973063304,-0.003091588416539527,0.5017920277379693
0.18535196765478837,-0.39195671745434213,-0.11706416068803956,-0.9493496318448365,-0.3855044248620159,0.23889277664047934,-0.3291354370267114,-0.6161808715382845,-0.16801172293630404,-0.6197856317645573,0.5017920277379693
0.18535196765478837,-1.0687820213627024,-0.03538525625166028,-0.3939120873168198,-0.5153756884527319,-1.0395936412189226,-0.23637884709508114,-0.13412523854315664,-0.03602155344984944,-0.8840830789137074,0.008745086292357939
1.6852072156233688,-0.6820247048436395,2.0065873546578192,2.300988591689483,0.13398062950084852,1.5754922134934903,1.7578878364349693,2.3450180168604287,-1.223933078827941,0.17310670968289424,-1.0595232868397997
0.41609892888072386,-0.6820247048436395,0.1279725526210978,1.7661228080699112,0.09069020830394313,0.0064407006660426236,0.9462676745332046,1.5186369317259132,-0.9599527398550317,-0.1792898865159733,-1.3882212478035412
0.3007254482677556,-0.6820247048436395,0.5363670748029942,-0.9699213927532815,0.9997890534389559,-0.6328025082636584,0.4361064299092382,-0.34072050982676644,1.481865395644377,-0.5316864827148403,0.008745086292357939
1.800580696236336,-1.0687820213627024,-0.19874306512441883,0.16152545721119682,-0.3422140036651105,-0.34223741329561247,-0.12043310968054331,0.2446327588102045,-0.6299773161388937,-1.500777122261725,0.008745086292357939
0.6468458901066594,-0.39195671745434213,-0.19874306512441883,0.5112453926547629,-0.039181055286773056,0.9943620235573987,1.0622134119477424,0.8644185726610721,-0.6959724008821225,-1.500777122261725,-1.470395738044476
-1.775997202765662,-0.39195671745434213,-0.03538525625166028,-0.9493496318448365,-0.5586661096496373,-0.5746894892700491,-0.9320532715823081,-1.0982365045334122,2.6037818362792398,-0.9721822279634242,0.33744304725609936
-0.39151543541004996,-0.005199400935278622,-0.6071375873063147,0.5935324362885431,-0.25563316127129976,0.5294578716085252,0.04189092269980963,0.6233907561635273,0.8219145482121041,-1.0602813770131412,-0.31995287467138345
-0.39151543541004996,0.09148992819448672,-0.688816491742694,0.963824132640554,-0.2989235824682051,-0.16789835631478492,-0.3987028794754341,0.8299860274471372,0.7559194634688782,-1.3245788241622913,-0.40212736491231843
-1.1991297997008237,0.09148992819448672,-1.0155321094882108,-0.6819167400350507,-0.90498947922488,-1.3301587361869684,-0.3987028794754341,-1.5114270471007083,1.2838801414146965,2.6398828830749648,2.8026777544841575
-0.6222623966359855,-1.0687820213627024,0.6997248836757523,-0.6407732182181606,-0.775118215634164,0.5875708906021344,-0.7001617967532324,-1.0293714141055423,0.491939124495969,-0.5316864827148403,0.9948389691835822
-0.6222623966359855,-1.1654713504924683,0.5363670748029942,-0.8876343491195011,-0.5586661096496373,1.401153156512663,0.2505932500459777,-0.8227761428219325,1.6138555651308317,0.349305007782328,0.6661410082198408
1.2237132931714978,0.09148992819448672,0.4546881703666149,0.16152545721119682,-0.4287948460589213,-1.6788368501486235,-0.4682703219241568,0.003604942312621482,-0.4979871466524391,-0.6197856317645573,0.09091957653329293
-1.5452502415397265,0.3815579155837844,0.94476159698489,-0.2087662391408142,-0.775118215634164,-0.5746894892700491,1.247726591811003,-0.5473157811104145,2.0758211583334214,-0.003091588416539527,0.7483154984607757
0.41609892888072386,0.8650045612326133,-1.505605536106486,-0.805347305485721,-0.7318277944372586,-0.4584634512828308,-1.1639447464113837,-1.2015341401752553,0.6899243787256494,0.8778999020806283,1.6522348911110634
-0.853009357861921,0.09148992819448672,-0.5254586828699355,-0.8670625882110562,-0.9482799004217854,-1.2720457171933592,-1.419025368723367,-1.5458595923146434,0.09596861603660517,0.17310670968289424,1.6522348911110634
2.723568541140076,-0.5853353757138736,0.5363670748029942,-0.7230602618519408,0.35043273548537524,-0.9814806222253134,0.3201606924947004,0.4856605753077493,-1.0259478245982576,-0.26738903556568966,-1.0595232868397997
1.339086773784465,-0.9720926922329369,0.2913303614938564,-0.9493496318448365,-0.25563316127129976,-1.155819679206141,-0.9552424190652156,-0.8916412332498024,-0.8939576551118029,1.054098200180062,1.2413624399063872
-0.39151543541004996,-0.5853353757138736,0.04629364818471899,1.2518287853587848,0.30714231428846983,1.168701080538226,0.923078527050297,1.553069476939848,2.1418162430766503,-0.44358733366512343,-0.5664763453941885
0.6468458901066594,-0.9720926922329369,0.5363670748029942,-0.8876343491195011,0.04739978710703774,-0.7490285462508767,-0.8161075341677703,-0.030827602901313488,0.5579342092391948,-0.44358733366512343,0.09091957653329293
-0.39151543541004996,2.3153444981791003,-1.3422477272337274,-0.9287778709363915,0.04739978710703774,-1.7369498691422327,-2.578482742868745,-0.20299032897102656,0.4259440397527402,-1.500777122261725,-0.4843018551532534
0.18535196765478837,-1.2621606796222342,0.37300926593023565,-0.7642037836688309,0.04739978710703774,-0.10978533732117574,-0.9552424190652156,-0.34072050982676644,-0.43199206190921324,-0.8840830789137074,-0.15560389418951204
-1.0837563190878554,1.3001065423165592,-1.6689633449792445,-0.9287778709363915,-0.25563316127129976,-1.3882717551805777,-1.6972951385182578,-0.5473157811104145,0.6239292939824236,0.2612058587326111,-0.07342940394857704
1.4544602543974323,1.6385191942707398,0.04629364818471899,0.4906736317463179,-0.3855044248620159,-0.10978533732117574,1.827455278883692,1.3120416604423033,0.7559194634688782,1.3183956473292127,-0.7308253258760599
-1.1991297997008237,1.3001065423165592,-1.6689633449792445,-0.9287778709363915,-0.25563316127129976,-1.3882717551805777,-1.6972951385182578,-0.5473157811104145,0.6239292939824236,0.2612058587326111,-0.07342940394857704
-0.5068889160230172,2.1219658399195684,-1.4239266316701067,1.4369746335347906,-0.16905231887748895,-0.5165764702764399,0.01870177521690207,1.243176570014395,0.5579342092391948,-1.4126779732120083,-1.3060467575626062
-0.1607684741841144,-1.6972626607061805,-0.11706416068803956,1.3341158289925652,0.22056147189465902,-0.05167231832756655,-0.72335094423614,1.4497718412980432,2.2738064125631046,-0.35548818461540654,-1.1416977770807362
-0.9683828384748883,1.1550725486219109,-0.2804219695607981,-0.8876343491195011,0.04739978710703774,-0.28412439430200326,-0.4682703219241568,-0.23742287418496152,-0.16801172293630404,-0.0911907374662564,-0.40212736491231843
-0.2761419547970827,-0.2952673883245763,0.4546881703666149,-0.9184919904821688,-0.25563316127129976,0.2970057956340885,-1.1175664514455685,-0.9260737784637374,1.0198998024417874,-0.7959839298639905,0.6661410082198408
3.415809424817884,0.7683152321028474,0.94476159698489,-0.8876343491195011,-0.16905231887748895,-1.3882717551805777,-0.3059462895438038,0.2102002135962313,-1.7518937567737565,-0.26738903556568966,0.17309406677422937
3.185062463591947,-0.48864604658410776,0.5363670748029942,-0.9082061100279463,-0.08247147648367845,-0.9233676032317042,-0.05086566723182062,-0.030827602901313488,-1.553908502544076,-0.003091588416539527,0.2552685570151644
-0.6222623966359855,2.6054124855683978,0.94476159698489,1.4575463944432354,0.04739978710703774,-0.10978533732117574,1.0390242644648349,1.243176570014395,0.02997353129337933,-0.26738903556568966,-1.1416977770807362
-0.39151543541004996,-1.6005733315764146,-0.3621008739971774,-0.8156331859399435,-0.3422140036651105,2.214735422423191,0.6679979047383139,-1.6491572279564481,-0.4979871466524391,-2.117471165609743,1.89875836183387
-0.5068889160230172,-1.5038840024466487,-0.3621008739971774,-0.013334510510586298,-0.16905231887748895,-0.6328025082636584,-0.885674976616493,-0.6161808715382845,0.22795878552305976,-1.500777122261725,1.159187949665452
-1.314503280313791,-1.745607325271063,-0.5254586828699355,-0.9493496318448365,0.04739978710703774,-0.8071415652444859,-0.8624858291335854,-0.34072050982676644,0.491939124495969,-0.26738903556568966,-0.8951743063579298
1.2237132931714978,-0.2952673883245763,-0.3621008739971774,-0.1264791955070341,-0.645246952043448,-0.10978533732117574,-0.4682703219241568,-0.6850459619661544,-0.8939576551118029,-1.500777122261725,0.9948389691835822
0.06997848704182111,-0.7787140339734051,-0.4437797784335562,-0.9699213927532815,0.09069020830394313,0.0645537196596518,0.5056738723579609,-0.06526014811524845,-0.03602155344984944,-0.5316864827148403,-1.2238722673216713
0.06997848704182111,-0.48864604658410776,0.04629364818471899,-0.3939120873168198,0.04739978710703774,-0.6328025082636584,-0.21318969961217357,0.2102002135962313,0.02997353129337933,0.2612058587326111,-0.7308253258760599
-0.04539499357114716,1.058383219492145,-0.19874306512441883,1.7352651667072438,-0.12576189768058385,-0.4003504322892216,0.5752413148066836,1.725232203009561,-0.16801172293630404,0.43740415683204487,-1.2238722673216713
2.1467011380752377,-0.5853353757138736,0.6997248836757523,-0.7436320227603859,0.30714231428846983,-0.4584634512828308,-0.5378377643728794,0.07247003274049142,-1.3559232483143926,-0.5316864827148403,-0.4843018551532534
0.6468458901066594,1.2517618777516761,0.04629364818471899,-0.24990976095770437,-0.16905231887748895,-0.9233676032317042,-0.23637884709508114,0.5200931205216842,0.3599489550095144,-0.6197856317645573,-0.15560389418951204
-0.1607684741841144,-0.2952673883245763,0.04629364818471899,1.4266887530805679,0.09069020830394313,-0.28412439430200326,0.552052167323776,1.6563671125816912,1.6138555651308317,-0.1792898865159733,-0.8951743063579298
-0.9683828384748883,-0.1985780591948104,0.6997248836757523,-0.14705095641547908,-0.8184086368310695,2.040396365442364,0.9462676745332046,-0.8227761428219325,1.3498752261579225,-0.7959839298639905,1.4057114203882586
-0.853009357861921,0.28486858645401847,0.2913303614938564,0.5112453926547629,-0.645246952043448,2.040396365442364,0.7607544946699442,-0.13412523854315664,1.481865395644377,-0.7959839298639905,0.9126644789426457
2.723568541140076,-0.005199400935278622,1.0264405014212694,-0.5584861745843802,0.5235944202729967,0.23889277664047934,-0.09724396219763574,0.7611209370192673,-0.3659969771659845,0.7898007530309115,-0.8951743063579298
2.4928215799141418,0.28486858645401847,1.2714772147304068,0.20266897902808698,-0.5153756884527319,-0.5165764702764399,-1.0711881564797534,-0.030827602901313488,-1.3559232483143926,-1.3245788241622913,0.7483154984607757
1.9159541768493034,-1.1654713504924683,-0.03538525625166028,-1.0110649145701716,1.3028220018172931,-1.0395936412189226,-1.8596191708986105,-0.5817483263243495,-0.3659969771659845,-0.26738903556568966,0.008745086292357939
2.8389420217530454,0.5749365738433161,1.2714772147304068,0.2849560226618671,0.2638518930915644,-0.28412439430200326,0.20421495508016257,1.4497718412980432,-0.16801172293630404,1.054098200180062,-0.31995287467138345
0.41609892888072386,-0.39195671745434213,-0.2804219695607981,-0.8876343491195011,0.09069020830394313,-0.4584634512828308,-0.14362225716345087,-0.1685577837570916,0.3599489550095144,-0.35548818461540654,-0.07342940394857704
0.41609892888072386,-0.2952673883245763,-0.11706416068803956,-0.9082061100279463,0.04739978710703774,-0.4584634512828308,-0.12043310968054331,-0.1685577837570916,0.4259440397527402,-0.44358733366512343,-0.07342940394857704
-0.04539499357114716,0.3815579155837844,-1.2605688227973484,0.3260995444787573,-0.21234274007439433,2.0985093844359732,1.989779311264045,0.7266883918053323,-0.3659969771659845,-0.7078847808142741,-1.3882212478035412
2.608195060527109,-0.1018887300650445,-0.11706416068803956,-0.9904931536617264,-0.645246952043448,-1.155819679206141,0.3201606924947004,-0.06526014811524845,-1.0919429093414863,-0.7078847808142741,0.008745086292357939
2.377448099301174,0.5749365738433161,-0.11706416068803956,-0.9493496318448365,-0.21234274007439433,-1.3301587361869684,1.1781591493622803,0.5200931205216842,-0.16801172293630404,-0.003091588416539527,-0.8951743063579298
0.18535196765478837,-1.0687820213627024,0.2913303614938564,-0.04419215187325378,-0.90498947922488,-0.34223741329561247,-0.6074052068216022,0.003604942312621482,0.02997353129337933,-0.003091588416539527,0.17309406677422937
-0.1607684741841144,-0.2952673883245763,-0.8521743006154523,0.2643842617534221,-0.3422140036651105,1.5173791944998813,1.9202118688153222,0.4856605753077493,-0.3659969771659845,-1.2364796751125748,-0.8951743063579298
0.06997848704182111,0.3815579155837844,-1.3422477272337274,0.34667130538720226,-0.16905231887748895,1.9822833464487546,1.8970227213324147,0.7266883918053323,-0.43199206190921324,-0.7959839298639905,-1.3882212478035412
-0.853009357861921,3.088859131217226,-2.730789102652174,-0.9493496318448365,-0.16905231887748895,-0.6328025082636584,-1.3494579262746442,-0.030827602901313488,0.7559194634688782,-0.9721822279634242,-0.9773487965988648
-1.775997202765662,1.1067278840570278,-2.1590367715975196,-0.9493496318448365,-0.4720852672558264,-0.5165764702764399,-0.8161075341677703,-0.6161808715382845,2.0098260735901956,-1.2364796751125748,0.008745086292357939
1.2237132931714978,-1.1654713504924683,-0.2804219695607981,-0.2293380000492594,-0.3855044248620159,0.12266673865326098,0.7839436421528517,1.0021487535168503,1.811840819360515,-0.44358733366512343,-1.3060467575626062
0.8775928513325939,0.47824724471355023,0.2096514570574771,-0.7847755445772759,-0.5153756884527319,-0.5165764702764399,0.8071327896357593,0.2102002135962313,1.481865395644377,-0.0911907374662564,-0.07342940394857704
1.1083398125585295,0.1881792573242526,-0.3621008739971774,2.2495591894183704,0.35043273548537524,-0.6909155272572675,-0.05086566723182062,2.069557655148949,-0.2340068076795299,-0.9721822279634242,-1.3060467575626062
-1.314503280313791,-0.1985780591948104,-0.5254586828699355,-0.37334032640837483,6.714124651430463,2.243791931919996,1.2129428705866416,0.14133512316836136,0.491939124495969,-0.9721822279634242,-0.9773487965988648
0.7622193707196266,-1.358850008752,0.04629364818471899,-0.9493496318448365,0.3937231566822806,0.8781359855701802,0.36653898746051555,0.2446327588102045,0.6239292939824236,2.727982032124682,-0.8129998161169948
-0.2761419547970827,-0.2952673883245763,0.618045979239373,0.3055277835703123,-0.12576189768058385,-0.34223741329561247,0.3201606924947004,0.2790653040241395,-0.30000189242275865,0.9659990511303452,-0.31995287467138345
1.5698337350103995,-0.48864604658410776,1.2714772147304068,-1.0316366754786166,0.4803039990760914,-1.155819679206141,-1.4885928111720896,-0.34072050982676644,-0.8279625703685771,-0.9721822279634242,-0.15560389418951204
-0.9683828384748883,-0.39195671745434213,-0.11706416068803956,0.07923841357741651,-0.6885373732403534,-0.05167231832756655,-0.190000552129266,0.2790653040241395,2.1418162430766503,-0.7078847808142741,-0.15560389418951204
-0.853009357861921,1.6385191942707398,-0.5254586828699355,-1.0522084363870619,-0.2989235824682051,-1.2720457171933592,-1.2798904838259215,-0.3751530550407014,0.22795878552305976,-1.500777122261725,-0.8951743063579298
0.6468458901066594,-0.48864604658410776,0.7814037881121315,-0.9287778709363915,-0.08247147648367845,-0.7490285462508767,-0.561026911855787,0.003604942312621482,0.16196370077983394,1.142197349229779,0.008745086292357939
0.41609892888072386,-0.7787140339734051,0.37300926593023565,-1.0110649145701716,-0.3855044248620159,-0.8071415652444859,-1.465403663689182,-0.6850459619661544,0.09596861603660517,-1.0602813770131412,0.33744304725609936
0.9929663319455622,-0.2952673883245763,0.7814037881121315,-0.2910532827745945,0.6967561050606181,-0.8652545842380951,-0.5146486168899719,0.9677162083029154,1.2178850566714678,0.08500756063317735,-0.5664763453941885
1.5698337350103995,3.1855484603469923,0.94476159698489,-0.10590743459858892,-0.6885373732403534,-1.155819679206141,-0.4450811744412492,0.5545256657356192,-0.3659969771659845,-1.3245788241622913,-0.8129998161169948
0.8775928513325939,-0.6820247048436395,0.8630826925485108,-0.8259190663941661,-0.4287948460589213,-1.4463847741741869,-0.42189202695834166,-0.8572086880358675,-1.223933078827941,1.846990541627513,1.816583871592935
0.6468458901066594,-0.5853353757138736,-0.03538525625166028,-0.805347305485721,-0.039181055286773056,-0.22601137530839407,-0.8392966816506778,-0.23742287418496152,1.481865395644377,0.5255033058817618,0.6661410082198408
0.41609892888072386,-0.1985780591948104,-0.6071375873063147,1.3958311117179,-0.4287948460589213,0.8200229665765711,1.7810769839178768,1.6563671125816912,1.4158703109011512,0.08500756063317735,-0.4843018551532534
-0.5068889160230172,-0.2952673883245763,0.618045979239373,0.5523889144716528,-0.16905231887748895,1.2849271185254445,0.8303219371186668,0.9332836630889804,-1.2899281635711668,-0.44358733366512343,-1.2238722673216713
-0.6222623966359855,0.3815579155837844,0.1279725526210978,1.0666829371827793,-0.2989235824682051,-0.34223741329561247,1.410050624191356,1.587502022153783,1.0858948871850131,0.08500756063317735,-0.9773487965988648
-0.04539499357114716,-0.2952673883245763,-0.3621008739971774,-0.805347305485721,-0.16905231887748895,-0.9233676032317042,1.2013482968451878,0.4856605753077493,1.7458457346172862,0.43740415683204487,-0.31995287467138345
3.415809424817884,1.5418298651409739,0.5363670748029942,-0.6407732182181606,-0.4287948460589213,0.0064407006660426236,0.6911870522212215,0.6233907561635273,-1.4879134178008473,-0.8840830789137074,-1.1416977770807362
0.41609892888072386,-0.7787140339734051,-0.688816491742694,-0.2910532827745945,-0.08247147648367845,-0.22601137530839407,-0.6537835017874173,0.38236293966594437,0.22795878552305976,-1.1483805260628581,-0.9773487965988648
0.7622193707196266,1.348451206881442,0.94476159698489,0.6552477190138781,-0.7318277944372586,-0.8652545842380951,-0.28275714206089625,0.7611209370192673,-0.4979871466524391,-1.1483805260628581,-0.40212736491231843
-0.5068889160230172,-0.1985780591948104,-0.2804219695607981,-0.7642037836688309,-0.90498947922488,-0.10978533732117574,-0.07405481471472819,-0.6161808715382845,0.09596861603660517,-0.1792898865159733,0.008745086292357939
1.2237132931714978,1.7352085234005057,-0.11706416068803956,-0.37334032640837483,-0.5586661096496373,0.2970057956340885,0.01870177521690207,-0.8916412332498024,-0.10201663819307528,-0.44358733366512343,1.816583871592935
-0.39151543541004996,1.2517618777516761,2.496660781276095,1.210685263541895,0.8266273686513342,1.749831270474318,2.0361576062298603,1.3809067508701731,-0.4979871466524391,0.17310670968289424,-1.3882212478035412
0.7622193707196266,0.3815579155837844,0.2913303614938564,-0.9699213927532815,0.09069020830394313,-0.7490285462508767,1.08540255943065,0.003604942312621482,-0.6959724008821225,-0.5316864827148403,-1.0595232868397997
-0.2761419547970827,-0.6820247048436395,0.37300926593023565,-0.7642037836688309,-0.8616990580279749,0.2970057956340885,-0.7697292392019551,-0.8227761428219325,0.3599489550095144,-0.7959839298639905,0.41961753749703434
0.3007254482677556,-0.6820247048436395,-0.2804219695607981,-0.9287778709363915,-0.3855044248620159,0.5875708906021344,0.1346475126314399,-0.20299032897102656,-0.43199206190921324,-1.4126779732120083,-0.5664763453941885
0.8775928513325939,-0.1985780591948104,1.1081194058576482,-0.8876343491195011,0.9564986322420505,-1.7369498691422327,-1.9059974658644256,0.2102002135962313,-0.6299773161388937,-0.35548818461540654,-0.8129998161169948
0.06997848704182111,-0.2952673883245763,-0.6071375873063147,-0.14705095641547908,-0.9482799004217854,0.0645537196596518,-0.05086566723182062,0.3479303944520094,-0.2340068076795299,2.023188839726947,0.09091957653329293
0.3007254482677556,-0.1985780591948104,-0.11706416068803956,1.7558369276156884,1.2162411594234823,-0.34223741329561247,-0.7001617967532324,1.4497718412980432,-1.553908502544076,-0.6197856317645573,-1.1416977770807362
0.5314724094936911,-0.5853353757138736,0.5363670748029942,1.8175522103410238,-0.16905231887748895,0.5585143811053298,-0.17840597838781222,2.069557655148949,1.0858948871850131,-0.7078847808142741,-1.2238722673216713
-0.7376358772489527,0.8650045612326133,-0.9338532050518316,0.4906736317463179,-0.90498947922488,0.0645537196596518,1.827455278883692,0.8988511178750072,0.8879096329553328,0.9659990511303452,-0.8129998161169948
1.2237132931714978,-0.5853353757138736,0.94476159698489,1.7044075253445758,-0.3422140036651105,1.0524750425510079,0.08826921766562476,1.862962383865301,-1.0919429093414863,-0.26738903556568966,-1.1416977770807362
0.6468458901066594,-0.2952673883245763,0.2913303614938564,0.20266897902808698,-1.1214415852094068,-1.21393269819975,-1.0248098615139383,0.03803748752655645,-1.2899281635711668,-0.0911907374662564,0.09091957653329293
-0.04539499357114716,-0.9720926922329369,0.2913303614938564,-0.9082061100279463,-0.8184086368310695,0.12266673865326098,-1.0248098615139383,-0.6161808715382845,0.6899243787256494,-0.35548818461540654,0.17309406677422937
0.18535196765478837,-1.0687820213627024,0.2913303614938564,-0.9082061100279463,-0.775118215634164,-0.5165764702764399,-1.4422145162062745,-0.5473157811104145,0.6899243787256494,-0.26738903556568966,0.17309406677422937
-0.5068889160230172,0.1881792573242526,0.37300926593023565,0.3878148272040924,0.004109365910132342,0.0064407006660426236,1.2709157392939106,0.5889582109495924,-0.6299773161388937,-1.0602813770131412,-1.3060467575626062
-2.1221176446045646,0.47824724471355023,-1.4239266316701067,-0.9082061100279463,0.13398062950084852,-1.4463847741741869,-0.9320532715823081,-0.7194785071800893,1.877835904103741,-0.44358733366512343,0.09091957653329293
2.377448099301174,0.47824724471355023,-0.11706416068803956,-0.9082061100279463,0.04739978710703774,-1.3882717551805777,1.456428919157171,0.5545256657356192,-0.03602155344984944,-0.26738903556568966,-0.9773487965988648
0.18535196765478837,-0.1985780591948104,1.0264405014212694,1.9821262976085845,-0.3855044248620159,1.5173791944998813,0.7839436421528517,1.6563671125816912,-1.6858986720305307,-1.2364796751125748,-1.470395738044476
-0.6222623966359855,-0.6820247048436395,0.5363670748029942,-0.8670625882110562,-0.645246952043448,0.7619099475829619,-0.07405481471472819,-0.7194785071800893,1.481865395644377,-0.003091588416539527,0.7483154984607757
1.339086773784465,-0.48864604658410776,1.0264405014212694,-0.9082061100279463,-0.6885373732403534,-0.28412439430200326,-0.28275714206089625,-1.0638039593194772,0.22795878552305976,-0.1792898865159733,1.5700604008701284
2.723568541140076,-0.005199400935278622,0.618045979239373,-1.0110649145701716,-0.16905231887748895,-1.21393269819975,-1.8132408759327956,-0.5473157811104145,-1.553908502544076,-2.117471165609743,-0.07342940394857704
0.5314724094936911,-0.1018887300650445,0.4546881703666149,0.16152545721119682,0.7833369474544288,-0.4003504322892216,1.1781591493622803,0.6922558465913974,0.6239292939824236,-1.6769754203611589,-0.7308253258760599
0.8775928513325939,0.3815579155837844,0.2096514570574771,-0.8876343491195011,-0.25563316127129976,-0.16789835631478492,0.41291728242633063,-0.2718554193988965,0.22795878552305976,0.2612058587326111,0.5839665179789058
3.3004359442049145,-0.39195671745434213,0.94476159698489,-0.9699213927532815,-0.5586661096496373,-1.3882717551805777,-1.8132408759327956,-0.40958560025463636,-3.0058003668950737,-0.1792898865159733,0.17309406677422937
1.339086773784465,-0.005199400935278622,0.6997248836757523,0.24381250084497694,-0.039181055286773056,0.3551188146276977,0.7375653471870366,0.7266883918053323,-0.16801172293630404,-0.5316864827148403,0.008745086292357939
1.5698337350103995,0.8650045612326133,0.2096514570574771,-1.0110649145701716,-0.5153756884527319,-1.0395936412189226,-1.0248098615139383,-1.0982365045334122,-1.0259478245982576,-1.500777122261725,0.9126644789426457
1.339086773784465,3.1855484603469923,0.37300926593023565,1.2724005462672299,11.043166771121,-0.6328025082636584,1.9202118688153222,1.897394929079236,-1.6858986720305307,-0.0911907374662564,-1.1416977770807362
0.41609892888072386,-0.1985780591948104,0.8630826925485108,0.24381250084497694,-0.8184086368310695,-0.5746894892700491,-0.2595679945779887,-0.2718554193988965,-1.157937994084712,-1.3245788241622913,0.41961753749703434
-0.5068889160230172,-0.48864604658410776,-0.03538525625166028,-0.9802072732075041,-0.08247147648367845,-1.1267631697093363,1.8622390001080533,-0.6161808715382845,0.8879096329553328,-0.44358733366512343,0.33744304725609936
-1.0837563190878554,1.1550725486219109,-0.11706416068803956,0.017523130852081365,-0.5153756884527319,0.8781359855701802,-0.23637884709508114,-0.6161808715382845,2.0758211583334214,0.7898007530309115,1.5700604008701284
0.8775928513325939,-0.005199400935278622,0.4546881703666149,-0.9699213927532815,-0.3422140036651105,-0.8071415652444859,-0.5146486168899719,0.07247003274049142,-0.2340068076795299,1.5826930944783633,-0.4843018551532534
0.41609892888072386,-0.48864604658410776,0.4546881703666149,-0.7436320227603859,-0.5586661096496373,-0.34223741329561247,-0.8161075341677703,-1.0293714141055423,0.4259440397527402,0.43740415683204487,1.4057114203882586
-0.04539499357114716,0.3815579155837844,0.2913303614938564,-0.5173426527674903,-0.9915703216186909,-0.9233676032317042,-1.1639447464113837,-1.2359666853891904,-0.3659969771659845,0.349305007782328,1.7344093813519985
0.06997848704182111,-0.9720926922329369,0.37300926593023565,0.12038193539430667,-0.2989235824682051,-0.8652545842380951,-0.6305943543045097,0.17576766838229632,-0.6299773161388937,-0.6197856317645573,-0.07342940394857704
2.9543155023660126,-0.1985780591948104,1.5981928324759238,-0.9699213927532815,0.04739978710703774,-0.5746894892700491,-0.6537835017874173,-0.5817483263243495,0.22795878552305976,-1.853173718460592,1.5700604008701284
1.6852072156233688,0.47824724471355023,0.6997248836757523,-0.9802072732075041,-0.5586661096496373,-0.9814806222253134,-0.9552424190652156,-0.9260737784637374,0.02997353129337933,-1.500777122261725,1.4878859106291935
0.5314724094936911,0.09148992819448672,-0.2804219695607981,1.4575463944432354,-0.12576189768058385,0.6456839095957436,2.3376165235076583,1.6563671125816912,-0.8939576551118029,-0.7078847808142741,-1.5525702282854126
1.2237132931714978,1.2517618777516761,0.2913303614938564,-0.2910532827745945,-0.6885373732403534,0.2970057956340885,-0.5378377643728794,-0.6161808715382845,-0.16801172293630404,0.43740415683204487,1.4878859106291935
1.2237132931714978,1.5418298651409739,0.2913303614938564,-0.013334510510586298,-0.5586661096496373,-0.4584634512828308,-1.0248098615139383,-0.6161808715382845,-0.2340068076795299,0.43740415683204487,1.6522348911110634
0.9929663319455622,1.058383219492145,-0.2804219695607981,-0.14705095641547908,-0.3855044248620159,-0.34223741329561247,-0.14362225716345087,0.17576766838229632,1.2178850566714678,-0.44358733366512343,0.33744304725609936
0.9929663319455622,-0.1985780591948104,-0.19874306512441883,-0.9493496318448365,-0.12576189768058385,0.7037969285893527,0.41291728242633063,-0.030827602901313488,1.481865395644377,0.08500756063317735,-0.40212736491231843
1.1083398125585295,0.3815579155837844,-0.19874306512441883,-0.8670625882110562,-0.4287948460589213,0.6456839095957436,1.3404831817426333,-0.2718554193988965,-1.0919429093414863,-0.0911907374662564,-0.07342940394857704
0.5314724094936911,-0.39195671745434213,0.4546881703666149,-0.47619913095060007,-0.9482799004217854,0.0064407006660426236,-0.49145946940706436,-0.34072050982676644,-0.16801172293630404,0.17310670968289424,0.2552685570151644
0.3007254482677556,1.5418298651409739,0.2913303614938564,-0.6613449791266055,-0.21234274007439433,0.0064407006660426236,-0.21318969961217357,-1.4425619566728,-0.8279625703685771,-0.5316864827148403,2.3918053032794813
3.992676827882722,-0.2952673883245763,1.1897983102940275,-0.7642037836688309,-0.16905231887748895,-0.4003504322892216,0.6216196097724987,1.4497718412980432,-0.03602155344984944,0.8778999020806283,-0.7308253258760599
1.2237132931714978,-1.358850008752,-0.4437797784335562,-0.8464908273026112,-0.21234274007439433,0.5294578716085252,0.9462676745332046,0.5545256657356192,1.6798506498740604,-0.5316864827148403,-1.1416977770807362
0.6468458901066594,-0.9720926922329369,0.6997248836757523,-0.7847755445772759,-0.4287948460589213,-0.10978533732117574,1.1549700018793727,0.003604942312621482,1.3498752261579225,-0.7078847808142741,0.008745086292357939
1.4544602543974323,1.445140536011208,0.6997248836757523,0.14095369630275165,-0.5586661096496373,0.0645537196596518,0.08826921766562476,-0.6850459619661544,-1.4219183330576213,-0.8840830789137074,2.2274563227976114
-0.5068889160230172,-0.1985780591948104,-0.9338532050518316,-0.16762271732392425,-0.3855044248620159,-0.6909155272572675,-0.14362225716345087,0.2102002135962313,0.6239292939824236,-1.500777122261725,-0.40212736491231843
1.339086773784465,3.6689951059958217,3.150092016767128,2.3935615157774857,-0.16905231887748895,1.5754922134934903,2.221670786093121,2.103990200362884,-1.8178888415169852,1.6707922435280802,-0.9773487965988648
1.339086773784465,-0.7787140339734051,0.5363670748029942,-0.14705095641547908,0.3937231566822806,0.3551188146276977,0.6911870522212215,0.5200931205216842,-0.10201663819307528,-0.7959839298639905,0.008745086292357939
0.41609892888072386,-0.6820247048436395,0.04629364818471899,-0.9904931536617264,0.004109365910132342,-0.5746894892700491,-1.3262687787917367,-0.6161808715382845,0.3599489550095144,-0.7959839298639905,0.5839665179789058
0.41609892888072386,-0.9720926922329369,-0.19874306512441883,-0.9904931536617264,-0.039181055286773056,-0.8652545842380951,-1.4885928111720896,-0.4440181454685714,0.8219145482121041,-0.7959839298639905,0.17309406677422937
1.800580696236336,2.7987911438279287,0.8630826925485108,0.984395893548999,0.22056147189465902,0.6456839095957436,1.3404831817426333,1.484204386511978,-0.30000189242275865,0.17310670968289424,-0.15560389418951204
-1.775997202765662,-0.1985780591948104,-0.8521743006154523,-0.15733683686970157,-0.5153756884527319,0.7619099475829619,0.5288630198408685,0.4856605753077493,4.121668785373466,0.17310670968289424,-0.07342940394857704
-1.314503280313791,-0.3436120528894592,-0.03538525625166028,-0.9904931536617264,0.13398062950084852,-0.4003504322892216,0.29697154501179285,-0.3751530550407014,-0.43199206190921324,-0.6197856317645573,-1.0595232868397997
-1.4298767609267593,-0.3436120528894592,-0.11706416068803956,-0.9904931536617264,0.04739978710703774,-0.6328025082636584,0.343349839977608,-0.3751530550407014,-0.4979871466524391,-0.6197856317645573,-1.0595232868397997
0.5314724094936911,-0.2952673883245763,0.618045979239373,-0.8464908273026112,-0.3855044248620159,0.9943620235573987,0.6448087572554063,-0.9260737784637374,0.6239292939824236,-0.8840830789137074,1.323536930147322
0.18535196765478837,-1.1654713504924683,3.2317709212035073,-1.0110649145701716,3.986828116025426,1.3430401375190537,0.29697154501179285,-0.06526014811524845,-0.7619674856253483,-1.6769754203611589,-1.1416977770807362
-0.5068889160230172,-0.5853353757138736,0.04629364818471899,-0.8464908273026112,0.4803039990760914,-0.34223741329561247,-0.7697292392019551,0.7266883918053323,4.055673700630241,0.7017016039811945,-0.23777838443044702
0.5314724094936911,-0.9720926922329369,2.578339685712474,-0.9287778709363915,0.004109365910132342,-0.4003504322892216,0.45929557739214577,0.2790653040241395,0.8879096329553328,1.142197349229779,-0.9773487965988648
-0.5068889160230172,-1.0687820213627024,-0.5254586828699355,0.16152545721119682,-0.4287948460589213,3.086430707327329,1.989779311264045,0.3479303944520094,0.5579342092391948,-1.2364796751125748,-0.31995287467138345
0.06997848704182111,0.09148992819448672,-1.4239266316701067,0.1820972181196418,-0.5153756884527319,1.749831270474318,1.7346986889520617,0.5889582109495924,-0.7619674856253483,-0.8840830789137074,-1.3060467575626062
-0.7376358772489527,-0.6820247048436395,0.37300926593023565,0.1820972181196418,-0.4287948460589213,1.6917182514807088,2.4999405558880112,0.45122803009381435,-0.8939576551118029,-1.1483805260628581,-1.0595232868397997
-0.5068889160230172,-0.48864604658410776,-0.2804219695607981,0.24381250084497694,-0.3855044248620159,1.6336052324870995,2.2912382285418436,0.4856605753077493,-0.8939576551118029,-1.3245788241622913,-1.1416977770807362
0.5314724094936911,-0.875403363103171,2.823376399021612,-0.9082061100279463,0.17727105069775392,-0.22601137530839407,0.4361064299092382,0.2790653040241395,0.8219145482121041,1.3183956473292127,-0.9773487965988648
3.185062463591947,0.09148992819448672,1.0264405014212694,-0.9184919904821688,-0.2989235824682051,2.4762440078944326,1.989779311264045,0.2102002135962313,-1.8178888415169852,-0.26738903556568966,-0.8951743063579298
0.41609892888072386,-1.358850008752,0.1279725526210978,-0.9699213927532815,-0.4287948460589213,-1.155819679206141,-1.4885928111720896,0.003604942312621482,1.7458457346172862,-0.8840830789137074,-0.5664763453941885
0.06997848704182111,0.28486858645401847,0.04629364818471899,0.3055277835703123,0.5668848414699019,0.0645537196596518,0.8535110846015743,0.8644185726610721,1.7458457346172862,1.142197349229779,0.41961753749703434
0.7622193707196266,-0.005199400935278622,0.04629364818471899,-0.3527685654999297,-0.775118215634164,0.0645537196596518,-0.49145946940706436,-0.9605063236776724,-1.3559232483143926,-0.7078847808142741,1.4057114203882586
1.339086773784465,-0.5853353757138736,0.6997248836757523,1.7866945689783567,-0.08247147648367845,0.5875708906021344,0.5984304622895912,2.2417203812186237,0.09596861603660517,1.7588913925777963,-1.6347447185263475
0.8775928513325939,0.28486858645401847,-0.3621008739971774,0.9432523717321091,-0.25563316127129976,-0.8071415652444859,0.181025807597255,0.9677162083029154,-1.0259478245982576,-1.2364796751125748,-0.9773487965988648
1.800580696236336,0.6716259029730814,1.8432295457850616,1.6221204817107961,0.09069020830394313,1.168701080538226,1.2245374443280954,1.897394929079236,-0.8279625703685771,0.7898007530309115,-0.9773487965988648
1.4544602543974323,2.1219658399195684,1.1081194058576482,-0.9904931536617264,-0.3855044248620159,-0.6909155272572675,-0.2595679945779887,0.003604942312621482,0.09596861603660517,-0.6197856317645573,0.2552685570151644
0.18535196765478837,1.058383219492145,-0.19874306512441883,-0.1264791955070341,5.328831173129492,-0.16789835631478492,0.5752413148066836,0.9332836630889804,0.02997353129337933,-0.0911907374662564,-0.9773487965988648
-0.7376358772489527,-0.5853353757138736,-0.5254586828699355,-0.9082061100279463,0.7833369474544288,-0.8652545842380951,-0.12043310968054331,0.003604942312621482,0.16196370077983394,-0.26738903556568966,-1.1416977770807362
0.18535196765478837,-0.39195671745434213,0.2096514570574771,-0.2087662391408142,1.6058549501956307,-1.4463847741741869,-0.09724396219763574,0.14133512316836136,0.8879096329553328,-1.0602813770131412,0.17309406677422937
-0.2761419547970827,-0.1018887300650445,-0.2804219695607981,-0.8259190663941661,-0.90498947922488,-1.21393269819975,0.36653898746051555,-0.34072050982676644,0.6239292939824236,1.142197349229779,-0.07342940394857704
1.1083398125585295,-1.1654713504924683,0.618045979239373,-0.8670625882110562,-0.8616990580279749,-0.34223741329561247,0.06508007018271719,-0.9605063236776724,-1.157937994084712,2.551783734025248,1.5700604008701284
0.9929663319455622,-0.1018887300650445,0.04629364818471899,-0.8464908273026112,-0.775118215634164,-0.5165764702764399,0.714376199704129,-0.9260737784637374,-1.3559232483143926,-0.0911907374662564,1.2413624399063872
0.6468458901066594,0.28486858645401847,3.3134498256398865,0.984395893548999,-0.2989235824682051,0.9362490045637895,0.22740410256307014,1.3464742056562382,-1.157937994084712,-0.5316864827148403,-1.5525702282854126
1.339086773784465,1.6385191942707398,0.2096514570574771,0.5935324362885431,-0.8616990580279749,0.8781359855701802,0.3201606924947004,-0.3751530550407014,-0.8279625703685771,-2.117471165609743,1.7344093813519985
-0.2761419547970827,-1.1654713504924683,-0.3621008739971774,-0.8464908273026112,0.17727105069775392,0.2970057956340885,0.22740410256307014,-0.8916412332498024,-0.8939576551118029,-0.44358733366512343,0.6661410082198408
1.6852072156233688,-0.6820247048436395,0.5363670748029942,-0.8876343491195011,-0.6019565308465427,0.0064407006660426236,-0.6305943543045097,-1.0638039593194772,-1.157937994084712,0.9659990511303452,1.89875836183387
0.41609892888072386,0.3815579155837844,-0.03538525625166028,-0.9287778709363915,-0.7318277944372586,-0.34223741329561247,-0.6537835017874173,-1.2359666853891904,-0.30000189242275865,0.17310670968289424,1.816583871592935
-0.2761419547970827,-1.1654713504924683,-0.2804219695607981,-0.8876343491195011,-0.5153756884527319,-1.155819679206141,-1.3726470737575518,-0.6161808715382845,1.2178850566714678,-0.44358733366512343,0.5017920277379693
1.800580696236336,-1.1654713504924683,-0.03538525625166028,-0.9082061100279463,-0.5586661096496373,-1.0977066602125318,-0.9088641240994005,0.07247003274049142,-0.3659969771659845,-0.6197856317645573,-0.7308253258760599
0.7622193707196266,-0.48864604658410776,-0.11706416068803956,0.6758194799223232,-0.3422140036651105,1.110588061544617,1.247726591811003,0.9677162083029154,-1.0259478245982576,0.6136024549314787,-0.7308253258760599
-0.7376358772489527,-1.0687820213627024,-0.2804219695607981,-0.9904931536617264,-0.3855044248620159,-1.21393269819975,-1.3494579262746442,-0.2718554193988965,2.0098260735901956,0.43740415683204487,-0.23777838443044702
0.06997848704182111,1.058383219492145,-0.9338532050518316,-0.3321968045914847,-0.6885373732403534,-1.4463847741741869,-0.8161075341677703,-0.2718554193988965,-1.2899281635711668,3.344676075472699,0.8304899887017108
0.06997848704182111,1.2517618777516761,-0.9338532050518316,-0.3527685654999297,-0.645246952043448,-1.4463847741741869,-0.8161075341677703,-0.2718554193988965,-1.2899281635711668,3.2565769264229822,0.8304899887017108
0.7622193707196266,0.9616938903623791,-0.03538525625166028,-0.18819447823236923,-0.039181055286773056,-0.28412439430200326,-0.14362225716345087,0.14133512316836136,0.8219145482121041,-0.44358733366512343,0.2552685570151644
0.5314724094936911,1.348451206881442,0.37300926593023565,0.1820972181196418,-0.039181055286773056,-0.34223741329561247,-0.35232458450961895,-0.4440181454685714,-0.03602155344984944,-1.0602813770131412,1.6522348911110634
0.5314724094936911,0.5749365738433161,0.4546881703666149,-0.14705095641547908,-0.25563316127129976,0.5875708906021344,0.5984304622895912,-0.4440181454685714,0.6899243787256494,-0.1792898865159733,1.4878859106291935
1.1083398125585295,-0.48864604658410776,-0.4437797784335562,-0.23962388050348188,-0.16905231887748895,0.5875708906021344,0.6679979047383139,-0.34072050982676644,-1.553908502544076,-0.7959839298639905,0.7483154984607757
2.4928215799141418,-0.3436120528894592,0.37300926593023565,-0.0030486300563636226,-0.039181055286773056,0.9943620235573987,0.5056738723579609,0.41679548487987933,-1.7518937567737565,-1.2364796751125748,-0.31995287467138345
0.06997848704182111,-0.7787140339734051,0.5363670748029942,0.3672430662956474,-0.6019565308465427,0.9362490045637895,0.8998893795673895,0.03803748752655645,0.16196370077983394,-1.941272867510309,0.6661410082198408
0.6468458901066594,-0.875403363103171,0.6997248836757523,0.09981017448586167,0.913208211045145,0.23889277664047934,1.7346986889520617,0.6922558465913974,0.6899243787256494,-1.4126779732120083,-0.8129998161169948
1.5698337350103995,-0.7787140339734051,0.2096514570574771,0.44953010992942755,-0.4720852672558264,1.4592661755062721,0.5984304622895912,0.4856605753077493,-0.9599527398550317,-1.6769754203611589,-0.23777838443044702
1.339086773784465,2.9921698020874605,3.0684131123307488,2.3524179939605956,-0.3422140036651105,1.5173791944998813,2.105725048678583,2.138422745576819,-1.6199035872873018,2.2874862868760975,-1.0595232868397997
1.2237132931714978,-1.358850008752,0.94476159698489,-0.8464908273026112,0.17727105069775392,-1.0395936412189226,-0.5378377643728794,0.3479303944520094,0.8879096329553328,-0.003091588416539527,0.09091957653329293
-0.04539499357114716,-0.39195671745434213,0.5363670748029942,-0.8464908273026112,0.04739978710703774,-0.05167231832756655,-0.7465400917190476,-1.3048317758170602,-0.43199206190921324,-0.003091588416539527,1.816583871592935
3.3004359442049145,-1.358850008752,2.0882662590941985,-0.9082061100279463,0.13398062950084852,-0.6909155272572675,0.11145836514853233,0.6922558465913974,-1.4219183330576213,1.142197349229779,-0.8951743063579298
2.723568541140076,-1.2621606796222342,2.823376399021612,-0.8876343491195011,0.004109365910132342,-0.7490285462508767,-0.16681140464635844,0.3479303944520094,-1.157937994084712,-0.35548818461540654,-0.15560389418951204
2.9543155023660126,-1.0687820213627024,1.7615506413486823,-0.8876343491195011,0.13398062950084852,-1.21393269819975,-1.0016207140310307,0.38236293966594437,-1.157937994084712,1.054098200180062,-0.23777838443044702
-1.8913706833786292,0.8166598966677303,-2.0773578671611403,1.5604051989854608,-0.21234274007439433,0.12266673865326098,0.11145836514853233,1.1054463891586552,1.7458457346172862,-0.8840830789137074,-0.5664763453941885
-0.6222623966359855,-0.48864604658410776,-0.9338532050518316,-0.44534148958793246,-0.2989235824682051,0.12266673865326098,-0.49145946940706436,-0.3751530550407014,0.22795878552305976,0.08500756063317735,0.09091957653329293
3.185062463591947,-0.2952673883245763,1.679871736912303,-0.9493496318448365,-0.25563316127129976,-1.0977066602125318,0.5288630198408685,0.003604942312621482,-1.6858986720305307,-0.5316864827148403,-0.07342940394857704
2.723568541140076,0.3815579155837844,0.6997248836757523,-0.9493496318448365,0.004109365910132342,-1.21393269819975,1.1317808543964651,0.38236293966594437,-0.7619674856253483,-0.0911907374662564,-0.8129998161169948
-0.5068889160230172,0.28486858645401847,0.5363670748029942,0.05866665266897152,-0.25563316127129976,0.6456839095957436,0.7375653471870366,0.5200931205216842,-0.30000189242275865,-0.26738903556568966,-1.0595232868397997
1.4544602543974323,-0.7787140339734051,0.2096514570574771,0.7786782844645485,-0.08247147648367845,1.6336052324870995,0.5752413148066836,1.1054463891586552,-0.6299773161388937,-0.26738903556568966,-0.4843018551532534
1.2237132931714978,-0.24692272375969332,-0.6071375873063147,-0.805347305485721,-0.8616990580279749,0.2970057956340885,1.2245374443280954,-0.20299032897102656,-1.0259478245982576,-0.8840830789137074,0.5017920277379693
0.18535196765478837,-1.2621606796222342,0.04629364818471899,-0.9287778709363915,-0.2989235824682051,-0.8071415652444859,0.923078527050297,-0.3751530550407014,0.8219145482121041,1.142197349229779,0.17309406677422937
-0.5068889160230172,-1.2621606796222342,-0.19874306512441883,-0.9904931536617264,-0.08247147648367845,-0.5746894892700491,-0.9552424190652156,-0.20299032897102656,2.2738064125631046,0.17310670968289424,-0.23777838443044702
-0.5068889160230172,-0.2952673883245763,1.5981928324759238,0.14095369630275165,-0.3422140036651105,1.401153156512663,2.2448599335760284,0.5889582109495924,-1.0919429093414863,-0.6197856317645573,-1.470395738044476
0.8775928513325939,-0.875403363103171,0.6997248836757523,-0.9082061100279463,-0.08247147648367845,-1.6788368501486235,-0.5378377643728794,-0.8227761428219325,-1.0259478245982576,2.1993871378263807,1.816583871592935
0.5314724094936911,1.445140536011208,0.2913303614938564,-0.27048152186614954,-0.775118215634164,-1.0395936412189226,-0.5378377643728794,-0.9605063236776724,0.22795878552305976,-0.5316864827148403,2.145281832556675
-2.0067441639915975,0.28486858645401847,-0.2804219695607981,-1.0316366754786166,-0.3855044248620159,-0.4003504322892216,0.343349839977608,-0.6161808715382845,2.2738064125631046,0.6136024549314787,-0.40212736491231843
-0.7376358772489527,-0.7787140339734051,-0.6071375873063147,-0.8670625882110562,2.038759162164684,0.2970057956340885,0.552052167323776,-0.47845069068254453,1.6138555651308317,1.4945939454286465,0.33744304725609936
0.06997848704182111,-1.1654713504924683,0.1279725526210978,-0.9493496318448365,-0.12576189768058385,-0.8071415652444859,1.0390242644648349,-0.3751530550407014,0.3599489550095144,1.142197349229779,0.17309406677422937
0.9929663319455622,0.3815579155837844,1.1897983102940275,-0.7436320227603859,-0.25563316127129976,-0.4003504322892216,-0.5378377643728794,-0.9260737784637374,0.02997353129337933,0.2612058587326111,1.816583871592935
-0.39151543541004996,-0.5853353757138736,3.150092016767128,0.1820972181196418,-0.16905231887748895,-0.10978533732117574,0.714376199704129,0.6922558465913974,-0.4979871466524391,-1.1483805260628581,-1.1416977770807362
-0.04539499357114716,-0.1985780591948104,-0.03538525625166028,-0.9082061100279463,0.04739978710703774,0.5294578716085252,0.6911870522212215,-0.34072050982676644,-0.4979871466524391,-0.44358733366512343,-0.07342940394857704
-1.8913706833786292,0.8650045612326133,-0.03538525625166028,-0.9699213927532815,-0.775118215634164,-1.2720457171933592,-1.303079631308829,-1.2359666853891904,1.151889971928242,-0.9721822279634242,0.9126644789426457
1.800580696236336,-0.875403363103171,0.7814037881121315,-0.7847755445772759,0.2638518930915644,-0.8652545842380951,-0.7697292392019551,0.07247003274049142,-2.279854434719575,-0.26738903556568966,-0.8951743063579298
1.6852072156233688,-0.6820247048436395,0.618045979239373,-0.7642037836688309,0.17727105069775392,-0.6328025082636584,-0.6769726492703249,0.07247003274049142,-2.279854434719575,-0.35548818461540654,-0.8951743063579298
-0.04539499357114716,-1.2621606796222342,-0.11706416068803956,0.5935324362885431,0.5235944202729967,-0.6328025082636584,-0.6305943543045097,1.174311479586525,1.3498752261579225,-0.7959839298639905,-1.470395738044476
1.2237132931714978,-1.1654713504924683,2.496660781276095,2.2804168307810375,0.17727105069775392,1.9822833464487546,1.6883203939862468,2.276152926432559,-0.30000189242275865,0.17310670968289424,-1.0595232868397997
1.1083398125585295,-0.6820247048436395,0.4546881703666149,-0.8464908273026112,-0.5153756884527319,1.5754922134934903,0.9926459694990197,-0.9605063236776724,-0.6959724008821225,2.2874862868760975,1.6522348911110634
2.4928215799141418,-0.39195671745434213,1.353156119166786,-0.9699213927532815,0.09069020830394313,-0.5165764702764399,-0.7001617967532324,-0.6850459619661544,0.09596861603660517,-1.3245788241622913,1.4878859106291935
-1.314503280313791,-0.6820247048436395,-0.7704953961790733,-0.7436320227603859,0.04739978710703774,1.4592661755062721,1.2013482968451878,0.41679548487987933,2.9997523447386034,2.023188839726947,-0.40212736491231843
1.1083398125585295,0.09148992819448672,0.2096514570574771,0.22324073993653196,-0.16905231887748895,0.18077975764687015,0.552052167323776,0.1069025779544264,0.4259440397527402,-1.0602813770131412,0.5017920277379693
-0.1607684741841144,-0.9720926922329369,-0.2804219695607981,0.09981017448586167,0.09069020830394313,0.2970057956340885,2.6390754407854566,0.6233907561635273,0.6239292939824236,0.2612058587326111,-0.4843018551532534
1.800580696236336,2.8954804729576944,-0.5254586828699355,1.2826864267214526,-0.5586661096496373,0.12266673865326098,-0.49145946940706436,0.7266883918053323,-1.3559232483143926,-0.8840830789137074,0.17309406677422937
0.41609892888072386,-1.1654713504924683,-0.11706416068803956,-1.0522084363870619,-0.25563316127129976,0.8781359855701802,-0.3755137319925265,-0.5473157811104145,0.491939124495969,-1.4126779732120083,-0.4843018551532534
0.8775928513325939,2.508723156438632,-0.8521743006154523,-0.805347305485721,-0.7318277944372586,-1.2720457171933592,0.3201606924947004,-0.23742287418496152,-1.0259478245982576,-1.4126779732120083,-0.15560389418951204
-0.2761419547970827,-0.2952673883245763,-0.19874306512441883,1.3341158289925652,0.5668848414699019,0.9943620235573987,1.0158351169819273,1.587502022153783,2.0758211583334214,-0.1792898865159733,-0.6486508356351234
0.5314724094936911,-0.48864604658410776,0.2913303614938564,-0.8259190663941661,-0.21234274007439433,0.9362490045637895,0.6448087572554063,-1.0293714141055423,0.4259440397527402,-0.7959839298639905,1.323536930147322
0.5314724094936911,1.058383219492145,0.2913303614938564,-0.9904931536617264,-0.12576189768058385,0.0645537196596518,-0.561026911855787,-0.9605063236776724,1.2838801414146965,-0.0911907374662564,1.7344093813519985
0.18535196765478837,1.7352085234005057,0.4546881703666149,0.05866665266897152,-0.2989235824682051,0.6456839095957436,0.5984304622895912,-0.34072050982676644,0.09596861603660517,-1.2364796751125748,1.323536930147322
1.5698337350103995,0.6716259029730814,0.5363670748029942,0.07923841357741651,-0.2989235824682051,0.0064407006660426236,0.5752413148066836,-0.06526014811524845,-0.30000189242275865,-1.3245788241622913,1.077013459424517
2.723568541140076,0.6716259029730814,0.4546881703666149,-1.0316366754786166,-0.16905231887748895,-1.155819679206141,-1.7668625809669805,-0.47845069068254453,-1.553908502544076,-1.853173718460592,-0.15560389418951204
1.339086773784465,2.7987911438279287,0.4546881703666149,-0.4144838482252649,-0.5153756884527319,-0.7490285462508767,-0.35232458450961895,-0.7194785071800893,0.6239292939824236,1.5826930944783633,1.816583871592935
-0.39151543541004996,0.8650045612326133,-0.03538525625166028,-0.4144838482252649,-0.8184086368310695,0.2970057956340885,-0.16681140464635844,-1.0982365045334122,0.5579342092391948,-0.8840830789137074,1.7344093813519985
1.1083398125585295,-1.4555393378817658,-0.2804219695607981,-0.8464908273026112,-0.25563316127129976,0.47134485261491604,0.9694568220161122,0.5889582109495924,1.547860480387606,-0.7078847808142741,-1.3060467575626062
0.8775928513325939,-0.875403363103171,0.618045979239373,-0.9904931536617264,-0.25563316127129976,0.18077975764687015,0.1346475126314399,-1.0638039593194772,-1.8178888415169852,-0.6197856317645573,0.6661410082198408
0.5314724094936911,-0.5853353757138736,0.618045979239373,1.9512686562459172,0.17727105069775392,1.168701080538226,1.247726591811003,2.138422745576819,0.8219145482121041,0.8778999020806283,-1.3882212478035412
-0.6222623966359855,0.09148992819448672,0.5363670748029942,0.12038193539430667,-0.2989235824682051,0.47134485261491604,0.6911870522212215,0.5200931205216842,-0.30000189242275865,-0.44358733366512343,-1.0595232868397997
-0.04539499357114716,0.6716259029730814,-0.11706416068803956,-0.7230602618519408,0.09069020830394313,0.0064407006660426236,-0.7929183866848627,-0.9260737784637374,0.5579342092391948,-0.26738903556568966,1.159187949665452
-0.39151543541004996,-0.875403363103171,-0.11706416068803956,-0.9287778709363915,-0.25563316127129976,-0.22601137530839407,-0.12043310968054331,-0.5473157811104145,1.0858948871850131,0.43740415683204487,0.17309406677422937
-0.7376358772489527,-1.5522286670115315,-0.6071375873063147,-0.04419215187325378,-0.08247147648367845,1.2268140995318353,0.48248472487505334,0.45122803009381435,2.1418162430766503,-1.0602813770131412,-0.07342940394857704
-0.9683828384748883,-1.4555393378817658,-0.4437797784335562,-0.04419215187325378,-0.3422140036651105,1.2268140995318353,1.2129428705866416,0.3479303944520094,2.6037818362792398,-0.5316864827148403,0.008745086292357939
-0.5068889160230172,-0.2952673883245763,-0.03538525625166028,-0.9287778709363915,-0.25563316127129976,0.4132318336213069,-0.5146486168899719,-1.0982365045334122,-0.03602155344984944,-0.0911907374662564,0.5839665179789058
0.06997848704182111,0.3815579155837844,-1.4239266316701067,-0.9287778709363915,0.22056147189465902,-1.155819679206141,-0.9552424190652156,0.07247003274049142,0.16196370077983394,-0.9721822279634242,-0.8951743063579298
-0.1607684741841144,-1.4555393378817658,-0.4437797784335562,-0.9699213927532815,0.004109365910132342,0.0064407006660426236,0.06508007018271719,-0.3751530550407014,0.8879096329553328,-1.4126779732120083,-0.40212736491231843
0.18535196765478837,-1.358850008752,0.618045979239373,-1.0316366754786166,-0.3855044248620159,-0.7490285462508767,-0.9784315665481231,-0.8227761428219325,0.3599489550095144,-0.5316864827148403,0.2552685570151644
0.8775928513325939,-0.1018887300650445,-0.7704953961790733,-0.43505560913371,0.5235944202729967,-0.9233676032317042,-0.5146486168899719,0.6922558465913974,-0.30000189242275865,-0.35548818461540654,-1.3882212478035412
0.6468458901066594,3.47561644773629,1.1081194058576482,1.694121644890354,5.2855407519325865,0.4132318336213069,1.1085917069135576,1.587502022153783,-1.9498790110034399,-0.003091588416539527,-1.0595232868397997
0.8775928513325939,-0.005199400935278622,0.4546881703666149,-0.8259190663941661,0.2638518930915644,-0.6909155272572675,-0.49145946940706436,0.1069025779544264,0.3599489550095144,-0.7959839298639905,-0.15560389418951204
1.6852072156233688,-0.1985780591948104,0.618045979239373,0.6758194799223232,-0.16905231887748895,0.3551188146276977,0.5752413148066836,0.2102002135962313,-0.6299773161388937,-0.9721822279634242,1.159187949665452
4.454170750334591,-0.5853353757138736,1.8432295457850616,0.4701018708378725,-0.08247147648367845,0.12266673865326098,1.0158351169819273,1.4497718412980432,-2.14786426523312,1.6707922435280802,-0.8951743063579298
0.06997848704182111,-0.48864604658410776,0.04629364818471899,-0.6613449791266055,-0.6019565308465427,-0.6328025082636584,-0.3755137319925265,-1.2359666853891904,-0.3659969771659845,-0.9721822279634242,1.4878859106291935
-0.7376358772489527,0.1881792573242526,-0.11706416068803956,-0.8670625882110562,-0.6019565308465427,-0.28412439430200326,-0.16681140464635844,-0.9260737784637374,0.5579342092391948,-0.7078847808142741,0.5017920277379693
0.06997848704182111,-0.1018887300650445,0.618045979239373,-0.8670625882110562,0.04739978710703774,-1.6788368501486235,-0.07405481471472819,-0.3062879646128315,-0.30000189242275865,1.7588913925777963,0.6661410082198408
0.06997848704182111,-0.005199400935278622,0.618045979239373,-0.8670625882110562,0.17727105069775392,-1.4463847741741869,-0.02767651974891306,-0.2718554193988965,-0.2340068076795299,1.93508969067723,0.6661410082198408
0.06997848704182111,-0.005199400935278622,-0.2804219695607981,-0.8876343491195011,0.04739978710703774,0.6456839095957436,-0.12043310968054331,-0.6850459619661544,1.0198998024417874,-0.9721822279634242,0.41961753749703434
0.06997848704182111,1.7352085234005057,-1.0972110139245899,-1.0316366754786166,0.35043273548537524,-1.7369498691422327,-0.2595679945779887,-0.6161808715382845,-0.6299773161388937,-0.6197856317645573,-0.15560389418951204
0.06997848704182111,0.9616938903623791,-0.11706416068803956,0.5318171535632078,-0.08247147648367845,0.0645537196596518,0.343349839977608,-0.20299032897102656,1.2178850566714678,-1.2364796751125748,1.159187949665452
-1.314503280313791,1.445140536011208,-0.2804219695607981,-0.04419215187325378,-0.2989235824682051,-0.6328025082636584,-0.9088641240994005,-0.6161808715382845,2.2738064125631046,1.054098200180062,1.4057114203882586
-0.2761419547970827,2.702101814698164,-1.4239266316701067,-0.5790579354928254,-0.039181055286773056,-0.4003504322892216,-1.0479990089968458,0.07247003274049142,-0.4979871466524391,-1.2364796751125748,-1.2238722673216713
0.3007254482677556,0.7683152321028474,1.8432295457850616,-0.9493496318448365,0.004109365910132342,-0.5746894892700491,-0.8161075341677703,-0.5128832358964796,0.29395387026628855,-1.4126779732120083,-0.07342940394857704
-0.04539499357114716,-0.48864604658410776,0.5363670748029942,-0.8876343491195011,0.04739978710703774,-1.7369498691422327,-0.09724396219763574,-0.2718554193988965,0.22795878552305976,1.846990541627513,0.6661410082198408
-0.7376358772489527,0.47824724471355023,-0.3621008739971774,-0.9493496318448365,-0.16905231887748895,-0.5165764702764399,0.01870177521690207,0.6233907561635273,3.791693361657331,1.3183956473292127,-0.8951743063579298
-1.4298767609267593,2.0252765107898028,-1.6689633449792445,-0.2910532827745945,-0.2989235824682051,-1.0395936412189226,-0.49145946940706436,-1.0638039593194772,1.481865395644377,3.6089735226218496,2.556154283761351
-0.2761419547970827,1.348451206881442,-0.03538525625166028,-0.6407732182181606,-0.5153756884527319,-1.155819679206141,-1.2103230413771988,-1.3048317758170602,0.5579342092391948,0.17310670968289424,2.309630813038546
0.5314724094936911,-0.9720926922329369,-0.3621008739971774,-0.9699213927532815,-0.08247147648367845,-1.3301587361869684,0.1346475126314399,-0.6850459619661544,0.02997353129337933,-0.0911907374662564,0.5839665179789058
1.4544602543974323,-0.875403363103171,0.5363670748029942,-1.0316366754786166,-0.3855044248620159,2.214735422423191,0.9926459694990197,-0.40958560025463636,-0.8939576551118029,-1.3245788241622913,-0.4843018551532534
-1.0837563190878554,-0.875403363103171,-0.6071375873063147,0.3055277835703123,-0.5153756884527319,-0.10978533732117574,-0.3291354370267114,0.41679548487987933,1.9438309888469696,-0.6197856317645573,-0.40212736491231843
-0.7376358772489527,-1.1654713504924683,1.1081194058576482,-0.9287778709363915,-0.7318277944372586,-0.6909155272572675,-1.303079631308829,-1.3048317758170602,0.4259440397527402,-0.6197856317645573,1.323536930147322
-1.314503280313791,-1.4071946733168827,-0.2804219695607981,-0.27048152186614954,-0.16905231887748895,-0.9233676032317042,-0.8392966816506778,0.2790653040241395,0.7559194634688782,-0.6197856317645573,-1.0595232868397997
0.06997848704182111,-0.875403363103171,-0.03538525625166028,-0.8876343491195011,-0.2989235824682051,-0.4584634512828308,-0.9088641240994005,-1.3736968662449303,-0.6959724008821225,-0.26738903556568966,1.4057114203882586
0.5314724094936911,-0.2952673883245763,0.2096514570574771,1.4781181553516805,0.17727105069775392,0.0064407006660426236,1.456428919157171,1.6563671125816912,-1.0259478245982576,-0.26738903556568966,-1.3882212478035412
0.18535196765478837,-0.7787140339734051,0.04629364818471899,-0.04419215187325378,-0.4720852672558264,-0.16789835631478492,-1.256701336343014,-0.34072050982676644,-0.03602155344984944,-0.26738903556568966,0.7483154984607757
-0.6222623966359855,3.7656844351255874,1.1897983102940275,1.3752593508094553,0.2638518930915644,1.2849271185254445,1.9665901637811374,1.4153392960841082,-0.16801172293630404,0.2612058587326111,-1.0595232868397997
0.6468458901066594,1.1550725486219109,-0.3621008739971774,-0.10590743459858892,-0.08247147648367845,-0.22601137530839407,-0.35232458450961895,0.07247003274049142,0.6899243787256494,0.08500756063317735,0.41961753749703434
0.3007254482677556,-0.1985780591948104,-0.19874306512441883,-0.7642037836688309,-0.08247147648367845,-0.34223741329561247,-0.21318969961217357,-0.030827602901313488,0.9539047176985587,1.3183956473292127,0.2552685570151644
2.4928215799141418,0.28486858645401847,1.1897983102940275,0.14095369630275165,-0.12576189768058385,-1.3882717551805777,-1.4885928111720896,0.003604942312621482,-1.9498790110034399,-0.9721822279634242,0.8304899887017108
-0.6222623966359855,1.058383219492145,-0.7704953961790733,0.20266897902808698,0.9997890534389559,-1.504497793167796,-0.4682703219241568,0.14133512316836136,-0.30000189242275865,-1.2364796751125748,-0.31995287467138345
1.5698337350103995,-0.5853353757138736,0.2096514570574771,0.1820972181196418,-0.5153756884527319,-1.3301587361869684,-1.094377303962661,0.2102002135962313,-1.223933078827941,-0.9721822279634242,-0.07342940394857704
0.3007254482677556,-0.875403363103171,-0.4437797784335562,-0.47619913095060007,-0.5586661096496373,-1.0977066602125318,-1.3726470737575518,-0.2718554193988965,-1.883883926260211,2.551783734025248,0.6661410082198408
1.2237132931714978,-0.7787140339734051,0.04629364818471899,-0.9699213927532815,-0.25563316127129976,-0.34223741329561247,-0.4450811744412492,-0.20299032897102656,-0.3659969771659845,-0.7078847808142741,0.008745086292357939
0.3007254482677556,-0.1985780591948104,-0.11706416068803956,-0.0030486300563636226,-0.3855044248620159,0.23889277664047934,-0.9320532715823081,-0.13412523854315664,0.7559194634688782,-0.7959839298639905,0.8304899887017108
0.06997848704182111,0.1881792573242526,-0.03538525625166028,-0.37334032640837483,-0.4720852672558264,-0.5165764702764399,0.41291728242633063,-0.4440181454685714,0.3599489550095144,2.6398828830749648,1.4057114203882586
1.4544602543974323,0.09148992819448672,1.2714772147304068,0.24381250084497694,-0.16905231887748895,-0.7490285462508767,-0.3059462895438038,0.2102002135962313,-0.3659969771659845,-0.7078847808142741,0.17309406677422937
-1.1991297997008237,-1.0687820213627024,-0.2804219695607981,-0.9287778709363915,-0.3855044248620159,1.168701080538226,-0.16681140464635844,-0.9949388688916073,0.6239292939824236,-0.9721822279634242,0.5839665179789058
-1.0837563190878554,1.3001065423165592,-2.5674312937794155,-1.0522084363870619,-0.3422140036651105,-0.7490285462508767,-1.7204842860011653,-0.20299032897102656,1.0858948871850131,-1.1483805260628581,-1.0595232868397997
-0.2761419547970827,-0.48864604658410776,-0.6071375873063147,-0.9493496318448365,-0.039181055286773056,-1.0977066602125318,-0.21318969961217357,-0.13412523854315664,1.0858948871850131,0.9659990511303452,-0.4843018551532534
2.0313276574622705,2.6054124855683978,0.1279725526210978,1.9821262976085845,0.4803039990760914,0.035497210162847216,5.31742197506128,2.172855290790754,-1.0259478245982576,1.230296498279496,0.33744304725609936
0.06997848704182111,0.6716259029730814,3.3134498256398865,-1.0110649145701716,-0.08247147648367845,-0.9814806222253134,-0.12043310968054331,-0.6161808715382845,-0.43199206190921324,0.5255033058817618,-0.31995287467138345
0.8775928513325939,-1.358850008752,3.3134498256398865,-0.8876343491195011,-0.25563316127129976,-0.4584634512828308,-0.7929183866848627,-0.7539110523940243,-0.8279625703685771,-0.7959839298639905,0.17309406677422937
2.723568541140076,-0.005199400935278622,1.2714772147304068,1.210685263541895,-0.16905231887748895,-0.34223741329561247,-0.004487372266005494,1.4497718412980432,-0.6299773161388937,-1.3245788241622913,-0.40212736491231843
-0.7376358772489527,-0.9720926922329369,1.2714772147304068,-0.2910532827745945,0.04739978710703774,-1.0395936412189226,-1.094377303962661,-0.6506134167522194,0.491939124495969,-1.0602813770131412,0.8304899887017108
-1.775997202765662,-1.1171266859275855,-0.7704953961790733,-0.9904931536617264,0.22056147189465902,-0.5746894892700491,-0.7465400917190476,-0.4440181454685714,0.8219145482121041,-0.1792898865159733,-1.2238722673216713
3.415809424817884,-0.2952673883245763,3.3134498256398865,0.8403935671898838,0.437013577879186,0.0645537196596518,2.0361576062298603,1.3464742056562382,-0.8939576551118029,-0.5316864827148403,-0.4843018551532534
-0.04539499357114716,-0.5853353757138736,1.2714772147304068,-1.0316366754786166,0.2638518930915644,-0.5165764702764399,-0.21318969961217357,-0.9605063236776724,0.3599489550095144,-1.2364796751125748,0.6661410082198408
0.41609892888072386,-0.5853353757138736,1.2714772147304068,-1.0110649145701716,-0.039181055286773056,-0.05167231832756655,0.06508007018271719,-1.3048317758170602,-0.9599527398550317,-1.3245788241622913,1.7344093813519985
0.6468458901066594,-0.2952673883245763,1.2714772147304068,-0.9904931536617264,-0.16905231887748895,0.0064407006660426236,0.4361064299092382,-0.7194785071800893,-0.43199206190921324,0.5255033058817618,0.5839665179789058
1.5698337350103995,-0.9720926922329369,1.2714772147304068,-0.9904931536617264,-0.5586661096496373,-0.4003504322892216,-1.303079631308829,-0.5128832358964796,-1.2899281635711668,1.6707922435280802,-0.15560389418951204
-0.853009357861921,-0.5853353757138736,1.2714772147304068,-0.9082061100279463,0.22056147189465902,-0.9814806222253134,-1.1639447464113837,-0.34072050982676644,0.6899243787256494,-0.26738903556568966,-0.8129998161169948
0.18535196765478837,1.058383219492145,-0.7704953961790733,-1.0110649145701716,0.09069020830394313,-1.562610812161405,-0.42189202695834166,-0.5128832358964796,-1.2899281635711668,-1.588876271311442,-0.40212736491231843
-0.39151543541004996,0.7683152321028474,1.2714772147304068,-0.6202014573097155,-0.6885373732403534,-1.0977066602125318,-1.0016207140310307,-1.2359666853891904,-0.6299773161388937,-0.003091588416539527,1.2413624399063872
0.3007254482677556,0.09148992819448672,1.2714772147304068,-0.9699213927532815,-0.645246952043448,-0.16789835631478492,-0.885674976616493,-1.5458595923146434,-0.8279625703685771,-1.4126779732120083,1.323536930147322
0.06997848704182111,-0.48864604658410776,-0.7704953961790733,1.7044075253445758,0.30714231428846983,-0.9233676032317042,-1.0016207140310307,1.5186369317259132,-0.16801172293630404,0.08500756063317735,-0.8129998161169948
1.9159541768493034,2.702101814698164,3.3134498256398865,2.455276798502821,0.22056147189465902,0.9362490045637895,2.453562260922196,2.310585471646494,-1.3559232483143926,1.846990541627513,-1.1416977770807362
-0.6222623966359855,-0.48864604658410776,1.2714772147304068,0.24381250084497694,0.17727105069775392,1.8660573084615364,1.6883203939862468,0.45122803009381435,0.22795878552305976,-1.3245788241622913,-0.8951743063579298
-0.853009357861921,-0.2952673883245763,1.2714772147304068,0.34667130538720226,0.2638518930915644,1.8660573084615364,2.059346753712768,0.6233907561635273,-0.2340068076795299,-0.1792898865159733,-1.3882212478035412
0.41609892888072386,-0.1985780591948104,3.3134498256398865,1.5809769598939059,0.17727105069775392,1.2268140995318353,0.5752413148066836,1.4497718412980432,-1.0919429093414863,-0.44358733366512343,-1.470395738044476
0.41609892888072386,0.28486858645401847,-0.7704953961790733,-0.9287778709363915,0.4803039990760914,-1.0395936412189226,-0.4682703219241568,-0.34072050982676644,-0.2340068076795299,-1.2364796751125748,-0.07342940394857704
1.339086773784465,-0.2952673883245763,1.2714772147304068,-0.9699213927532815,0.6534656838637127,-0.4584634512828308,-0.4682703219241568,0.003604942312621482,-0.7619674856253483,-1.3245788241622913,-0.9773487965988648
0.18535196765478837,-0.9720926922329369,1.2714772147304068,-0.1264791955070341,-0.25563316127129976,-0.05167231832756655,-0.28275714206089625,-0.8227761428219325,0.29395387026628855,-0.7959839298639905,1.323536930147322
1.1083398125585295,1.445140536011208,1.2714772147304068,1.4575463944432354,-0.5586661096496373,0.12266673865326098,0.48248472487505334,0.5889582109495924,-0.3659969771659845,-1.2364796751125748,0.5839665179789058
1.6852072156233688,-0.7787140339734051,3.3134498256398865,-0.30133916322881704,-0.08247147648367845,-0.10978533732117574,-0.16681140464635844,-0.47845069068254453,0.3599489550095144,-0.6197856317645573,1.323536930147322
-0.6222623966359855,-0.1018887300650445,1.2714772147304068,-0.9699213927532815,0.7400465262575234,0.0064407006660426236,-1.0479990089968458,-0.9260737784637374,1.2178850566714678,-0.6197856317645573,1.323536930147322
0.6468458901066594,-1.1654713504924683,1.2714772147304068,-0.9699213927532815,0.3937231566822806,-0.9814806222253134,0.29697154501179285,-0.7194785071800893,0.22795878552305976,-0.1792898865159733,0.5017920277379693
0.06997848704182111,-0.875403363103171,1.2714772147304068,0.14095369630275165,-0.4287948460589213,0.8200229665765711,0.8071327896357593,-0.20299032897102656,0.02997353129337933,-1.941272867510309,0.7483154984607757
0.41609892888072386,1.1550725486219109,1.2714772147304068,-0.9904931536617264,0.09069020830394313,-1.3882717551805777,0.01870177521690207,-0.3062879646128315,-1.223933078827941,-0.6197856317645573,-1.0595232868397997
0.8775928513325939,2.3153444981791003,1.2714772147304068,1.663264003527686,-0.5153756884527319,0.12266673865326098,0.4361064299092382,0.6922558465913974,-0.3659969771659845,-0.9721822279634242,0.9948389691835822
1.6852072156233688,-0.6820247048436395,1.2714772147304068,2.8564261362174994,0.35043273548537524,0.8781359855701802,2.1752924911273057,2.551613288144115,-1.3559232483143926,0.43740415683204487,-1.1416977770807362
0.06997848704182111,0.5749365738433161,3.3134498256398865,1.0872546980912243,0.9997890534389559,0.5294578716085252,0.29697154501179285,1.0365812987307852,-1.2899281635711668,2.8160811811743987,-1.1416977770807362
0.3007254482677556,-0.5853353757138736,3.3134498256398865,-0.6613449791266055,-0.08247147648367845,0.4132318336213069,0.15783666011434747,-0.9605063236776724,0.7559194634688782,-0.7078847808142741,1.323536930147322
1.2237132931714978,-1.6489179961412974,1.2714772147304068,-0.2910532827745945,0.09069020830394313,-0.4584634512828308,-0.09724396219763574,0.2790653040241395,0.29395387026628855,-0.6197856317645573,0.008745086292357939
1.9159541768493034,-1.0687820213627024,3.3134498256398865,-0.47619913095060007,0.17727105069775392,-0.34223741329561247,-0.21318969961217357,-0.34072050982676644,0.5579342092391948,-0.7959839298639905,1.4878859106291935
-0.5068889160230172,-1.3105053441871173,1.2714772147304068,-0.10590743459858892,0.09069020830394313,1.110588061544617,0.6216196097724987,0.2790653040241395,2.4057965820495593,-0.44358733366512343,0.17309406677422937
1.6852072156233688,-0.875403363103171,1.2714772147304068,-0.9699213927532815,0.22056147189465902,-1.3882717551805777,-0.004487372266005494,-0.6850459619661544,-0.8939576551118029,-0.26738903556568966,0.33744304725609936
1.339086773784465,1.5418298651409739,1.2714772147304068,0.6552477190138781,-0.645246952043448,0.6456839095957436,0.3201606924947004,-0.40958560025463636,-0.2340068076795299,-1.941272867510309,1.7344093813519985
0.18535196765478837,-0.7787140339734051,3.3134498256398865,-1.0522084363870619,-0.08247147648367845,-0.9233676032317042,0.5984304622895912,-0.23742287418496152,1.7458457346172862,0.349305007782328,-0.31995287467138345
0.3007254482677556,-0.2952673883245763,1.2714772147304068,-0.5996296964012704,-0.6885373732403534,-0.28412439430200326,-0.9552424190652156,-1.2015341401752553,-0.43199206190921324,-0.8840830789137074,1.4057114203882586
-0.39151543541004996,-0.39195671745434213,-0.7704953961790733,-0.8876343491195011,0.004109365910132342,-1.155819679206141,-1.790051728449888,-0.34072050982676644,-0.03602155344984944,-0.8840830789137074,-0.6486508356351234
1.1083398125585295,-0.6820247048436395,1.2714772147304068,-0.9390637513906138,0.2638518930915644,-1.6788368501486235,-2.068321498244779,-0.9260737784637374,-0.30000189242275865,-1.853173718460592,0.6661410082198408
0.18535196765478837,-0.7787140339734051,1.2714772147304068,-0.0030486300563636226,-0.3422140036651105,0.23889277664047934,-0.21318969961217357,0.003604942312621482,0.09596861603660517,-0.0911907374662564,0.17309406677422937
0.06997848704182111,-0.2952673883245763,-0.7704953961790733,-0.47619913095060007,0.4803039990760914,-1.2720457171933592,-1.2103230413771988,0.14133512316836136,-1.3559232483143926,-0.0911907374662564,-0.8951743063579298
0.41609892888072386,-1.9389859835305945,1.2714772147304068,-0.9493496318448365,0.17727105069775392,-0.9814806222253134,0.2505932500459777,0.2446327588102045,1.7458457346172862,-0.44358733366512343,-0.31995287467138345
0.3007254482677556,5.506092359461371,1.2714772147304068,0.5729606753800979,-0.775118215634164,0.2970057956340885,1.08540255943065,0.8299860274471372,0.16196370077983394,-1.1483805260628581,0.09091957653329293
0.8775928513325939,2.2186551690493346,-0.7704953961790733,-0.9699213927532815,-0.25563316127129976,-1.4463847741741869,-0.7697292392019551,-0.6161808715382845,-0.9599527398550317,-1.7650745694108756,0.17309406677422937
1.2237132931714978,-0.5853353757138736,-0.7704953961790733,-0.27048152186614954,-0.08247147648367845,0.23889277664047934,0.5056738723579609,-0.3751530550407014,-1.3559232483143926,-1.853173718460592,0.7483154984607757
0.9929663319455622,-1.1654713504924683,1.2714772147304068,-0.805347305485721,0.437013577879186,-0.8652545842380951,-0.3059462895438038,0.3479303944520094,0.8219145482121041,-0.003091588416539527,0.09091957653329293
-0.2761419547970827,-0.2952673883245763,-0.7704953961790733,-0.8670625882110562,0.09069020830394313,-0.5165764702764399,-0.3059462895438038,0.14133512316836136,1.151889971928242,0.9659990511303452,-0.40212736491231843
-0.1607684741841144,-1.1654713504924683,1.2714772147304068,-0.7230602618519408,0.004109365910132342,1.2849271185254445,1.1549700018793727,0.4856605753077493,2.8017670905089234,2.8160811811743987,-0.15560389418951204
0.7622193707196266,0.3815579155837844,-0.7704953961790733,-0.27048152186614954,0.30714231428846983,-1.562610812161405,-0.07405481471472819,0.6922558465913974,-0.3659969771659845,0.08500756063317735,-1.2238722673216713
0.6468458901066594,-0.005199400935278622,1.2714772147304068,-0.9082061100279463,-0.5153756884527319,-0.8652545842380951,-0.2595679945779887,-0.6850459619661544,-1.4219183330576213,-0.8840830789137074,0.008745086292357939
-0.7376358772489527,-1.2621606796222342,1.2714772147304068,-1.0316366754786166,-0.5586661096496373,-1.0395936412189226,-1.998754055796056,-0.20299032897102656,0.6899243787256494,1.846990541627513,-0.9773487965988648
-0.1607684741841144,-0.2952673883245763,3.3134498256398865,2.774139092583719,0.35043273548537524,0.5294578716085252,0.7375653471870366,2.276152926432559,2.0758211583334214,-0.35548818461540654,-0.6486508356351234
-0.39151543541004996,-0.1985780591948104,3.3134498256398865,1.5192616771685707,-0.08247147648367845,1.9241703274551456,2.0129684587469527,1.174311479586525,-0.10201663819307528,0.43740415683204487,-0.8951743063579298
1.2237132931714978,-1.1654713504924683,3.3134498256398865,2.455276798502821,-0.3855044248620159,0.9943620235573987,1.1549700018793727,2.069557655148949,-1.3559232483143926,-0.7078847808142741,-1.0595232868397997
-1.4298767609267593,-0.923748027668054,1.2714772147304068,-0.9904931536617264,-0.6885373732403534,-0.4003504322892216,-0.4682703219241568,-0.6850459619661544,2.3398014973063304,-0.35548818461540654,-0.23777838443044702
0.7622193707196266,-0.7787140339734051,1.2714772147304068,-0.9493496318448365,-0.645246952043448,-1.562610812161405,-0.9320532715823081,-0.6850459619661544,-0.8939576551118029,1.142197349229779,0.41961753749703434
1.339086773784465,0.1881792573242526,1.2714772147304068,0.7169630017392135,0.004109365910132342,0.7037969285893527,1.1781591493622803,0.8988511178750072,-0.3659969771659845,-0.0911907374662564,-0.4843018551532534
1.339086773784465,0.5749365738433161,1.2714772147304068,0.6346759581054331,-0.5586661096496373,0.23889277664047934,0.9926459694990197,-0.06526014811524845,-0.43199206190921324,-0.9721822279634242,1.4057114203882586
0.9929663319455622,0.6716259029730814,1.2714772147304068,0.5626747949258755,-0.5586661096496373,0.4132318336213069,1.1317808543964651,-0.23742287418496152,-0.3659969771659845,-0.9721822279634242,1.4878859106291935
0.8775928513325939,0.09148992819448672,1.2714772147304068,0.7581065235561034,-0.6885373732403534,0.5875708906021344,1.3868614767084484,0.003604942312621482,-0.43199206190921324,-0.9721822279634242,1.4057114203882586
-0.1607684741841144,3.282237789476758,-0.7704953961790733,-0.9904931536617264,-0.2989235824682051,-1.6788368501486235,-1.7436734334840729,-0.13412523854315664,1.4158703109011512,-1.500777122261725,-0.15560389418951204
-0.04539499357114716,-0.1018887300650445,1.2714772147304068,-0.9699213927532815,-0.08247147648367845,0.0064407006660426236,-0.2595679945779887,-1.3048317758170602,-0.43199206190921324,-0.0911907374662564,1.2413624399063872
0.9929663319455622,-0.1018887300650445,1.2714772147304068,-0.8464908273026112,-0.21234274007439433,-0.6909155272572675,-1.1871338938942912,-0.8227761428219325,-0.2340068076795299,-0.6197856317645573,1.5700604008701284
-0.1607684741841144,2.2186551690493346,-0.7704953961790733,-0.7847755445772759,-0.12576189768058385,-1.21393269819975,0.41291728242633063,-1.1671015949613204,0.16196370077983394,0.9659990511303452,1.9809328520748049
0.6468458901066594,-0.875403363103171,1.2714772147304068,0.6963912408307684,-0.6885373732403534,-0.5165764702764399,-0.12043310968054331,0.07247003274049142,-1.3559232483143926,-1.500777122261725,0.33744304725609936
1.6852072156233688,-0.7787140339734051,1.2714772147304068,-0.8670625882110562,-0.25563316127129976,-0.05167231832756655,0.7375653471870366,0.003604942312621482,-0.9599527398550317,-1.0602813770131412,-0.40212736491231843
-0.2761419547970827,0.1881792573242526,-0.7704953961790733,-0.9699213927532815,-0.5153756884527319,-1.0395936412189226,-0.3755137319925265,-0.1685577837570916,-0.43199206190921324,-1.1483805260628581,-1.1416977770807362
-0.04539499357114716,0.7683152321028474,-0.7704953961790733,-0.27048152186614954,-0.2989235824682051,-0.6328025082636584,-0.3059462895438038,-0.9949388688916073,0.491939124495969,-1.3245788241622913,1.6522348911110634
0.18535196765478837,-1.0687820213627024,3.3134498256398865,1.4164028726263456,-0.039181055286773056,-0.6328025082636584,-0.2595679945779887,0.14133512316836136,0.4259440397527402,-0.9721822279634242,1.323536930147322
2.723568541140076,-0.9720926922329369,1.2714772147304068,-0.9082061100279463,-0.21234274007439433,0.23889277664047934,-0.16681140464635844,0.2446327588102045,-1.0259478245982576,-0.003091588416539527,-0.6486508356351234
1.4544602543974323,-0.7787140339734051,1.2714772147304068,0.44953010992942755,0.22056147189465902,0.9362490045637895,1.572374656571709,0.5545256657356192,-0.6299773161388937,0.2612058587326111,0.33744304725609936
1.1083398125585295,-0.1985780591948104,3.3134498256398865,0.3260995444787573,-0.08247147648367845,1.401153156512663,0.5288630198408685,0.7611209370192673,0.16196370077983394,1.3183956473292127,-0.4843018551532534
-0.04539499357114716,-0.6820247048436395,1.2714772147304068,1.7661228080699112,0.6101752626668073,0.8781359855701802,0.7607544946699442,1.828529838651366,2.3398014973063304,-0.44358733366512343,-0.6486508356351234
1.2237132931714978,-0.7787140339734051,1.2714772147304068,-0.8876343491195011,0.30714231428846983,-1.155819679206141,0.15783666011434747,-0.2718554193988965,-0.2340068076795299,-0.1792898865159733,-0.07342940394857704
1.339086773784465,-0.9720926922329369,1.2714772147304068,-0.8464908273026112,0.6534656838637127,-1.4463847741741869,0.181025807597255,0.14133512316836136,0.22795878552305976,-0.0911907374662564,-0.4843018551532534
2.262074618688207,-0.48864604658410776,3.3134498256398865,-0.5584861745843802,-0.16905231887748895,-1.155819679206141,-0.2595679945779887,-0.13412523854315664,-1.157937994084712,0.17310670968289424,0.5017920277379693
0.5314724094936911,-0.5853353757138736,1.2714772147304068,0.7169630017392135,-0.5153756884527319,-0.34223741329561247,-0.07405481471472819,0.03803748752655645,-1.3559232483143926,-1.500777122261725,0.33744304725609936
0.5314724094936911,-0.5853353757138736,1.2714772147304068,0.8198218062814387,-0.645246952043448,0.7619099475829619,0.552052167323776,-0.030827602901313488,-1.223933078827941,-1.853173718460592,0.5017920277379693
0.5314724094936911,-1.2138160150573514,1.2714772147304068,-0.9493496318448365,-0.2989235824682051,-0.05167231832756655,-0.02767651974891306,-0.40958560025463636,-0.3659969771659845,2.4636845849755313,-0.07342940394857704
1.5698337350103995,-0.5853353757138736,1.2714772147304068,0.7581065235561034,-0.3855044248620159,1.0524750425510079,0.38972813494342307,0.45122803009381435,-1.157937994084712,-1.4126779732120083,0.008745086292357939
1.5698337350103995,-0.39195671745434213,1.2714772147304068,0.6963912408307684,-0.3422140036651105,0.9943620235573987,0.5984304622895912,0.4856605753077493,-1.157937994084712,-1.4126779732120083,0.008745086292357939
1.800580696236336,-0.48864604658410776,1.2714772147304068,0.3878148272040924,-0.4720852672558264,-0.7490285462508767,-0.9784315665481231,-0.09969269332918343,-1.0259478245982576,-1.3245788241622913,1.159187949665452
1.6852072156233688,-0.7787140339734051,1.2714772147304068,-0.8670625882110562,-0.3422140036651105,0.18077975764687015,0.6911870522212215,0.03803748752655645,-0.9599527398550317,-1.0602813770131412,-0.40212736491231843
0.06997848704182111,-0.6820247048436395,1.2714772147304068,-0.9287778709363915,-0.21234274007439433,-1.155819679206141,0.6216196097724987,-0.3751530550407014,0.3599489550095144,1.230296498279496,0.33744304725609936
1.339086773784465,-0.2952673883245763,1.2714772147304068,0.6346759581054331,-0.08247147648367845,-0.22601137530839407,1.1085917069135576,1.4497718412980432,0.9539047176985587,-0.003091588416539527,-0.4843018551532534
-0.2761419547970827,-0.6820247048436395,1.2714772147304068,2.5169920812281554,-0.16905231887748895,0.3551188146276977,0.48248472487505334,2.0351251099350143,0.5579342092391948,-0.8840830789137074,-1.5525702282854126
0.41609892888072386,-0.1018887300650445,3.3134498256398865,1.3546875899010102,-0.3855044248620159,0.7037969285893527,0.4361064299092382,1.484204386511978,-1.0259478245982576,-0.44358733366512343,-1.5525702282854126
8.49224257178846,-0.1018887300650445,1.2714772147304068,-0.9904931536617264,-0.3855044248620159,-0.10978533732117574,0.4361064299092382,-0.6161808715382845,-0.30000189242275865,0.43740415683204487,0.41961753749703434
1.2237132931714978,-0.005199400935278622,1.2714772147304068,0.3672430662956474,-0.039181055286773056,0.7619099475829619,1.3404831817426333,0.5545256657356192,-1.0259478245982576,0.5255033058817618,0.33744304725609936
0.6468458901066594,-0.1018887300650445,1.2714772147304068,-0.9904931536617264,-0.3855044248620159,-0.10978533732117574,0.4361064299092382,-0.6161808715382845,-0.30000189242275865,0.43740415683204487,0.41961753749703434
1.4544602543974323,0.1881792573242526,1.2714772147304068,0.44953010992942755,-0.3855044248620159,-0.5165764702764399,0.8535110846015743,0.17576766838229632,-0.6299773161388937,-1.6769754203611589,0.5017920277379693
0.7622193707196266,-0.48864604658410776,1.2714772147304068,0.3672430662956474,0.13398062950084852,1.5173791944998813,1.6651312465033392,0.1069025779544264,-0.3659969771659845,-1.6769754203611589,0.41961753749703434
0.5314724094936911,-0.1985780591948104,1.2714772147304068,-0.18819447823236923,-0.775118215634164,-0.16789835631478492,-0.7001617967532324,-0.06526014811524845,0.29395387026628855,0.43740415683204487,0.17309406677422937
0.3007254482677556,-0.9720926922329369,3.3134498256398865,1.9924121780628072,-0.08247147648367845,0.5294578716085252,0.8998893795673895,2.000692564721079,1.2178850566714678,1.5826930944783633,-1.3060467575626062
1.9159541768493034,-1.2621606796222342,1.2714772147304068,-0.9082061100279463,-0.645246952043448,-1.0395936412189226,-0.35232458450961895,-0.20299032897102656,-1.0919429093414863,-0.7959839298639905,-0.23777838443044702
2.377448099301174,-1.4555393378817658,1.2714772147304068,-1.0110649145701716,-0.775118215634164,-1.6788368501486235,-2.62486103783456,-0.40958560025463636,-1.883883926260211,-1.500777122261725,-0.5664763453941885
1.4544602543974323,-0.005199400935278622,1.2714772147304068,-1.0110649145701716,-0.25563316127129976,-0.16789835631478492,0.2505932500459777,-0.06526014811524845,-0.43199206190921324,-0.7078847808142741,-0.4843018551532534
-0.9683828384748883,-1.0687820213627024,1.2714772147304068,-1.0110649145701716,-0.5153756884527319,-0.5165764702764399,-0.72335094423614,-0.6161808715382845,0.09596861603660517,-0.6197856317645573,-0.6486508356351234
0.3007254482677556,2.4120338273088664,-0.7704953961790733,-1.0522084363870619,-0.7318277944372586,-0.34223741329561247,-1.1871338938942912,-0.2718554193988965,-0.2340068076795299,-1.500777122261725,-1.2238722673216713
0.41609892888072386,-1.1654713504924683,1.2714772147304068,-0.9493496318448365,-0.3855044248620159,-0.4584634512828308,-0.7697292392019551,-0.47845069068254453,0.22795878552305976,0.7017016039811945,0.008745086292357939
0.5314724094936911,-1.358850008752,1.2714772147304068,-0.9904931536617264,-0.3422140036651105,-0.4003504322892216,-0.885674976616493,-0.34072050982676644,0.02997353129337933,2.023188839726947,0.008745086292357939
1.2237132931714978,-1.5522286670115315,1.2714772147304068,-0.14705095641547908,0.13398062950084852,-0.10978533732117574,0.343349839977608,0.4856605753077493,-0.10201663819307528,-0.1792898865159733,0.008745086292357939
-0.1607684741841144,0.09148992819448672,1.2714772147304068,-0.24990976095770437,-0.5153756884527319,0.0064407006660426236,0.4361064299092382,0.2446327588102045,-0.43199206190921324,-0.35548818461540654,-0.5664763453941885
-0.1607684741841144,0.1881792573242526,1.2714772147304068,-0.2293380000492594,-0.5153756884527319,0.0645537196596518,0.48248472487505334,0.2446327588102045,-0.4979871466524391,-0.35548818461540654,-0.5664763453941885
0.3007254482677556,0.7683152321028474,-0.7704953961790733,-0.8464908273026112,-0.90498947922488,-0.16789835631478492,-0.8161075341677703,-1.2015341401752553,0.9539047176985587,0.8778999020806283,1.816583871592935
1.2237132931714978,-0.9720926922329369,1.2714772147304068,-0.14705095641547908,0.22056147189465902,0.0645537196596518,0.45929557739214577,0.5200931205216842,-0.10201663819307528,-0.0911907374662564,0.008745086292357939
-0.2761419547970827,-0.875403363103171,5.355422436549366,-0.9699213927532815,3.2941813768749397,0.5875708906021344,-0.190000552129266,-0.06526014811524845,-0.6959724008821225,-1.588876271311442,-1.5525702282854126
0.5314724094936911,-0.6820247048436395,1.2714772147304068,-0.8464908273026112,-0.3422140036651105,0.5294578716085252,0.343349839977608,-0.8916412332498024,0.8219145482121041,-0.44358733366512343,1.6522348911110634
0.06997848704182111,0.1881792573242526,1.2714772147304068,0.34667130538720226,0.4803039990760914,-0.5746894892700491,0.4361064299092382,0.8299860274471372,1.547860480387606,1.230296498279496,0.33744304725609936
1.2237132931714978,1.348451206881442,1.2714772147304068,0.4701018708378725,0.437013577879186,-0.16789835631478492,0.6216196097724987,0.9332836630889804,0.6239292939824236,0.9659990511303452,0.5017920277379693
0.06997848704182111,-0.39195671745434213,1.2714772147304068,-0.9493496318448365,-0.6019565308465427,0.0064407006660426236,0.2505932500459777,-0.20299032897102656,1.6798506498740604,0.7017016039811945,0.09091957653329293
0.8775928513325939,-0.48864604658410776,1.2714772147304068,0.8403935671898838,-0.4287948460589213,0.5875708906021344,1.0390242644648349,1.0021487535168503,-0.7619674856253483,0.7898007530309115,-0.8129998161169948
-0.7376358772489527,1.445140536011208,1.2714772147304068,0.09981017448586167,-0.039181055286773056,-1.3301587361869684,-0.5146486168899719,0.8644185726610721,0.491939124495969,0.7017016039811945,-1.3060467575626062
2.262074618688207,0.6716259029730814,1.2714772147304068,-1.0110649145701716,-0.4287948460589213,-1.21393269819975,-1.882808318381518,-0.6161808715382845,-1.553908502544076,-1.4126779732120083,-0.07342940394857704
1.1083398125585295,0.1881792573242526,3.3134498256398865,-0.8464908273026112,-0.5586661096496373,-0.10978533732117574,0.4361064299092382,-0.9605063236776724,0.6239292939824236,0.2612058587326111,1.816583871592935
2.608195060527109,-0.005199400935278622,1.2714772147304068,-0.805347305485721,0.5668848414699019,-1.4463847741741869,-0.5842160593386946,0.6922558465913974,-0.30000189242275865,-0.26738903556568966,-0.40212736491231843
0.3007254482677556,0.5749365738433161,1.2714772147304068,-0.9082061100279463,-0.8184086368310695,-0.5165764702764399,-0.2595679945779887,-1.3048317758170602,0.6899243787256494,-1.4126779732120083,1.323536930147322
1.9159541768493034,-0.875403363103171,1.2714772147304068,-0.4967708918590451,-0.08247147648367845,-0.34223741329561247,-0.4682703219241568,0.003604942312621482,-0.3659969771659845,0.17310670968289424,-0.40212736491231843
0.8775928513325939,-0.9720926922329369,1.2714772147304068,2.496420320319711,0.004109365910132342,0.0645537196596518,0.48248472487505334,2.000692564721079,-0.8939576551118029,-0.7078847808142741,-1.1416977770807362
0.7622193707196266,-0.875403363103171,1.2714772147304068,-0.8464908273026112,0.3937231566822806,-0.9233676032317042,-0.6305943543045097,0.2790653040241395,0.8879096329553328,-0.44358733366512343,-0.5664763453941885
0.6468458901066594,0.1881792573242526,1.2714772147304068,0.4701018708378725,0.3937231566822806,0.8200229665765711,1.1781591493622803,1.243176570014395,2.1418162430766503,0.7898007530309115,-0.7308253258760599
-0.1607684741841144,0.1881792573242526,3.3134498256398865,-0.18819447823236923,-0.3422140036651105,0.0064407006660426236,0.45929557739214577,0.2446327588102045,0.09596861603660517,-0.26738903556568966,-0.5664763453941885
-0.2761419547970827,0.1881792573242526,3.3134498256398865,-0.27048152186614954,-0.21234274007439433,0.0645537196596518,0.5056738723579609,0.2790653040241395,0.09596861603660517,-0.35548818461540654,-0.5664763453941885
0.06997848704182111,-0.5853353757138736,1.2714772147304068,0.22324073993653196,0.7400465262575234,0.8781359855701802,0.714376199704129,0.6578233013774624,2.2738064125631046,0.08500756063317735,-0.23777838443044702
1.1083398125585295,-0.1985780591948104,1.2714772147304068,-0.5790579354928254,-0.039181055286773056,-0.8071415652444859,-0.49145946940706436,-0.23742287418496152,-0.2340068076795299,-1.2364796751125748,-0.23777838443044702
1.9159541768493034,-1.0687820213627024,1.2714772147304068,0.5935324362885431,0.09069020830394313,-0.6909155272572675,-0.6769726492703249,0.31349784923807444,-2.0818691804898943,-1.3245788241622913,-0.07342940394857704
-0.04539499357114716,-1.0687820213627024,3.3134498256398865,-0.7230602618519408,0.30714231428846983,1.5173791944998813,1.0390242644648349,0.5200931205216842,2.867762175252149,2.375585435925814,-0.07342940394857704
-0.7376358772489527,-0.1018887300650445,1.2714772147304068,-0.9287778709363915,0.17727105069775392,-0.8652545842380951,-1.465403663689182,-0.23742287418496152,0.8219145482121041,-0.44358733366512343,-0.6486508356351234
0.3007254482677556,3.47561644773629,1.2714772147304068,-0.8464908273026112,0.17727105069775392,-1.0395936412189226,-0.21318969961217357,0.2790653040241395,0.7559194634688782,0.7898007530309115,0.008745086292357939
-0.5068889160230172,-0.9720926922329369,3.3134498256398865,1.23125702445034,0.004109365910132342,1.110588061544617,0.714376199704129,1.3809067508701731,2.537786751536014,1.6707922435280802,-0.40212736491231843
0.8775928513325939,0.28486858645401847,1.2714772147304068,1.5398334380770158,0.6967561050606181,0.8781359855701802,1.247726591811003,1.7596647482234962,0.16196370077983394,0.349305007782328,-1.3060467575626062
3.415809424817884,0.28486858645401847,1.2714772147304068,1.9512686562459172,0.004109365910132342,-1.2720457171933592,-0.42189202695834166,2.276152926432559,-0.10201663819307528,-0.35548818461540654,-0.8951743063579298
2.4928215799141418,0.1881792573242526,1.2714772147304068,0.2643842617534221,-0.2989235824682051,-0.16789835631478492,-1.2335121888601064,0.003604942312621482,-1.6858986720305307,-1.500777122261725,0.7483154984607757
1.800580696236336,-0.39195671745434213,1.2714772147304068,0.3055277835703123,-0.2989235824682051,0.6456839095957436,-0.6769726492703249,-0.13412523854315664,-1.0919429093414863,-1.4126779732120083,1.077013459424517
-0.5068889160230172,-0.2952673883245763,3.3134498256398865,0.3878148272040924,-0.039181055286773056,0.9943620235573987,1.6651312465033392,0.6233907561635273,0.09596861603660517,-0.6197856317645573,-1.1416977770807362
0.5314724094936911,0.1881792573242526,3.3134498256398865,1.5604051989854608,-0.2989235824682051,0.6456839095957436,0.6448087572554063,1.5186369317259132,-1.157937994084712,-0.7959839298639905,-1.5525702282854126
2.8389420217530454,0.28486858645401847,1.2714772147304068,-0.9493496318448365,-0.16905231887748895,-0.05167231832756655,0.22740410256307014,0.3479303944520094,-0.5639822313956678,-0.26738903556568966,-0.6486508356351234
0.18535196765478837,-0.1018887300650445,3.3134498256398865,-0.9082061100279463,-0.4287948460589213,-0.4584634512828308,-0.35232458450961895,-0.40958560025463636,1.0198998024417874,-0.0911907374662564,0.5017920277379693
1.2237132931714978,-1.358850008752,3.3134498256398865,-0.9699213927532815,-0.775118215634164,-0.28412439430200326,0.6448087572554063,-0.9605063236776724,-0.7619674856253483,2.9041803302241145,1.4057114203882586
-0.5068889160230172,-1.5522286670115315,1.2714772147304068,0.09981017448586167,-0.16905231887748895,0.8200229665765711,0.552052167323776,0.2446327588102045,0.9539047176985587,-0.44358733366512343,-0.15560389418951204
-0.04539499357114716,-0.6820247048436395,3.3134498256398865,-0.9699213927532815,0.04739978710703774,-0.5746894892700491,-0.6074052068216022,-0.7539110523940243,-0.43199206190921324,-0.7078847808142741,0.09091957653329293
2.0313276574622705,-1.1654713504924683,1.2714772147304068,0.2849560226618671,-0.12576189768058385,-1.504497793167796,-1.7204842860011653,0.5200931205216842,-0.43199206190921324,0.8778999020806283,-0.07342940394857704
0.18535196765478837,0.09148992819448672,1.2714772147304068,-0.43505560913371,0.04739978710703774,0.12266673865326098,-0.02767651974891306,0.003604942312621482,-1.6199035872873018,-0.7959839298639905,-0.9773487965988648
-0.5068889160230172,-0.1018887300650445,1.2714772147304068,0.2849560226618671,0.004109365910132342,1.0524750425510079,1.5955638040546165,0.6233907561635273,0.29395387026628855,-0.5316864827148403,-1.1416977770807362
-0.2761419547970827,2.6054124855683978,-2.6491101982157947,-0.6613449791266055,-0.5153756884527319,1.2268140995318353,-0.35232458450961895,-1.0982365045334122,-0.30000189242275865,-1.6769754203611589,1.077013459424517
-0.6222623966359855,-0.39195671745434213,3.3134498256398865,-0.9287778709363915,5.458702436720207,-0.6328025082636584,-0.6769726492703249,-0.20299032897102656,0.491939124495969,-0.8840830789137074,-0.5664763453941885
-0.1607684741841144,0.47824724471355023,1.2714772147304068,-0.8876343491195011,5.242250330735682,-0.8652545842380951,-1.0016207140310307,-0.8227761428219325,-0.5639822313956678,0.08500756063317735,0.6661410082198408
1.5698337350103995,0.5749365738433161,1.2714772147304068,0.42895834902098257,0.004109365910132342,1.168701080538226,1.989779311264045,0.7611209370192673,-0.7619674856253483,0.2612058587326111,0.09091957653329293
-1.4298767609267593,1.058383219492145,-0.7704953961790733,-0.24990976095770437,-0.5153756884527319,-0.4584634512828308,-1.3958362212404594,-1.0982365045334122,0.5579342092391948,-1.1483805260628581,1.7344093813519985
-1.4298767609267593,1.2517618777516761,-0.7704953961790733,-0.8259190663941661,-0.5153756884527319,-1.4463847741741869,-1.9523757608302408,-1.9418338622749336,0.8219145482121041,0.08500756063317735,2.3918053032794813
-0.1607684741841144,1.2517618777516761,-2.6491101982157947,-0.6407732182181606,0.09069020830394313,0.23889277664047934,-0.004487372266005494,0.14133512316836136,0.29395387026628855,-1.2364796751125748,-0.8951743063579298
0.3007254482677556,-0.1985780591948104,1.2714772147304068,-0.7642037836688309,-0.6019565308465427,-0.22601137530839407,-0.561026911855787,-1.2015341401752553,1.151889971928242,-0.6197856317645573,1.89875836183387
0.7622193707196266,0.3815579155837844,1.2714772147304068,-0.8670625882110562,-0.645246952043448,0.5294578716085252,-0.6537835017874173,-1.0982365045334122,-0.8279625703685771,-0.26738903556568966,1.5700604008701284
-1.1991297997008237,-0.875403363103171,1.2714772147304068,-0.2087662391408142,-0.25563316127129976,0.5294578716085252,-0.4450811744412492,-0.09969269332918343,0.9539047176985587,-0.9721822279634242,-0.8951743063579298
0.06997848704182111,-0.1018887300650445,1.2714772147304068,3.6175812898299666,0.4803039990760914,1.401153156512663,2.268049081058936,2.9648038307113347,-1.4219183330576213,-0.1792898865159733,-1.6347447185263475
1.4544602543974323,-0.7787140339734051,1.2714772147304068,1.210685263541895,0.09069020830394313,0.6456839095957436,1.7346986889520617,1.0365812987307852,-0.6959724008821225,-0.26738903556568966,-0.4843018551532534
1.5698337350103995,-0.1985780591948104,1.2714772147304068,-0.14705095641547908,-0.25563316127129976,-0.9233676032317042,-0.8624858291335854,0.1069025779544264,-0.4979871466524391,-1.3245788241622913,-0.40212736491231843
1.1083398125585295,-0.1985780591948104,1.2714772147304068,-0.5584861745843802,-0.8184086368310695,-0.4003504322892216,-1.1639447464113837,-0.6506134167522194,-1.0919429093414863,-1.500777122261725,0.5839665179789058
1.339086773784465,-1.358850008752,1.2714772147304068,-0.9082061100279463,-0.4720852672558264,0.4132318336213069,-0.3987028794754341,-0.34072050982676644,0.4259440397527402,-0.7959839298639905,0.008745086292357939
1.339086773784465,0.09148992819448672,1.2714772147304068,1.1901135026334495,-0.4720852672558264,0.2970057956340885,-0.14362225716345087,0.6922558465913974,-0.3659969771659845,-1.3245788241622913,0.17309406677422937
0.7622193707196266,-0.875403363103171,1.2714772147304068,-0.8876343491195011,0.04739978710703774,0.4132318336213069,0.06508007018271719,-0.20299032897102656,1.3498752261579225,-0.1792898865159733,0.09091957653329293
0.06997848704182111,0.5749365738433161,1.2714772147304068,0.2849560226618671,-0.039181055286773056,1.5173791944998813,1.5955638040546165,0.6578233013774624,-0.6959724008821225,-0.7959839298639905,-1.3060467575626062
-0.7376358772489527,-0.7787140339734051,1.2714772147304068,-0.8876343491195011,0.8266273686513342,-1.0395936412189226,0.1346475126314399,-0.030827602901313488,0.16196370077983394,0.2612058587326111,-1.1416977770807362
-0.5068889160230172,0.8650045612326133,1.2714772147304068,1.5192616771685707,-0.039181055286773056,1.0524750425510079,2.453562260922196,1.5186369317259132,-0.3659969771659845,-0.0911907374662564,-1.7169192087672827
-0.7376358772489527,-0.5853353757138736,1.2714772147304068,0.017523130852081365,-0.7318277944372586,-0.22601137530839407,-0.21318969961217357,-0.34072050982676644,1.4158703109011512,-1.1483805260628581,0.5839665179789058
2.377448099301174,0.3815579155837844,1.2714772147304068,-0.8876343491195011,0.17727105069775392,-1.0395936412189226,-0.14362225716345087,0.6233907561635273,-0.43199206190921324,-1.3245788241622913,-0.9773487965988648
-0.39151543541004996,1.5418298651409739,1.2714772147304068,0.3672430662956474,-0.039181055286773056,-1.0977066602125318,0.7375653471870366,0.6578233013774624,-0.5639822313956678,-1.0602813770131412,-1.5525702282854126
0.18535196765478837,-1.358850008752,1.2714772147304068,-0.0030486300563636226,0.30714231428846983,-0.7490285462508767,-0.4450811744412492,0.5545256657356192,1.0858948871850131,-1.1483805260628581,-0.9773487965988648
2.4928215799141418,-1.0687820213627024,1.2714772147304068,-1.0110649145701716,-0.2989235824682051,0.6456839095957436,-0.14362225716345087,-0.2718554193988965,-0.6959724008821225,0.17310670968289424,-0.07342940394857704
-0.5068889160230172,-0.1985780591948104,1.2714772147304068,0.09981017448586167,-0.3855044248620159,0.12266673865326098,0.552052167323776,0.5545256657356192,1.2178850566714678,0.349305007782328,-0.7308253258760599
2.4928215799141418,-0.5853353757138736,1.2714772147304068,0.922680610823664,0.09069020830394313,0.9943620235573987,1.3404831817426333,1.6907996577956261,0.7559194634688782,-0.44358733366512343,-0.31995287467138345
1.5698337350103995,-0.7787140339734051,1.2714772147304068,-0.4967708918590451,0.4803039990760914,-1.21393269819975,-0.6769726492703249,-0.34072050982676644,-0.03602155344984944,-1.2364796751125748,0.7483154984607757
1.1083398125585295,-1.2621606796222342,-0.7704953961790733,0.3672430662956474,0.04739978710703774,-0.8071415652444859,-0.9088641240994005,0.45122803009381435,-1.6858986720305307,-1.588876271311442,-0.8129998161169948
0.06997848704182111,-0.2952673883245763,-0.7704953961790733,-0.8464908273026112,0.30714231428846983,-1.6788368501486235,-0.3755137319925265,-0.2718554193988965,0.22795878552305976,1.846990541627513,0.6661410082198408
0.3007254482677556,-0.005199400935278622,1.2714772147304068,0.12038193539430667,-0.21234274007439433,-0.4003504322892216,-0.6074052068216022,-0.40958560025463636,1.4158703109011512,0.7898007530309115,1.323536930147322
0.6468458901066594,-0.875403363103171,1.2714772147304068,0.16152545721119682,-0.3855044248620159,-1.155819679206141,-0.6305943543045097,0.003604942312621482,0.02997353129337933,-0.9721822279634242,0.33744304725609936
1.6852072156233688,-0.2952673883245763,1.2714772147304068,2.239273308964148,0.09069020830394313,0.8781359855701802,2.105725048678583,2.172855290790754,-1.0919429093414863,0.2612058587326111,-1.1416977770807362
0.7622193707196266,-1.358850008752,3.3134498256398865,-0.8876343491195011,-0.4720852672558264,-0.8071415652444859,-0.2595679945779887,-0.1685577837570916,0.4259440397527402,-0.35548818461540654,-0.31995287467138345
1.1083398125585295,2.0252765107898028,1.2714772147304068,0.22324073993653196,-0.12576189768058385,-0.34223741329561247,0.2737823975288853,0.4856605753077493,0.09596861603660517,-1.4126779732120083,-0.4843018551532534
1.4544602543974323,-1.5522286670115315,1.2714772147304068,-0.9699213927532815,-0.16905231887748895,0.47134485261491604,0.5288630198408685,-0.13412523854315664,-0.43199206190921324,-0.0911907374662564,-0.7308253258760599
0.8775928513325939,1.831897852530271,1.2714772147304068,1.4575463944432354,8.359160656912866,0.4132318336213069,1.9202118688153222,1.725232203009561,-1.553908502544076,0.17310670968289424,-1.1416977770807362
1.2237132931714978,-0.5853353757138736,1.2714772147304068,-0.43505560913371,-0.16905231887748895,-0.5165764702764399,-0.7465400917190476,-0.2718554193988965,-0.6299773161388937,-0.8840830789137074,-0.07342940394857704
-0.5068889160230172,-0.5853353757138736,1.2714772147304068,0.3260995444787573,0.35043273548537524,0.4132318336213069,0.3201606924947004,0.3479303944520094,0.491939124495969,0.2612058587326111,-0.40212736491231843
0.5314724094936911,-0.875403363103171,1.2714772147304068,1.9821262976085845,0.5235944202729967,0.8781359855701802,-0.07405481471472819,2.069557655148949,1.481865395644377,-1.1483805260628581,-1.2238722673216713
1.4544602543974323,0.1881792573242526,1.2714772147304068,1.3135440680841202,0.13398062950084852,0.8781359855701802,0.15783666011434747,1.1398789343725901,-0.6959724008821225,0.7017016039811945,-0.31995287467138345
0.7622193707196266,-0.39195671745434213,1.2714772147304068,0.7169630017392135,0.09069020830394313,0.8781359855701802,0.2737823975288853,0.8299860274471372,-0.16801172293630404,0.8778999020806283,-0.07342940394857704
1.1083398125585295,-0.6820247048436395,1.2714772147304068,-0.9699213927532815,-0.4287948460589213,-0.8652545842380951,-0.885674976616493,-1.3048317758170602,-0.9599527398550317,-1.853173718460592,1.2413624399063872
0.3007254482677556,0.1881792573242526,1.2714772147304068,-0.8876343491195011,-0.039181055286773056,-0.22601137530839407,-0.8624858291335854,0.14133512316836136,1.3498752261579225,0.8778999020806283,-0.31995287467138345
0.06997848704182111,-0.1985780591948104,1.2714772147304068,-0.8876343491195011,0.5235944202729967,0.23889277664047934,0.6679979047383139,0.9332836630889804,2.9997523447386034,0.2612058587326111,-0.9773487965988648
0.8775928513325939,0.28486858645401847,1.2714772147304068,-0.40419796777104233,-0.08247147648367845,-0.4584634512828308,-0.14362225716345087,-0.8916412332498024,-0.7619674856253483,1.5826930944783633,1.816583871592935
-0.5068889160230172,1.348451206881442,3.3134498256398865,1.4164028726263456,1.3028220018172931,0.7619099475829619,1.6651312465033392,1.3809067508701731,-0.4979871466524391,0.7898007530309115,-1.3060467575626062
1.5698337350103995,0.09148992819448672,1.2714772147304068,-1.0110649145701716,-0.08247147648367845,-0.34223741329561247,-0.4450811744412492,-0.34072050982676644,0.29395387026628855,-1.1483805260628581,0.2552685570151644
1.2237132931714978,0.47824724471355023,-0.4437797784335562,5.283893923414016,0.30714231428846983,0.0064407006660426236,0.8998893795673895,5.684974902612503,-0.30000189242275865,-0.9721822279634242,-1.470395738044476
-0.2761419547970827,1.7352085234005057,1.2714772147304068,0.3055277835703123,0.2638518930915644,-0.9233676032317042,1.08540255943065,0.6233907561635273,-0.5639822313956678,-0.9721822279634242,-1.3060467575626062
1.1083398125585295,-0.005199400935278622,1.2714772147304068,-0.9493496318448365,0.004109365910132342,-0.4584634512828308,0.11145836514853233,-0.06526014811524845,-0.6959724008821225,0.8778999020806283,-0.31995287467138345
-1.1991297997008237,-1.2621606796222342,1.2714772147304068,-0.9904931536617264,0.09069020830394313,-0.8071415652444859,-0.9088641240994005,-0.3062879646128315,-0.03602155344984944,-0.0911907374662564,-1.1416977770807362
1.1083398125585295,1.1550725486219109,1.2714772147304068,0.3878148272040924,0.6101752626668073,-0.05167231832756655,0.5752413148066836,0.9677162083029154,0.4259440397527402,0.7898007530309115,0.5839665179789058
-0.2761419547970827,0.28486858645401847,1.2714772147304068,0.3672430662956474,0.17727105069775392,0.9943620235573987,1.9202118688153222,0.8988511178750072,-0.4979871466524391,-0.35548818461540654,-1.470395738044476
-0.2761419547970827,0.4299025801486673,1.2714772147304068,0.3672430662956474,0.13398062950084852,1.0524750425510079,1.8506444263665995,0.7611209370192673,-0.2340068076795299,-0.7959839298639905,-1.0595232868397997
-0.2761419547970827,-0.1018887300650445,1.2714772147304068,0.3878148272040924,0.13398062950084852,1.5754922134934903,1.8506444263665995,0.7266883918053323,-0.16801172293630404,-0.35548818461540654,-0.9773487965988648
-0.1607684741841144,-0.1985780591948104,1.2714772147304068,0.4906736317463179,0.04739978710703774,1.110588061544617,1.247726591811003,0.5545256657356192,0.22795878552305976,-0.7959839298639905,-0.23777838443044702
-0.1607684741841144,-0.6820247048436395,1.2714772147304068,-0.9287778709363915,0.04739978710703774,-0.28412439430200326,-0.5378377643728794,-0.8227761428219325,-1.8178888415169852,-0.6197856317645573,0.17309406677422937
1.4544602543974323,-0.005199400935278622,1.0264405014212694,1.9512686562459172,0.5668848414699019,-0.16789835631478492,0.923078527050297,2.276152926432559,0.491939124495969,0.7898007530309115,-1.3060467575626062
-0.39151543541004996,-1.4555393378817658,0.2913303614938564,-1.0110649145701716,-0.4287948460589213,0.7619099475829619,-0.5378377643728794,-0.9260737784637374,1.4158703109011512,0.17310670968289424,0.7483154984607757
1.1083398125585295,1.5901745297058567,1.8432295457850616,-1.0110649145701716,-0.25563316127129976,-1.562610812161405,-1.2335121888601064,0.003604942312621482,0.3599489550095144,-0.5316864827148403,0.17309406677422937
2.262074618688207,1.058383219492145,0.04629364818471899,-0.0030486300563636226,0.3937231566822806,-0.10978533732117574,-0.21318969961217357,-0.3751530550407014,-1.6199035872873018,0.17310670968289424,0.9948389691835822
1.2237132931714978,-0.9720926922329369,-0.03538525625166028,-0.9699213927532815,-0.5586661096496373,-0.8652545842380951,-1.5117819586549972,-0.5473157811104145,-0.4979871466524391,-0.9721822279634242,-0.07342940394857704
0.3007254482677556,0.28486858645401847,0.37300926593023565,-0.9699213927532815,-0.4287948460589213,-1.4463847741741869,-0.3059462895438038,-0.47845069068254453,-0.3659969771659845,-0.44358733366512343,-0.5664763453941885
1.1083398125585295,-0.39195671745434213,-1.2605688227973484,0.16152545721119682,0.004109365910132342,-0.10978533732117574,0.5288630198408685,0.8644185726610721,0.02997353129337933,0.6136024549314787,-0.6486508356351234
0.18535196765478837,0.6716259029730814,-0.2804219695607981,0.12038193539430667,-0.775118215634164,-0.4584634512828308,-1.1639447464113837,-0.06526014811524845,1.3498752261579225,-0.6197856317645573,0.6661410082198408
-0.2761419547970827,-0.1985780591948104,-0.19874306512441883,-0.2293380000492594,3.986828116025426,0.3551188146276977,0.714376199704129,0.45122803009381435,0.02997353129337933,-0.9721822279634242,-1.0595232868397997
-0.2761419547970827,-0.1018887300650445,-0.19874306512441883,-0.1264791955070341,3.9435376948285206,0.0064407006660426236,0.5984304622895912,0.45122803009381435,0.02997353129337933,-0.9721822279634242,-1.0595232868397997
-0.04539499357114716,-0.5853353757138736,-0.3621008739971774,0.6141041971969882,0.004109365910132342,2.737752593365674,1.1781591493622803,0.5889582109495924,0.6899243787256494,-0.44358733366512343,-0.23777838443044702
-0.7376358772489527,-0.1018887300650445,-0.11706416068803956,0.5935324362885431,0.04739978710703774,1.749831270474318,2.0129684587469527,0.7955534822332022,-0.16801172293630404,-0.1792898865159733,-1.3882212478035412
0.5314724094936911,-0.48864604658410776,0.2913303614938564,-0.8464908273026112,-0.6019565308465427,1.4592661755062721,0.4361064299092382,-0.6161808715382845,-0.5639822313956678,-1.2364796751125748,0.41961753749703434
-0.7376358772489527,0.1881792573242526,-1.0972110139245899,0.14095369630275165,-0.039181055286773056,0.4132318336213069,0.7607544946699442,0.2102002135962313,1.0858948871850131,-0.35548818461540654,-0.15560389418951204
-0.5068889160230172,0.6716259029730814,-1.0972110139245899,-0.04419215187325378,-0.5153756884527319,-0.9814806222253134,-0.4682703219241568,0.2102002135962313,0.8879096329553328,-0.5316864827148403,-0.40212736491231843
0.8775928513325939,0.3815579155837844,0.04629364818471899,2.5581356030450464,0.35043273548537524,0.5294578716085252,1.3868614767084484,2.413883107288299,0.16196370077983394,0.5255033058817618,-1.3060467575626062
-0.6222623966359855,0.28486858645401847,-0.2804219695607981,0.8403935671898838,0.004109365910132342,0.8200229665765711,1.7346986889520617,0.8299860274471372,3.5937081074276507,0.5255033058817618,1.077013459424517
0.41609892888072386,-0.2952673883245763,-0.4437797784335562,1.7455510471614666,0.3937231566822806,1.168701080538226,1.572374656571709,1.6563671125816912,-0.4979871466524391,-0.9721822279634242,-1.3060467575626062
0.5314724094936911,-0.1985780591948104,-0.03538525625166028,2.455276798502821,0.13398062950084852,0.3841753241245023,1.3404831817426333,2.138422745576819,-0.8939576551118029,-0.44358733366512343,-1.2238722673216713
0.6468458901066594,-0.1985780591948104,0.2913303614938564,0.7169630017392135,0.04739978710703774,0.4132318336213069,0.22740410256307014,1.5186369317259132,1.7458457346172862,2.023188839726947,-0.4843018551532534
-0.1607684741841144,-0.2952673883245763,-0.6071375873063147,-0.8979202295737239,-0.21234274007439433,4.8588777866324095,1.827455278883692,0.38236293966594437,2.3398014973063304,1.230296498279496,-0.9773487965988648
0.3007254482677556,-1.1654713504924683,-0.688816491742694,-0.9493496318448365,-0.5153756884527319,-0.4003504322892216,-0.3291354370267114,-0.7883435976079592,0.491939124495969,0.5255033058817618,0.6661410082198408
2.4928215799141418,1.445140536011208,-0.2804219695607981,-0.9082061100279463,0.17727105069775392,-1.6207238311550143,0.8767002320844819,0.45122803009381435,-0.5639822313956678,-0.35548818461540654,-0.7308253258760599
0.18535196765478837,-0.39195671745434213,-0.2804219695607981,-0.3527685654999297,-0.25563316127129976,0.3551188146276977,1.7578878364349693,-0.3751530550407014,0.5579342092391948,-0.003091588416539527,0.9948389691835822
-0.1607684741841144,-0.15023339462992744,-0.9338532050518316,0.5523889144716528,0.09069020830394313,1.110588061544617,1.410050624191356,0.5889582109495924,0.3599489550095144,-0.7078847808142741,-0.31995287467138345
0.9929663319455622,-1.5522286670115315,-0.11706416068803956,-0.9287778709363915,0.6101752626668073,0.7037969285893527,0.29697154501179285,0.4856605753077493,1.151889971928242,-0.6197856317645573,-1.1416977770807362
0.41609892888072386,-0.6820247048436395,-0.03538525625166028,-0.5996296964012704,-0.4287948460589213,0.0064407006660426236,-0.12043310968054331,-0.34072050982676644,0.3599489550095144,-0.7959839298639905,0.33744304725609936
1.9159541768493034,0.3815579155837844,0.2096514570574771,1.848409851703692,-0.21234274007439433,0.7037969285893527,1.2245374443280954,1.5186369317259132,-0.7619674856253483,-1.588876271311442,-0.4843018551532534
0.06997848704182111,-0.9720926922329369,-0.2804219695607981,-0.805347305485721,-0.3422140036651105,0.23889277664047934,1.2245374443280954,-0.8227761428219325,0.8219145482121041,-1.0602813770131412,1.323536930147322
-0.6222623966359855,-0.1985780591948104,-0.3621008739971774,-0.7642037836688309,-0.12576189768058385,0.0064407006660426236,0.8767002320844819,-0.6850459619661544,1.2178850566714678,-0.5316864827148403,0.8304899887017108
-0.1607684741841144,-0.1985780591948104,-0.2804219695607981,-0.8464908273026112,-0.12576189768058385,-0.5746894892700491,-0.3755137319925265,0.2102002135962313,1.6138555651308317,1.054098200180062,-0.31995287467138345
1.2237132931714978,0.09148992819448672,0.2096514570574771,1.0666829371827793,-0.5586661096496373,0.47134485261491604,1.6419420990204316,1.0710138439447203,-0.3659969771659845,-0.26738903556568966,-0.23777838443044702
-0.39151543541004996,-0.1018887300650445,-1.1788899183609691,-0.3527685654999297,0.004109365910132342,-1.6788368501486235,-0.5378377643728794,0.5889582109495924,0.3599489550095144,-1.2364796751125748,-1.6347447185263475
-0.1607684741841144,0.47824724471355023,0.6997248836757523,0.09981017448586167,0.5235944202729967,-0.4584634512828308,0.3201606924947004,0.5545256657356192,-0.2340068076795299,-0.44358733366512343,-0.8129998161169948
-0.1607684741841144,0.28486858645401847,0.6997248836757523,0.09981017448586167,0.4803039990760914,-0.5746894892700491,0.2505932500459777,0.5889582109495924,-0.2340068076795299,-0.35548818461540654,-0.8129998161169948
-0.2761419547970827,-0.2952673883245763,-0.19874306512441883,-0.9082061100279463,-0.4720852672558264,-0.16789835631478492,-0.23637884709508114,-0.5817483263243495,1.4158703109011512,-0.1792898865159733,0.5839665179789058
-0.5068889160230172,-0.39195671745434213,-0.9338532050518316,-0.9082061100279463,-0.3422140036651105,0.18077975764687015,0.45929557739214577,-0.13412523854315664,1.4158703109011512,0.5255033058817618,-0.5664763453941885
-0.04539499357114716,-0.1985780591948104,-0.3621008739971774,2.270130950326815,0.437013577879186,0.7619099475829619,0.9694568220161122,2.069557655148949,1.6798506498740604,-0.7959839298639905,-0.8129998161169948
0.18535196765478837,3.1855484603469923,-0.6071375873063147,-0.8670625882110562,0.22056147189465902,-0.5746894892700491,0.552052167323776,0.2790653040241395,1.0858948871850131,0.9659990511303452,0.008745086292357939
-0.04539499357114716,-0.5853353757138736,-0.2804219695607981,1.5809769598939059,0.3937231566822806,0.8781359855701802,0.9926459694990197,1.587502022153783,1.6138555651308317,-0.8840830789137074,-0.6486508356351234
1.4544602543974323,0.28486858645401847,-0.7704953961790733,-0.8876343491195011,-0.6019565308465427,-1.4463847741741869,-1.627727696069535,-0.47845069068254453,-0.7619674856253483,-0.1792898865159733,-0.07342940394857704
0.18535196765478837,-0.7787140339734051,-0.2804219695607981,0.03809489176052635,-0.3855044248620159,-0.22601137530839407,-0.3987028794754341,0.03803748752655645,0.29395387026628855,0.17310670968289424,0.17309406677422937
1.2237132931714978,-0.9720926922329369,0.2913303614938564,-0.5996296964012704,0.6534656838637127,-0.5746894892700491,0.9462676745332046,0.41679548487987933,0.16196370077983394,0.17310670968289424,-0.4843018551532534
-0.2761419547970827,0.5749365738433161,-0.5254586828699355,0.05866665266897152,0.5668848414699019,-0.6909155272572675,-0.02767651974891306,0.6578233013774624,0.6899243787256494,-0.003091588416539527,-0.40212736491231843
-0.04539499357114716,0.1881792573242526,-0.7704953961790733,0.14095369630275165,3.3374717980718454,0.0064407006660426236,-0.49145946940706436,0.5200931205216842,-0.8279625703685771,-0.0911907374662564,-0.9773487965988648
-0.39151543541004996,-0.9720926922329369,0.04629364818471899,-0.8876343491195011,-0.25563316127129976,0.47134485261491604,0.2505932500459777,-0.8916412332498024,0.8219145482121041,0.8778999020806283,0.7483154984607757
0.18535196765478837,-0.6820247048436395,-0.19874306512441883,0.017523130852081365,0.004109365910132342,-0.34223741329561247,-0.6769726492703249,0.03803748752655645,0.4259440397527402,0.08500756063317735,0.17309406677422937
-0.04539499357114716,-0.1018887300650445,-0.11706416068803956,-0.9082061100279463,-0.08247147648367845,-0.9233676032317042,0.11145836514853233,-0.5817483263243495,-0.6299773161388937,-0.5316864827148403,-0.5664763453941885
2.8389420217530454,-0.7787140339734051,-0.03538525625166028,-0.8670625882110562,0.17727105069775392,-0.4003504322892216,0.9462676745332046,0.5545256657356192,-0.2340068076795299,-0.5316864827148403,-1.3060467575626062
-1.1991297997008237,-0.48864604658410776,-0.5254586828699355,-0.8464908273026112,-0.12576189768058385,-0.6328025082636584,-1.58134940110372,-0.1685577837570916,1.2178850566714678,-1.588876271311442,-0.9773487965988648
0.8775928513325939,-0.7787140339734051,0.4546881703666149,-0.6819167400350507,-0.08247147648367845,-0.28412439430200326,0.9926459694990197,0.1069025779544264,1.7458457346172862,-0.44358733366512343,0.17309406677422937
1.5698337350103995,-1.2621606796222342,1.1897983102940275,-0.6613449791266055,0.2638518930915644,-0.6328025082636584,1.2245374443280954,0.41679548487987933,2.0098260735901956,-0.35548818461540654,0.2552685570151644
0.7622193707196266,1.1550725486219109,5.437101340985746,2.7947108534921643,-0.21234274007439433,-0.10978533732117574,0.2505932500459777,1.3464742056562382,0.29395387026628855,-0.9721822279634242,1.159187949665452
0.18535196765478837,-1.4555393378817658,-0.2804219695607981,-0.18819447823236923,0.437013577879186,-0.22601137530839407,-0.35232458450961895,0.2446327588102045,1.811840819360515,-0.6197856317645573,-0.07342940394857704
0.06997848704182111,-1.0687820213627024,-0.9338532050518316,-0.27048152186614954,0.7833369474544288,1.168701080538226,0.343349839977608,0.4856605753077493,0.6239292939824236,-1.0602813770131412,-1.0595232868397997
0.18535196765478837,0.1881792573242526,-0.11706416068803956,0.09981017448586167,-0.5153756884527319,-0.4003504322892216,-0.9320532715823081,-0.47845069068254453,0.22795878552305976,-0.44358733366512343,0.9948389691835822
0.8775928513325939,1.5901745297058567,0.8630826925485108,1.7661228080699112,-0.039181055286773056,1.9241703274551456,1.7346986889520617,1.6563671125816912,1.877835904103741,-1.1483805260628581,-0.4843018551532534
0.7622193707196266,-0.5853353757138736,-0.03538525625166028,0.16152545721119682,-0.4287948460589213,0.5875708906021344,0.01870177521690207,0.03803748752655645,0.02997353129337933,1.6707922435280802,0.6661410082198408
2.723568541140076,-0.48864604658410776,-0.2804219695607981,-0.9904931536617264,-0.645246952043448,0.2970057956340885,-0.885674976616493,-0.3062879646128315,-1.6858986720305307,-1.6769754203611589,-0.15560389418951204
2.1467011380752377,0.5749365738433161,1.0264405014212694,1.6221204817107961,0.3937231566822806,1.9241703274551456,1.410050624191356,1.725232203009561,1.0858948871850131,-1.0602813770131412,-0.8951743063579298
-0.2761419547970827,2.557067821003515,-2.4040734849066574,-0.7024885009434957,-0.645246952043448,0.7619099475829619,-0.6074052068216022,-1.0982365045334122,-0.3659969771659845,-1.500777122261725,1.077013459424517
1.4544602543974323,0.1881792573242526,-0.19874306512441883,-0.9904931536617264,-0.21234274007439433,0.8200229665765711,-0.3291354370267114,-0.8227761428219325,-1.3559232483143926,-0.35548818461540654,0.41961753749703434
0.06997848704182111,-1.1654713504924683,-0.2804219695607981,0.7581065235561034,0.4803039990760914,0.8781359855701802,1.1085917069135576,1.3809067508701731,1.2838801414146965,-0.9721822279634242,-0.8129998161169948
1.339086773784465,0.3815579155837844,0.2096514570574771,-0.27048152186614954,-0.16905231887748895,1.2268140995318353,0.9462676745332046,-0.34072050982676644,0.6239292939824236,-0.1792898865159733,1.159187949665452
-0.853009357861921,-0.5853353757138736,-0.8521743006154523,-0.5790579354928254,0.2638518930915644,-1.155819679206141,-0.7697292392019551,0.3479303944520094,-0.3659969771659845,-0.6197856317645573,-1.5525702282854126
0.7622193707196266,-1.2621606796222342,0.37300926593023565,-0.8464908273026112,0.35043273548537524,-0.9233676032317042,-0.8392966816506778,0.2790653040241395,0.29395387026628855,-0.44358733366512343,-0.4843018551532534
1.800580696236336,0.09148992819448672,-0.3621008739971774,-1.000779034115949,-0.6019565308465427,-1.795062888135842,-1.9059974658644256,-1.0293714141055423,-1.883883926260211,-1.500777122261725,0.6661410082198408
-0.2761419547970827,0.8650045612326133,1.1081194058576482,0.12038193539430667,0.6534656838637127,-0.6909155272572675,0.29697154501179285,0.5545256657356192,-0.3659969771659845,-0.35548818461540654,-0.8129998161169948
0.9929663319455622,0.9616938903623791,0.5363670748029942,-0.805347305485721,-0.3422140036651105,-0.4003504322892216,0.343349839977608,-1.0982365045334122,-0.10201663819307528,-1.500777122261725,1.89875836183387
-0.6222623966359855,-0.2952673883245763,-0.8521743006154523,1.848409851703692,-0.2989235824682051,0.7037969285893527,0.11145836514853233,1.1226626617656228,-0.3659969771659845,-1.2364796751125748,-0.7308253258760599
1.6852072156233688,0.1881792573242526,0.2096514570574771,0.8403935671898838,-0.16905231887748895,-0.10978533732117574,0.7375653471870366,1.5186369317259132,0.22795878552305976,0.17310670968289424,-1.0595232868397997
-0.2761419547970827,-0.5853353757138736,2.0065873546578192,-0.9904931536617264,3.770376010040899,0.9943620235573987,-0.02767651974891306,-0.20299032897102656,-0.6299773161388937,-1.6769754203611589,-1.2238722673216713
-0.853009357861921,0.5749365738433161,-0.19874306512441883,1.2518287853587848,0.30714231428846983,0.6456839095957436,2.3376165235076583,1.3464742056562382,-0.2340068076795299,-0.0911907374662564,-1.6347447185263475
0.7622193707196266,-0.5853353757138736,-0.3621008739971774,-0.2293380000492594,0.17727105069775392,-0.10978533732117574,-1.1639447464113837,0.07247003274049142,-0.3659969771659845,-0.6197856317645573,-0.5664763453941885
1.339086773784465,-0.1018887300650445,-0.7704953961790733,-0.9699213927532815,-0.08247147648367845,-0.8652545842380951,-0.8161075341677703,-0.3062879646128315,0.5579342092391948,-0.6197856317645573,0.2552685570151644
-0.853009357861921,-1.0687820213627024,-0.5254586828699355,-0.9082061100279463,0.437013577879186,0.5875708906021344,-0.05086566723182062,-0.47845069068254453,0.02997353129337933,-0.5316864827148403,-0.31995287467138345
0.6468458901066594,-0.9720926922329369,-0.2804219695607981,0.922680610823664,-0.039181055286773056,0.5294578716085252,0.8535110846015743,0.9677162083029154,-0.5639822313956678,0.7017016039811945,-0.7308253258760599
-0.1607684741841144,-1.1654713504924683,-0.4437797784335562,-0.7024885009434957,0.004109365910132342,0.2970057956340885,0.36653898746051555,-0.5817483263243495,1.2178850566714678,0.17310670968289424,0.6661410082198408
-0.853009357861921,-0.24692272375969332,0.8630826925485108,1.3135440680841202,-0.039181055286773056,1.0524750425510079,1.3868614767084484,1.0021487535168503,0.29395387026628855,0.43740415683204487,-0.8951743063579298
0.6468458901066594,-0.48864604658410776,-0.688816491742694,-0.9287778709363915,0.13398062950084852,0.47134485261491604,0.08826921766562476,-0.13412523854315664,1.481865395644377,0.43740415683204487,-0.31995287467138345
-0.5068889160230172,-1.1654713504924683,-0.4437797784335562,-0.7642037836688309,-0.16905231887748895,-0.10978533732117574,-1.0248098615139383,-0.8227761428219325,0.7559194634688782,-0.5316864827148403,0.41961753749703434
-0.1607684741841144,-0.1018887300650445,-0.688816491742694,0.42895834902098257,0.30714231428846983,1.110588061544617,1.5028072141229862,0.7955534822332022,0.16196370077983394,-0.5316864827148403,-1.0595232868397997
0.06997848704182111,0.09148992819448672,-0.8521743006154523,0.5523889144716528,0.437013577879186,1.2268140995318353,1.8042661314007844,1.0021487535168503,-0.16801172293630404,-0.44358733366512343,-1.470395738044476
3.185062463591947,-0.6820247048436395,-0.4437797784335562,-0.9699213927532815,-0.3422140036651105,-1.3301587361869684,-1.9523757608302408,-0.40958560025463636,-2.6098298584357127,-0.26738903556568966,0.008745086292357939
-0.2761419547970827,3.282237789476758,-1.0972110139245899,0.5729606753800979,0.004109365910132342,2.679639574372065,2.0129684587469527,0.7783372096262348,-0.16801172293630404,-0.44358733366512343,-1.0595232868397997
-0.5068889160230172,-0.005199400935278622,-1.1788899183609691,-0.10590743459858892,-0.16905231887748895,1.8660573084615364,1.0158351169819273,0.19298394098926383,0.7559194634688782,-1.2364796751125748,-0.31995287467138345
1.339086773784465,0.1881792573242526,-0.4437797784335562,-0.04419215187325378,-0.08247147648367845,-0.22601137530839407,-0.3059462895438038,0.3479303944520094,-0.2340068076795299,0.17310670968289424,-0.31995287467138345
-0.5068889160230172,-1.0687820213627024,-0.5254586828699355,-0.9082061100279463,-0.3855044248620159,-0.8652545842380951,-0.9088641240994005,-0.7539110523940243,1.7458457346172862,-0.6197856317645573,0.33744304725609936
0.5314724094936911,-0.6820247048436395,-0.2804219695607981,1.0255394153658894,-0.3855044248620159,-0.9814806222253134,-0.5842160593386946,1.1054463891586552,1.3498752261579225,0.08500756063317735,-0.8129998161169948
-0.2761419547970827,0.3815579155837844,-0.6071375873063147,0.3672430662956474,0.35043273548537524,1.2268140995318353,1.6651312465033392,0.7955534822332022,-0.16801172293630404,-0.35548818461540654,-1.470395738044476
0.6468458901066594,0.3815579155837844,-0.9338532050518316,-0.8670625882110562,0.22056147189465902,0.8781359855701802,0.9694568220161122,0.5889582109495924,0.5579342092391948,1.7588913925777963,-1.3882212478035412
-0.2761419547970827,0.8650045612326133,-2.1590367715975196,-0.9287778709363915,0.09069020830394313,1.3430401375190537,0.15783666011434747,-0.5473157811104145,-0.16801172293630404,-0.9721822279634242,-0.4843018551532534
0.9929663319455622,1.445140536011208,-0.4437797784335562,-0.2910532827745945,0.004109365910132342,-0.10978533732117574,-0.8161075341677703,-0.6850459619661544,-0.2340068076795299,0.6136024549314787,1.323536930147322
1.1083398125585295,1.058383219492145,-0.6071375873063147,0.8198218062814387,0.5668848414699019,-0.10978533732117574,1.0158351169819273,0.5889582109495924,-1.0259478245982576,-0.6197856317645573,0.2552685570151644
-0.39151543541004996,-0.9720926922329369,-0.6071375873063147,-0.9287778709363915,-0.21234274007439433,0.2970057956340885,0.08826921766562476,0.1069025779544264,0.9539047176985587,2.023188839726947,-0.8951743063579298
1.1083398125585295,1.1550725486219109,-0.6071375873063147,0.7375347626476585,0.5668848414699019,-0.16789835631478492,0.9462676745332046,0.5889582109495924,-1.0259478245982576,-0.5316864827148403,0.2552685570151644
0.06997848704182111,-0.875403363103171,-0.4437797784335562,-0.5996296964012704,0.35043273548537524,-0.10978533732117574,-0.885674976616493,-0.47845069068254453,-0.2340068076795299,-0.7959839298639905,0.17309406677422937
0.9929663319455622,2.0252765107898028,5.437101340985746,2.8152826144006093,-0.6885373732403534,-0.4003504322892216,-0.05086566723182062,1.2087440248004602,0.29395387026628855,-0.7959839298639905,1.159187949665452
-0.2761419547970827,-0.2952673883245763,0.1279725526210978,1.663264003527686,0.9997890534389559,0.4132318336213069,0.5984304622895912,1.794097293437431,2.4057965820495593,-0.1792898865159733,-0.6486508356351234
-0.5068889160230172,-1.2621606796222342,0.2096514570574771,-0.8464908273026112,-0.5153756884527319,0.47134485261491604,0.29697154501179285,-0.5473157811104145,1.481865395644377,1.7588913925777963,0.33744304725609936
1.800580696236336,-1.0687820213627024,-0.19874306512441883,-0.10590743459858892,0.2638518930915644,0.7037969285893527,0.29697154501179285,0.5200931205216842,0.29395387026628855,-0.9721822279634242,-0.6486508356351234
-0.853009357861921,0.3815579155837844,0.2913303614938564,-0.8464908273026112,0.22056147189465902,-1.2720457171933592,1.456428919157171,0.2446327588102045,1.9438309888469696,-0.44358733366512343,-0.07342940394857704
1.9159541768493034,-0.6820247048436395,-0.6071375873063147,0.6861053603765458,-0.5153756884527319,2.214735422423191,0.11145836514853233,0.2446327588102045,-0.9599527398550317,-1.0602813770131412,0.6661410082198408
2.1467011380752377,1.6385191942707398,0.5363670748029942,-0.9082061100279463,0.913208211045145,-1.0395936412189226,-0.8624858291335854,0.6578233013774624,0.491939124495969,0.7017016039811945,-0.40212736491231843
-0.1607684741841144,-0.39195671745434213,-0.3621008739971774,0.1820972181196418,-0.3422140036651105,1.110588061544617,-0.23637884709508114,-0.20299032897102656,0.8879096329553328,-0.26738903556568966,0.8304899887017108
0.6468458901066594,0.47824724471355023,-0.6071375873063147,-0.6819167400350507,-0.25563316127129976,-0.34223741329561247,-0.5146486168899719,-0.8572086880358675,-0.8279625703685771,0.2612058587326111,0.9948389691835822
0.41609892888072386,-0.1985780591948104,-0.2804219695607981,-0.7847755445772759,-0.5586661096496373,0.8781359855701802,0.48248472487505334,-0.9949388688916073,0.8879096329553328,-0.5316864827148403,1.2413624399063872
1.5698337350103995,0.7683152321028474,-0.3621008739971774,0.34667130538720226,-0.4720852672558264,0.12266673865326098,-0.35232458450961895,0.03803748752655645,-0.2340068076795299,-1.3245788241622913,1.159187949665452
1.1083398125585295,-0.7787140339734051,-0.7704953961790733,-0.8876343491195011,-0.8616990580279749,-0.5165764702764399,1.2013482968451878,-0.9605063236776724,-0.7619674856253483,2.1993871378263807,1.2413624399063872
2.9543155023660126,-1.1654713504924683,-0.2804219695607981,-0.9287778709363915,-0.16905231887748895,-0.5165764702764399,0.8998893795673895,0.5545256657356192,-0.30000189242275865,-0.26738903556568966,-1.2238722673216713
-0.5068889160230172,0.47824724471355023,-0.7704953961790733,-0.8876343491195011,0.35043273548537524,-0.5746894892700491,-0.4682703219241568,0.17576766838229632,1.0858948871850131,0.08500756063317735,-1.0595232868397997
1.1083398125585295,-0.5853353757138736,0.2096514570574771,-0.9287778709363915,0.437013577879186,-0.8071415652444859,0.36653898746051555,-0.2718554193988965,0.02997353129337933,0.349305007782328,-0.15560389418951204
0.6468458901066594,0.6716259029730814,-0.19874306512441883,2.475848559411266,0.6967561050606181,0.4132318336213069,1.1549700018793727,2.207287836004689,0.491939124495969,1.3183956473292127,-1.2238722673216713
-0.2761419547970827,0.8650045612326133,-0.7704953961790733,-0.805347305485721,0.7833369474544288,-0.6909155272572675,-0.3987028794754341,0.2790653040241395,0.8219145482121041,0.43740415683204487,-0.9773487965988648
-0.1607684741841144,0.8650045612326133,0.618045979239373,0.07923841357741651,0.6534656838637127,-0.7490285462508767,0.2737823975288853,0.5200931205216842,-0.2340068076795299,-0.1792898865159733,-0.8129998161169948
0.3007254482677556,0.8650045612326133,-0.11706416068803956,-0.9287778709363915,-0.3855044248620159,-0.4584634512828308,-0.2595679945779887,-0.6850459619661544,-0.03602155344984944,1.142197349229779,1.159187949665452
0.06997848704182111,-0.2952673883245763,-0.5254586828699355,0.6449618385596558,-0.2989235824682051,0.12266673865326098,-0.21318969961217357,-0.06526014811524845,0.491939124495969,-1.3245788241622913,0.5839665179789058
-0.04539499357114716,-0.48864604658410776,-0.3621008739971774,1.9512686562459172,1.172950738226577,1.2268140995318353,0.8303219371186668,1.587502022153783,-0.8939576551118029,-0.7078847808142741,-1.5525702282854126
-0.5068889160230172,-0.1985780591948104,-1.0155321094882108,0.24381250084497694,-0.25563316127129976,0.0064407006660426236,0.5752413148066836,0.6233907561635273,1.2838801414146965,0.7898007530309115,-0.5664763453941885
0.8775928513325939,0.1881792573242526,-0.9338532050518316,0.8815370890067737,0.13398062950084852,1.2849271185254445,1.247726591811003,0.9677162083029154,-0.7619674856253483,-0.7959839298639905,-1.0595232868397997
2.9543155023660126,-1.1654713504924683,-0.8521743006154523,-0.8876343491195011,-0.16905231887748895,-1.21393269819975,-1.627727696069535,0.14133512316836136,-0.8279625703685771,-1.500777122261725,-0.8951743063579298
0.7622193707196266,0.47824724471355023,0.4546881703666149,1.3341158289925652,0.8266273686513342,-0.34223741329561247,-0.42189202695834166,1.243176570014395,-0.2340068076795299,-0.8840830789137074,-0.9773487965988648
0.8775928513325939,0.9616938903623791,-1.0972110139245899,-0.5173426527674903,0.004109365910132342,-1.504497793167796,-0.49145946940706436,0.2102002135962313,-0.30000189242275865,-0.7078847808142741,-0.9773487965988648
2.262074618688207,-0.7787140339734051,0.7814037881121315,1.8689816126121366,0.30714231428846983,1.4592661755062721,1.08540255943065,2.413883107288299,0.5579342092391948,2.6398828830749648,-1.470395738044476
-0.2761419547970827,0.7683152321028474,-1.0155321094882108,-0.9082061100279463,0.13398062950084852,0.23889277664047934,1.08540255943065,-0.34072050982676644,-0.10201663819307528,-0.7078847808142741,-0.5664763453941885
-1.4298767609267593,1.7352085234005057,-0.7704953961790733,-0.2293380000492594,-0.16905231887748895,-0.6328025082636584,-1.5117819586549972,-1.0293714141055423,0.6239292939824236,-1.0602813770131412,1.6522348911110634
0.41609892888072386,-1.2621606796222342,0.37300926593023565,-0.9699213927532815,-0.3422140036651105,-0.9814806222253134,-0.6305943543045097,-0.7194785071800893,-0.03602155344984944,-0.5316864827148403,0.41961753749703434
1.5698337350103995,1.348451206881442,-0.3621008739971774,-0.37334032640837483,-0.6885373732403534,-0.22601137530839407,-0.8624858291335854,-0.9260737784637374,-1.2899281635711668,-1.500777122261725,1.816583871592935
-0.04539499357114716,0.1881792573242526,0.1279725526210978,-0.6407732182181606,-0.3422140036651105,-1.4463847741741869,0.6216196097724987,-0.8916412332498024,-0.6959724008821225,0.349305007782328,1.159187949665452
-0.1607684741841144,-0.1018887300650445,-0.2804219695607981,1.6426922426192412,-0.7318277944372586,-0.05167231832756655,-0.14362225716345087,0.5200931205216842,1.0858948871850131,0.08500756063317735,1.159187949665452
0.41609892888072386,2.1219658399195684,-2.730789102652174,-1.0522084363870619,-0.5153756884527319,0.6456839095957436,-0.5378377643728794,-0.20299032897102656,-0.03602155344984944,-1.3245788241622913,-1.1416977770807362
-0.9683828384748883,-0.1985780591948104,-0.3621008739971774,-1.0110649145701716,-0.6019565308465427,-0.4584634512828308,-0.9552424190652156,-1.4425619566728,1.2178850566714678,-0.44358733366512343,1.4057114203882586
-0.04539499357114716,0.47824724471355023,-0.4437797784335562,-0.9699213927532815,-0.6019565308465427,0.18077975764687015,-0.14362225716345087,-1.6835897731703833,-0.03602155344984944,-0.7078847808142741,1.9809328520748049
0.6468458901066594,0.09148992819448672,-0.19874306512441883,-0.8670625882110562,-0.4720852672558264,-0.6909155272572675,-0.6305943543045097,-0.40958560025463636,-0.8279625703685771,-0.9721822279634242,0.2552685570151644
0.5314724094936911,-0.875403363103171,-0.7704953961790733,0.07923841357741651,0.35043273548537524,-0.05167231832756655,2.1752924911273057,0.8988511178750072,1.0858948871850131,0.43740415683204487,-0.4843018551532534
-0.39151543541004996,0.3815579155837844,-1.7506422494156237,1.1489699808165597,-0.5586661096496373,0.0064407006660426236,0.6448087572554063,1.243176570014395,0.16196370077983394,-1.500777122261725,-1.3060467575626062
0.3007254482677556,0.3815579155837844,0.5363670748029942,-0.9082061100279463,-0.5153756884527319,-1.2720457171933592,-1.2335121888601064,0.2102002135962313,1.481865395644377,0.9659990511303452,-0.15560389418951204
0.5314724094936911,-1.0687820213627024,-0.8521743006154523,0.07923841357741651,0.22056147189465902,0.0064407006660426236,2.3839948184734734,0.8644185726610721,1.0858948871850131,0.43740415683204487,-0.4843018551532534
0.9929663319455622,1.5418298651409739,-0.7704953961790733,1.0872546980912243,-0.645246952043448,0.3551188146276977,0.6911870522212215,0.3479303944520094,-0.4979871466524391,-0.5316864827148403,0.5839665179789058
0.6468458901066594,2.0252765107898028,-0.7704953961790733,1.8895533735205818,-0.6885373732403534,-0.05167231832756655,0.36653898746051555,0.5200931205216842,-0.43199206190921324,0.17310670968289424,1.159187949665452
-0.5068889160230172,-0.6820247048436395,-0.2804219695607981,-0.06476391278169895,-0.08247147648367845,0.47134485261491604,0.5288630198408685,0.38236293966594437,2.6697769210224687,-0.7078847808142741,0.008745086292357939
1.339086773784465,2.6054124855683978,0.6997248836757523,1.3752593508094553,7.147028863399516,0.12266673865326098,1.7578878364349693,1.725232203009561,-1.3559232483143926,0.6136024549314787,-1.0595232868397997
0.18535196765478837,-0.875403363103171,-0.8521743006154523,-0.04419215187325378,3.3374717980718454,-0.4584634512828308,-0.7697292392019551,0.5545256657356192,-1.0259478245982576,0.43740415683204487,-0.9773487965988648
0.41609892888072386,-0.39195671745434213,-0.3621008739971774,-0.7642037836688309,-0.3855044248620159,0.12266673865326098,-0.8161075341677703,-0.6161808715382845,0.491939124495969,1.3183956473292127,0.33744304725609936
-0.39151543541004996,0.5749365738433161,0.2096514570574771,1.0461111762743343,0.2638518930915644,1.0524750425510079,2.5463188508538264,1.587502022153783,1.6138555651308317,0.5255033058817618,-1.0595232868397997
0.06997848704182111,-0.9720926922329369,-0.03538525625166028,-1.0110649145701716,0.35043273548537524,-0.6328025082636584,0.6216196097724987,-0.40958560025463636,1.481865395644377,0.17310670968289424,-0.07342940394857704
1.5698337350103995,-0.9720926922329369,-0.19874306512441883,1.210685263541895,-0.2989235824682051,3.5513348592762024,2.5926971458196415,1.3120416604423033,-0.8279625703685771,0.2612058587326111,-0.8951743063579298
1.6852072156233688,-0.005199400935278622,0.94476159698489,0.3878148272040924,0.5668848414699019,-0.16789835631478492,0.04189092269980963,1.174311479586525,0.8879096329553328,2.4636845849755313,0.5017920277379693
-0.853009357861921,0.5749365738433161,1.0264405014212694,-0.24990976095770437,-0.7318277944372586,-0.8071415652444859,-1.0016207140310307,-0.9605063236776724,0.6239292939824236,1.142197349229779,1.4057114203882586
0.6468458901066594,1.5418298651409739,-1.0972110139245899,1.1489699808165597,0.13398062950084852,0.5294578716085252,0.45929557739214577,1.4497718412980432,0.491939124495969,-0.44358733366512343,-1.3060467575626062
0.8775928513325939,-0.1985780591948104,2.0065873546578192,0.4083865881125376,-0.21234274007439433,1.5754922134934903,0.9926459694990197,0.9677162083029154,-0.8279625703685771,-0.9721822279634242,-1.3060467575626062
2.1467011380752377,2.0252765107898028,1.92490845022144,2.4449909180485982,0.2638518930915644,-0.05167231832756655,2.453562260922196,2.379450562074364,-1.4219183330576213,2.9041803302241145,-1.3060467575626062
0.18535196765478837,-0.39195671745434213,-0.688816491742694,-0.8670625882110562,-0.16905231887748895,0.7619099475829619,1.2013482968451878,-0.6161808715382845,0.3599489550095144,-0.6197856317645573,0.6661410082198408
0.3007254482677556,-0.2952673883245763,-0.688816491742694,-0.8876343491195011,0.004109365910132342,0.8781359855701802,1.0158351169819273,-0.4440181454685714,0.02997353129337933,-0.6197856317645573,0.33744304725609936
-0.5068889160230172,-0.9720926922329369,-0.19874306512441883,-0.8876343491195011,0.13398062950084852,0.0645537196596518,-0.23637884709508114,-0.13412523854315664,2.6697769210224687,1.5826930944783633,-0.15560389418951204
1.6852072156233688,-0.1018887300650445,0.4546881703666149,-0.7230602618519408,0.5235944202729967,-1.0977066602125318,-0.7001617967532324,0.5889582109495924,0.5579342092391948,0.8778999020806283,-0.23777838443044702
-0.04539499357114716,-0.39195671745434213,0.1279725526210978,0.09981017448586167,0.09069020830394313,0.5294578716085252,0.8071327896357593,0.2102002135962313,0.6239292939824236,0.5255033058817618,-0.07342940394857704
1.339086773784465,-0.5853353757138736,-0.4437797784335562,1.663264003527686,0.30714231428846983,2.7958656123592833,1.3868614767084484,1.484204386511978,-0.3659969771659845,-0.35548818461540654,-0.6486508356351234
3.646556386043818,6.086228334239966,0.6997248836757523,-0.8876343491195011,0.437013577879186,-0.05167231832756655,1.0158351169819273,1.0365812987307852,-0.5639822313956678,-0.26738903556568966,-0.4843018551532534
2.377448099301174,0.5749365738433161,0.04629364818471899,-0.8876343491195011,0.437013577879186,-1.2720457171933592,0.8998893795673895,0.2790653040241395,-0.3659969771659845,-0.1792898865159733,-0.7308253258760599
2.377448099301174,0.47824724471355023,0.04629364818471899,-0.9287778709363915,0.437013577879186,-1.21393269819975,0.7839436421528517,0.2790653040241395,-0.43199206190921324,-0.1792898865159733,-0.7308253258760599
-0.1607684741841144,-0.9720926922329369,-1.1788899183609691,-0.24990976095770437,0.004109365910132342,1.2849271185254445,0.552052167323776,0.2790653040241395,0.8219145482121041,1.4945939454286465,-0.07342940394857704
1.1083398125585295,-0.7787140339734051,-0.4437797784335562,0.8815370890067737,0.35043273548537524,2.5053005173912375,1.1317808543964651,1.1054463891586552,-0.3659969771659845,-0.26738903556568966,-0.4843018551532534
0.5314724094936911,-1.4555393378817658,-0.19874306512441883,-0.7436320227603859,0.35043273548537524,-0.7490285462508767,-0.7697292392019551,-0.47845069068254453,0.29395387026628855,3.7851718207212834,0.7483154984607757
-0.2761419547970827,-0.005199400935278622,-0.2804219695607981,0.3878148272040924,0.13398062950084852,1.2849271185254445,1.5028072141229862,0.6922558465913974,0.29395387026628855,-0.8840830789137074,-0.8951743063579298
0.3007254482677556,-0.2952673883245763,-0.2804219695607981,-0.7230602618519408,-0.16905231887748895,-0.5746894892700491,-0.35232458450961895,0.07247003274049142,1.547860480387606,1.054098200180062,-0.07342940394857704
0.8775928513325939,0.7683152321028474,0.8630826925485108,0.4906736317463179,9.051807396063353,-0.4003504322892216,0.11145836514853233,0.6922558465913974,-0.4979871466524391,-0.5316864827148403,-0.31995287467138345
0.8775928513325939,-0.1018887300650445,-0.688816491742694,1.6426922426192412,0.17727105069775392,0.5875708906021344,1.4332397716742635,1.587502022153783,0.9539047176985587,0.08500756063317735,-0.6486508356351234
0.06997848704182111,0.8650045612326133,-0.4437797784335562,1.6221204817107961,-0.645246952043448,-0.05167231832756655,-0.004487372266005494,0.3479303944520094,-0.6299773161388937,-1.0602813770131412,0.8304899887017108
0.6468458901066594,-0.6820247048436395,-0.5254586828699355,0.2849560226618671,-0.645246952043448,0.3551188146276977,0.15783666011434747,-0.20299032897102656,-0.30000189242275865,-0.9721822279634242,0.9948389691835822
1.5698337350103995,-0.9720926922329369,-0.4437797784335562,0.5318171535632078,-0.4720852672558264,0.3551188146276977,0.06508007018271719,0.4856605753077493,-1.0259478245982576,-1.0602813770131412,-0.40212736491231843
-0.6222623966359855,-0.875403363103171,-1.0155321094882108,-0.8464908273026112,0.13398062950084852,0.0064407006660426236,0.5984304622895912,-0.47845069068254453,0.7559194634688782,0.08500756063317735,-0.23777838443044702
0.18535196765478837,-0.6820247048436395,-0.9338532050518316,-0.16762271732392425,0.09069020830394313,0.18077975764687015,0.714376199704129,0.2446327588102045,0.9539047176985587,-0.003091588416539527,-0.15560389418951204
-1.1991297997008237,0.47824724471355023,-1.0972110139245899,2.0849851021508097,0.04739978710703774,-0.5165764702764399,0.6679979047383139,1.3120416604423033,-0.6959724008821225,-0.26738903556568966,-1.3882212478035412
1.2237132931714978,0.09148992819448672,-0.19874306512441883,0.2952419031160896,-0.5153756884527319,0.12266673865326098,0.38972813494342307,0.003604942312621482,-0.8939576551118029,-1.588876271311442,0.17309406677422937
-0.2761419547970827,0.28486858645401847,0.37300926593023565,2.0849851021508097,0.5235944202729967,-1.0977066602125318,0.6448087572554063,2.0351251099350143,1.2178850566714678,0.9659990511303452,-1.1416977770807362
1.339086773784465,-0.875403363103171,-0.2804219695607981,-0.805347305485721,0.30714231428846983,0.7619099475829619,0.06508007018271719,0.07247003274049142,-0.10201663819307528,-0.003091588416539527,-0.8129998161169948
1.339086773784465,-0.7787140339734051,0.2096514570574771,-0.9699213927532815,-0.6019565308465427,-0.8071415652444859,-1.3726470737575518,-0.5817483263243495,-0.7619674856253483,-1.0602813770131412,-0.15560389418951204
1.339086773784465,-0.2952673883245763,-0.6071375873063147,1.663264003527686,-0.12576189768058385,0.3551188146276977,2.569507998336734,1.6563671125816912,-1.0919429093414863,0.7017016039811945,-1.5525702282854126
0.41609892888072386,-0.7787140339734051,2.251624067966957,2.1158427435134772,-0.12576189768058385,-1.21393269819975,-0.7929183866848627,1.6907996577956261,-0.8939576551118029,-1.1483805260628581,-1.1416977770807362
0.9929663319455622,0.1881792573242526,0.6997248836757523,1.7249792862530213,-0.039181055286773056,0.5875708906021344,1.7578878364349693,1.828529838651366,-0.10201663819307528,1.230296498279496,-1.1416977770807362
-0.5068889160230172,-0.5853353757138736,-0.11706416068803956,0.4083865881125376,-0.7318277944372586,-0.05167231832756655,-0.3059462895438038,0.3479303944520094,1.3498752261579225,-0.8840830789137074,-0.31995287467138345
0.18535196765478837,2.4120338273088664,-2.5674312937794155,-1.0110649145701716,-0.4287948460589213,0.23889277664047934,-0.7001617967532324,-0.2718554193988965,0.02997353129337933,-1.500777122261725,-1.3060467575626062
0.5314724094936911,-0.39195671745434213,0.618045979239373,1.5809769598939059,0.17727105069775392,0.3551188146276977,0.9462676745332046,1.725232203009561,1.151889971928242,-0.5316864827148403,-0.7308253258760599
0.41609892888072386,-0.39195671745434213,0.5363670748029942,2.455276798502821,0.13398062950084852,0.8781359855701802,1.1085917069135576,2.138422745576819,0.9539047176985587,-0.6197856317645573,-0.8129998161169948
0.8775928513325939,-1.2621606796222342,0.5363670748029942,-0.9493496318448365,-0.4287948460589213,-0.6328025082636584,-0.5842160593386946,-0.20299032897102656,-0.3659969771659845,2.375585435925814,-0.4843018551532534
0.8775928513325939,0.47824724471355023,0.618045979239373,1.601548720802351,-0.039181055286773056,0.5294578716085252,1.3868614767084484,1.7596647482234962,-0.10201663819307528,1.3183956473292127,-1.2238722673216713
-0.04539499357114716,-0.39195671745434213,-0.19874306512441883,2.5478497225908234,0.004109365910132342,0.2970057956340885,0.11145836514853233,2.138422745576819,0.6899243787256494,-0.7078847808142741,-1.5525702282854126
-0.04539499357114716,0.6716259029730814,0.8630826925485108,0.12038193539430667,0.437013577879186,-0.22601137530839407,0.552052167323776,0.4856605753077493,-0.3659969771659845,-0.44358733366512343,-0.8951743063579298
1.2237132931714978,-0.1985780591948104,-0.03538525625166028,0.9021088499152191,-0.2989235824682051,2.214735422423191,1.7346986889520617,1.0710138439447203,-1.7518937567737565,-0.003091588416539527,-0.8951743063579298
0.7622193707196266,0.09148992819448672,2.7416974945852326,0.44953010992942755,-0.3855044248620159,1.0524750425510079,0.6679979047383139,0.9677162083029154,-1.9498790110034399,-0.7078847808142741,-1.3882212478035412
0.41609892888072386,0.28486858645401847,0.618045979239373,0.5523889144716528,0.30714231428846983,-1.155819679206141,-1.1175664514455685,1.3120416604423033,0.6239292939824236,1.3183956473292127,-0.5664763453941885
-0.1607684741841144,1.5418298651409739,-0.19874306512441883,-0.8259190663941661,-0.6885373732403534,0.3551188146276977,-0.7697292392019551,-1.3048317758170602,0.6239292939824236,1.142197349229779,1.6522348911110634
3.646556386043818,-0.48864604658410776,-0.5254586828699355,1.6838357644361313,-0.5586661096496373,0.5875708906021344,0.6679979047383139,1.725232203009561,-3.1377905363815284,-0.5316864827148403,-0.7308253258760599
0.6468458901066594,-0.6820247048436395,-0.2804219695607981,0.4083865881125376,-0.2989235824682051,-1.21393269819975,-0.4450811744412492,0.14133512316836136,-1.553908502544076,-1.3245788241622913,-0.15560389418951204
2.262074618688207,-0.48864604658410776,0.1279725526210978,0.984395893548999,-0.25563316127129976,-0.5165764702764399,1.0622134119477424,1.587502022153783,-1.7518937567737565,-0.003091588416539527,-1.2238722673216713
1.1083398125585295,0.5749365738433161,-0.5254586828699355,-0.9699213927532815,-0.25563316127129976,-0.5746894892700491,-0.72335094423614,-0.20299032897102656,-1.223933078827941,0.5255033058817618,-0.15560389418951204
-0.9683828384748883,-0.005199400935278622,0.1279725526210978,-0.8259190663941661,-0.3855044248620159,-1.0977066602125318,-0.3987028794754341,-0.1685577837570916,-0.2340068076795299,1.7588913925777963,0.008745086292357939
1.2237132931714978,0.8650045612326133,-0.2804219695607981,-0.6613449791266055,-0.7318277944372586,1.6917182514807088,0.48248472487505334,-0.7539110523940243,-0.4979871466524391,0.8778999020806283,1.159187949665452
0.41609892888072386,0.7683152321028474,0.2096514570574771,-0.04419215187325378,-0.3422140036651105,-0.5165764702764399,-0.9088641240994005,-0.8227761428219325,-1.7518937567737565,0.8778999020806283,1.5700604008701284
0.8775928513325939,-1.4555393378817658,0.04629364818471899,0.6963912408307684,0.6967561050606181,0.2970057956340885,-0.2595679945779887,0.9677162083029154,0.09596861603660517,-0.8840830789137074,-0.8129998161169948
-0.2761419547970827,-0.2952673883245763,0.2096514570574771,0.44953010992942755,-0.039181055286773056,1.110588061544617,0.9926459694990197,0.6922558465913974,-0.7619674856253483,-0.6197856317645573,-1.1416977770807362
0.3007254482677556,-0.9720926922329369,-0.6071375873063147,-0.9493496318448365,-0.21234274007439433,-0.8652545842380951,-1.5349711061379048,-0.40958560025463636,-1.0259478245982576,2.1993871378263807,-0.5664763453941885
1.2237132931714978,0.1881792573242526,-0.5254586828699355,0.5318171535632078,-0.4287948460589213,-0.8652545842380951,-0.5842160593386946,0.03803748752655645,-1.553908502544076,-0.26738903556568966,0.9126644789426457
1.6852072156233688,-0.48864604658410776,-0.2804219695607981,-0.7847755445772759,0.13398062950084852,-0.8071415652444859,0.36653898746051555,0.5200931205216842,-0.6959724008821225,0.08500756063317735,-0.8129998161169948
-0.04539499357114716,1.445140536011208,-0.2804219695607981,-0.4967708918590451,-0.5586661096496373,-0.4584634512828308,-0.05086566723182062,-1.0982365045334122,-1.2899281635711668,-1.0602813770131412,1.159187949665452
-0.2761419547970827,0.6716259029730814,-0.3621008739971774,1.7455510471614666,-0.08247147648367845,1.110588061544617,0.923078527050297,1.828529838651366,-0.16801172293630404,0.7898007530309115,-1.3882212478035412
0.5314724094936911,-0.5853353757138736,1.353156119166786,1.601548720802351,0.13398062950084852,1.2268140995318353,1.2013482968451878,1.931827474293171,0.29395387026628855,1.4945939454286465,-1.3060467575626062
1.4544602543974323,-0.1985780591948104,-0.03538525625166028,1.0666829371827793,0.2638518930915644,1.0234185330542032,0.48248472487505334,1.3120416604423033,-1.0919429093414863,-0.003091588416539527,-0.31995287467138345
0.18535196765478837,-1.5522286670115315,-1.1788899183609691,-0.2087662391408142,0.3937231566822806,-0.4584634512828308,-0.23637884709508114,0.5200931205216842,0.6239292939824236,-0.7078847808142741,-0.9773487965988648
1.5698337350103995,0.8650045612326133,-0.5254586828699355,-0.8670625882110562,-0.775118215634164,-1.4463847741741869,-1.8132408759327956,-0.5128832358964796,-1.4879134178008473,-0.0911907374662564,-0.15560389418951204
0.8775928513325939,-0.1985780591948104,0.2096514570574771,-0.8876343491195011,-0.6019565308465427,-1.6788368501486235,-0.72335094423614,-0.2718554193988965,-0.30000189242275865,-0.7959839298639905,-0.15560389418951204
-0.6222623966359855,-0.7787140339734051,2.0065873546578192,-0.9287778709363915,6.843995915021178,-1.155819679206141,-0.9320532715823081,-0.23742287418496152,-0.2340068076795299,-0.5316864827148403,-0.4843018551532534
-0.6222623966359855,-0.5853353757138736,1.92490845022144,-0.9287778709363915,7.0171575998088,-1.21393269819975,-0.9552424190652156,-0.20299032897102656,-0.2340068076795299,-0.5316864827148403,-0.4843018551532534
0.3007254482677556,-0.2952673883245763,-0.4437797784335562,-0.8876343491195011,0.2638518930915644,0.6456839095957436,0.7375653471870366,-0.40958560025463636,-0.9599527398550317,-0.7078847808142741,-0.07342940394857704
0.18535196765478837,-0.1018887300650445,-0.11706416068803956,0.1820972181196418,0.04739978710703774,0.7037969285893527,1.2941048867768181,0.003604942312621482,0.22795878552305976,-0.8840830789137074,0.6661410082198408
2.262074618688207,0.5749365738433161,-0.03538525625166028,0.7786782844645485,-0.4287948460589213,0.6456839095957436,0.8071327896357593,0.9677162083029154,-0.7619674856253483,-0.7959839298639905,-0.31995287467138345
2.723568541140076,-0.1018887300650445,0.04629364818471899,0.9432523717321091,-0.12576189768058385,0.8200229665765711,2.105725048678583,1.243176570014395,-1.0259478245982576,-0.7078847808142741,-0.15560389418951204
0.3007254482677556,2.0252765107898028,-0.9338532050518316,-0.805347305485721,0.04739978710703774,6.486042318453467,3.949262273569734,-0.47845069068254453,0.29395387026628855,-1.0602813770131412,0.33744304725609936
2.723568541140076,4.15244175164465,-0.8521743006154523,0.05866665266897152,-0.16905231887748895,-1.155819679206141,-1.0248098615139383,0.3479303944520094,-2.0158740957466654,-1.3245788241622913,-0.40212736491231843
0.41609892888072386,1.831897852530271,2.578339685712474,0.4906736317463179,1.6058549501956307,-0.4584634512828308,1.0390242644648349,0.8988511178750072,-1.2899281635711668,-1.2364796751125748,-1.1416977770807362
-0.04539499357114716,-0.005199400935278622,0.2096514570574771,-0.8876343491195011,-0.25563316127129976,-0.5746894892700491,-1.1639447464113837,-0.47845069068254453,0.22795878552305976,1.4945939454286465,-0.23777838443044702
0.5314724094936911,-1.4555393378817658,-0.5254586828699355,-0.27048152186614954,1.4759836866049145,-0.05167231832756655,0.8071327896357593,0.003604942312621482,0.22795878552305976,-0.8840830789137074,0.41961753749703434
0.41609892888072386,-1.1654713504924683,0.1279725526210978,-0.9699213927532815,-0.645246952043448,-0.4584634512828308,-1.2335121888601064,-0.34072050982676644,0.8879096329553328,-1.3245788241622913,-0.5664763453941885
-0.04539499357114716,0.28486858645401847,-0.11706416068803956,0.34667130538720226,0.2638518930915644,0.0064407006660426236,0.1346475126314399,0.7266883918053323,-0.3659969771659845,-0.9721822279634242,-1.3060467575626062
1.6852072156233688,0.7683152321028474,1.92490845022144,1.8689816126121366,0.2638518930915644,0.0064407006660426236,2.7550211781999945,2.172855290790754,-1.7518937567737565,1.3183956473292127,-1.6347447185263475
-0.6222623966359855,-0.2952673883245763,0.8630826925485108,1.1695417417250047,-0.21234274007439433,0.7619099475829619,1.3404831817426333,1.0365812987307852,-0.10201663819307528,0.2612058587326111,-0.8951743063579298
-0.9683828384748883,1.6385191942707398,0.6997248836757523,-0.9904931536617264,0.22056147189465902,1.5173791944998813,1.3868614767084484,-0.20299032897102656,-1.157937994084712,-0.7959839298639905,-1.3060467575626062
1.4544602543974323,-0.1985780591948104,-0.2804219695607981,0.3878148272040924,0.13398062950084852,0.23889277664047934,0.343349839977608,0.5545256657356192,-1.3559232483143926,0.7898007530309115,-0.4843018551532534
-0.5068889160230172,-0.5853353757138736,-0.11706416068803956,1.2518287853587848,0.8699177898482396,1.2849271185254445,0.48248472487505334,1.862962383865301,2.6697769210224687,-0.5316864827148403,-1.3060467575626062
-1.314503280313791,1.6385191942707398,0.6997248836757523,-0.9904931536617264,0.22056147189465902,1.5173791944998813,1.3868614767084484,-0.20299032897102656,-1.157937994084712,-0.7959839298639905,-1.3060467575626062
0.41609892888072386,-0.875403363103171,-0.19874306512441883,-0.9287778709363915,0.004109365910132342,0.12266673865326098,-0.05086566723182062,0.03803748752655645,0.9539047176985587,0.7017016039811945,-0.31995287467138345
-0.1607684741841144,0.28486858645401847,0.8630826925485108,0.16152545721119682,0.35043273548537524,-0.34223741329561247,0.5288630198408685,0.4856605753077493,-1.0259478245982576,-0.44358733366512343,-0.8129998161169948
1.339086773784465,-0.2952673883245763,-1.6689633449792445,2.3215603525979276,-0.4287948460589213,0.8200229665765711,1.8970227213324147,2.000692564721079,-1.553908502544076,-0.26738903556568966,-0.7308253258760599
3.531182905430851,7.004776960972741,1.0264405014212694,-0.9287778709363915,0.004109365910132342,-0.05167231832756655,1.1085917069135576,0.9677162083029154,-1.157937994084712,-0.003091588416539527,-0.31995287467138345
1.4544602543974323,0.28486858645401847,0.2096514570574771,0.4701018708378725,-0.775118215634164,-0.34223741329561247,0.11145836514853233,-0.4440181454685714,-1.223933078827941,-1.3245788241622913,1.9809328520748049
1.4544602543974323,-0.39195671745434213,0.37300926593023565,-0.3321968045914847,-0.08247147648367845,0.8200229665765711,0.8071327896357593,0.7611209370192673,1.151889971928242,2.1993871378263807,0.17309406677422937
-0.5068889160230172,0.09148992819448672,-0.4437797784335562,1.0666829371827793,0.7400465262575234,1.8079442894679272,0.7375653471870366,1.2087440248004602,-2.0158740957466654,0.7017016039811945,-1.3060467575626062
0.41609892888072386,-1.2621606796222342,-0.03538525625166028,-0.9904931536617264,-0.8184086368310695,-1.0977066602125318,-1.7204842860011653,-0.030827602901313488,1.151889971928242,-0.7959839298639905,-0.5664763453941885
0.18535196765478837,-1.5522286670115315,-0.11706416068803956,0.2643842617534221,0.5235944202729967,-0.7490285462508767,-1.1175664514455685,0.9677162083029154,0.6239292939824236,-0.9721822279634242,-1.1416977770807362
0.6468458901066594,0.3815579155837844,1.7615506413486823,2.198129787147258,0.437013577879186,1.0524750425510079,2.3376165235076583,2.72377601421379,-1.553908502544076,0.7898007530309115,-1.5525702282854126
1.9159541768493034,-1.0687820213627024,-0.19874306512441883,-1.0110649145701716,-0.9482799004217854,-1.2720457171933592,-1.0711881564797534,-0.2718554193988965,-2.6758249431789385,-1.0602813770131412,-0.40212736491231843
3.0696889829789797,-0.6820247048436395,1.1081194058576482,-0.9493496318448365,-0.2989235824682051,-0.8071415652444859,-0.3291354370267114,0.7266883918053323,-1.9498790110034399,1.3183956473292127,-0.8951743063579298
1.5698337350103995,-0.6820247048436395,1.1897983102940275,-0.9287778709363915,-0.21234274007439433,-1.3882717551805777,-0.885674976616493,0.6922558465913974,-0.16801172293630404,0.7017016039811945,-0.5664763453941885
-0.04539499357114716,0.28486858645401847,0.6997248836757523,0.20266897902808698,0.004109365910132342,0.8781359855701802,0.8303219371186668,0.6922558465913974,-0.03602155344984944,-0.26738903556568966,-1.3060467575626062
-0.04539499357114716,-0.1018887300650445,-0.4437797784335562,1.5192616771685707,1.3028220018172931,0.8781359855701802,0.5984304622895912,1.4153392960841082,-1.0919429093414863,-0.9721822279634242,-1.6347447185263475
0.6468458901066594,-0.6820247048436395,-0.2804219695607981,0.44953010992942755,0.04739978710703774,-1.2720457171933592,-0.5378377643728794,0.1069025779544264,-0.4979871466524391,-1.2364796751125748,-0.07342940394857704
1.339086773784465,-0.48864604658410776,0.1279725526210978,0.6758194799223232,-0.08247147648367845,1.0524750425510079,1.1317808543964651,1.1054463891586552,-0.6959724008821225,0.6136024549314787,-0.8951743063579298
0.8775928513325939,-0.7787140339734051,-0.19874306512441883,-0.9287778709363915,0.04739978710703774,0.3551188146276977,0.11145836514853233,-0.13412523854315664,1.547860480387606,0.349305007782328,-0.40212736491231843
-0.6222623966359855,1.2517618777516761,-0.2804219695607981,-0.5584861745843802,-0.6885373732403534,0.8200229665765711,0.6216196097724987,-0.3751530550407014,2.207811327819876,2.6398828830749648,0.9126644789426457
1.6852072156233688,2.0252765107898028,0.7814037881121315,-0.7024885009434957,-0.4287948460589213,-0.16789835631478492,-0.49145946940706436,0.2102002135962313,0.22795878552305976,-0.1792898865159733,0.09091957653329293
0.8775928513325939,-0.7787140339734051,-0.6071375873063147,-0.2910532827745945,1.7357262137863463,0.12266673865326098,-0.09724396219763574,0.8644185726610721,-0.30000189242275865,-0.6197856317645573,-1.1416977770807362
0.7622193707196266,-0.1985780591948104,-0.6071375873063147,2.5581356030450464,1.6491453713925361,-0.10978533732117574,0.04189092269980963,2.5171807429301802,-0.16801172293630404,-0.8840830789137074,-1.470395738044476
-0.04539499357114716,-0.1018887300650445,0.1279725526210978,0.3878148272040924,0.09069020830394313,2.389074479404019,1.3868614767084484,0.7266883918053323,0.29395387026628855,-0.5316864827148403,-0.8951743063579298
-0.04539499357114716,-0.005199400935278622,0.2913303614938564,0.22324073993653196,0.4803039990760914,0.0064407006660426236,1.6419420990204316,1.2087440248004602,2.471791666792785,0.5255033058817618,-0.31995287467138345
1.800580696236336,-0.7787140339734051,-0.5254586828699355,0.07923841357741651,0.09069020830394313,-0.28412439430200326,0.1346475126314399,0.9677162083029154,0.3599489550095144,0.08500756063317735,-1.2238722673216713
1.2237132931714978,0.47824724471355023,-0.6071375873063147,-0.9699213927532815,-0.08247147648367845,-0.6909155272572675,-0.7929183866848627,-0.20299032897102656,-0.03602155344984944,0.43740415683204487,-0.07342940394857704
0.7622193707196266,0.9616938903623791,1.353156119166786,1.4164028726263456,-0.16905231887748895,1.2849271185254445,1.08540255943065,1.587502022153783,-0.6959724008821225,-0.26738903556568966,-1.3060467575626062
0.8775928513325939,-0.7787140339734051,-0.2804219695607981,1.7044075253445758,0.437013577879186,1.0524750425510079,1.7462932626935155,1.794097293437431,-0.3659969771659845,-0.26738903556568966,-1.3882212478035412
1.4544602543974323,-0.875403363103171,2.0065873546578192,2.20841566760148,0.13398062950084852,0.7619099475829619,1.0158351169819273,2.3450180168604287,0.02997353129337933,1.142197349229779,-1.2238722673216713
0.8775928513325939,-1.1654713504924683,0.618045979239373,-0.8259190663941661,0.04739978710703774,-0.4584634512828308,0.3201606924947004,-0.030827602901313488,0.02997353129337933,0.349305007782328,-0.40212736491231843
1.4544602543974323,-0.5853353757138736,-0.4437797784335562,0.3672430662956474,-0.12576189768058385,1.2849271185254445,0.8998893795673895,0.5545256657356192,-0.4979871466524391,0.5255033058817618,-0.4843018551532534
1.339086773784465,-0.5853353757138736,-0.11706416068803956,0.922680610823664,-0.12576189768058385,1.6336052324870995,1.4796180666400787,1.1054463891586552,-0.5639822313956678,0.349305007782328,-0.8951743063579298
0.3007254482677556,0.47824724471355023,-0.2804219695607981,-0.5379144136759353,-0.5153756884527319,-0.28412439430200326,-0.8161075341677703,-0.8916412332498024,-0.7619674856253483,-1.588876271311442,1.4057114203882586
-0.5068889160230172,1.445140536011208,-0.5254586828699355,-0.9904931536617264,0.35043273548537524,-1.7369498691422327,-0.6305943543045097,0.03803748752655645,0.29395387026628855,0.2612058587326111,-1.2238722673216713
0.18535196765478837,-1.5522286670115315,-0.4437797784335562,0.07923841357741651,0.4803039990760914,-1.0395936412189226,-0.7929183866848627,0.6578233013774624,2.0098260735901956,-0.44358733366512343,-0.8129998161169948
0.6468458901066594,0.1881792573242526,-0.9338532050518316,-0.1367650759612566,0.30714231428846983,-0.10978533732117574,0.9926459694990197,-0.40958560025463636,-0.43199206190921324,-0.35548818461540654,0.8304899887017108
0.18535196765478837,-0.005199400935278622,-0.03538525625166028,1.7866945689783567,-0.12576189768058385,0.7037969285893527,0.714376199704129,1.931827474293171,0.9539047176985587,1.5826930944783633,-1.470395738044476
1.800580696236336,-0.7787140339734051,0.37300926593023565,1.210685263541895,0.3937231566822806,0.9362490045637895,0.7607544946699442,2.276152926432559,0.9539047176985587,2.9041803302241145,-1.3882212478035412
0.5314724094936911,-0.9720926922329369,-0.19874306512441883,2.342132113506373,0.3937231566822806,-0.16789835631478492,1.3868614767084484,2.207287836004689,-0.43199206190921324,-0.26738903556568966,-1.3060467575626062
-0.04539499357114716,0.28486858645401847,-1.9956789627247613,-0.9287778709363915,-0.25563316127129976,1.2268140995318353,0.181025807597255,-0.5473157811104145,-0.03602155344984944,-0.26738903556568966,-0.4843018551532534
-0.1607684741841144,0.28486858645401847,-2.0773578671611403,-0.9493496318448365,-0.3422140036651105,1.3430401375190537,0.22740410256307014,-0.5473157811104145,-0.10201663819307528,-0.26738903556568966,-0.4843018551532534
0.8775928513325939,-1.0687820213627024,0.1279725526210978,-0.8876343491195011,0.04739978710703774,0.47134485261491604,0.38972813494342307,-0.13412523854315664,1.0858948871850131,1.7588913925777963,0.41961753749703434
0.6468458901066594,-0.1985780591948104,-0.19874306512441883,-0.7230602618519408,-0.12576189768058385,1.3430401375190537,0.9462676745332046,0.1069025779544264,1.481865395644377,1.6707922435280802,0.008745086292357939
-1.4298767609267593,-0.9720926922329369,-0.19874306512441883,-0.9082061100279463,-0.3422140036651105,-1.0977066602125318,-1.2335121888601064,-0.47845069068254453,0.9539047176985587,0.7898007530309115,-0.40212736491231843
0.41609892888072386,-1.2621606796222342,0.4546881703666149,-0.8464908273026112,-0.12576189768058385,-0.8071415652444859,0.5056738723579609,0.3479303944520094,2.1418162430766503,-0.1792898865159733,-0.4843018551532534
1.339086773784465,1.1550725486219109,-0.03538525625166028,0.3672430662956474,-0.5153756884527319,-0.4584634512828308,-0.9088641240994005,-0.09969269332918343,-0.10201663819307528,-0.7078847808142741,1.323536930147322
0.18535196765478837,-0.2952673883245763,1.8432295457850616,-0.805347305485721,-0.4720852672558264,-0.8652545842380951,-0.9784315665481231,-0.6850459619661544,0.22795878552305976,0.349305007782328,0.33744304725609936
-0.04539499357114716,-0.9720926922329369,1.0264405014212694,-0.9287778709363915,0.7833369474544288,0.12266673865326098,0.5288630198408685,-0.47845069068254453,1.151889971928242,-0.35548818461540654,0.41961753749703434
-0.2761419547970827,0.3815579155837844,-0.9338532050518316,2.2187015480557024,0.004109365910132342,0.18077975764687015,-0.09724396219763574,1.4153392960841082,0.16196370077983394,1.5826930944783633,-0.15560389418951204
2.4928215799141418,2.6054124855683978,-0.2804219695607981,0.44953010992942755,-0.8616990580279749,-1.21393269819975,-1.5349711061379048,-0.2718554193988965,-1.6858986720305307,-1.1483805260628581,0.9948389691835822
0.06997848704182111,-0.875403363103171,0.4546881703666149,0.42895834902098257,-0.775118215634164,-0.7490285462508767,-1.2335121888601064,0.07247003274049142,-0.5639822313956678,1.4945939454286465,0.17309406677422937
-0.6222623966359855,1.2517618777516761,-0.03538525625166028,-0.24990976095770437,-0.9915703216186909,-0.4003504322892216,-0.6305943543045097,-0.9605063236776724,0.6899243787256494,-0.9721822279634242,1.5700604008701284
0.18535196765478837,-0.7787140339734051,0.04629364818471899,-0.7847755445772759,0.13398062950084852,-1.3301587361869684,-0.02767651974891306,-0.5473157811104145,0.3599489550095144,-0.26738903556568966,0.8304899887017108
0.9929663319455622,-0.1985780591948104,0.04629364818471899,0.09981017448586167,0.17727105069775392,0.0645537196596518,0.5984304622895912,-0.030827602901313488,-0.03602155344984944,1.846990541627513,0.7483154984607757
-0.6222623966359855,-0.6820247048436395,-0.4437797784335562,-0.9082061100279463,0.22056147189465902,0.6456839095957436,0.11145836514853233,-0.34072050982676644,0.22795878552305976,-0.6197856317645573,-0.40212736491231843
0.8775928513325939,0.5749365738433161,0.4546881703666149,0.34667130538720226,-0.25563316127129976,0.5875708906021344,1.8042661314007844,0.9332836630889804,-0.5639822313956678,0.349305007782328,-1.1416977770807362
1.339086773784465,1.445140536011208,0.5363670748029942,1.3341158289925652,5.2855407519325865,-0.34223741329561247,1.2245374443280954,1.828529838651366,-0.8279625703685771,1.3183956473292127,-1.1416977770807362
0.7622193707196266,0.1881792573242526,3.0684131123307488,-0.9493496318448365,4.939217382357343,0.5294578716085252,0.2737823975288853,0.3479303944520094,-0.7619674856253483,-0.6197856317645573,-1.3882212478035412
-0.5068889160230172,-0.1985780591948104,0.5363670748029942,-0.8670625882110562,5.761735385098545,-1.7369498691422327,-1.790051728449888,-0.4440181454685714,-0.6959724008821225,0.43740415683204487,-0.40212736491231843
0.06997848704182111,0.3815579155837844,-1.505605536106486,0.44953010992942755,0.004109365910132342,0.9362490045637895,0.9926459694990197,0.6922558465913974,-0.43199206190921324,-0.35548818461540654,-1.3882212478035412
2.377448099301174,-0.6820247048436395,0.04629364818471899,0.24381250084497694,-0.3855044248620159,-0.10978533732117574,0.29697154501179285,0.8299860274471372,-0.6299773161388937,-0.35548818461540654,-0.7308253258760599
3.0696889829789797,1.348451206881442,0.618045979239373,-0.7436320227603859,-0.5153756884527319,-0.7490285462508767,0.181025807597255,0.45122803009381435,-0.8939576551118029,0.2612058587326111,0.33744304725609936
0.8775928513325939,0.09148992819448672,-0.6071375873063147,0.12038193539430667,-0.16905231887748895,-0.16789835631478492,0.5288630198408685,0.2102002135962313,-0.3659969771659845,-0.1792898865159733,0.09091957653329293
-0.39151543541004996,-0.2952673883245763,-1.0972110139245899,-0.9287778709363915,-0.9482799004217854,-0.34223741329561247,-0.8392966816506778,-0.7539110523940243,0.29395387026628855,0.43740415683204487,0.17309406677422937
0.41609892888072386,-0.48864604658410776,-0.03538525625166028,1.3958311117179,0.13398062950084852,0.8781359855701802,1.0622134119477424,1.6907996577956261,1.4158703109011512,-0.7959839298639905,-0.6486508356351234
1.2237132931714978,0.6716259029730814,0.2096514570574771,-0.8876343491195011,-0.3422140036651105,-1.3882717551805777,-0.3059462895438038,-0.34072050982676644,0.3599489550095144,-0.0911907374662564,0.33744304725609936
2.262074618688207,-0.7787140339734051,-0.4437797784335562,-0.9904931536617264,-1.2080224276032177,-0.9814806222253134,-1.5117819586549972,-0.40958560025463636,-1.4879134178008473,-1.2364796751125748,-0.15560389418951204
-1.314503280313791,-0.1018887300650445,-0.11706416068803956,-0.9699213927532815,0.004109365910132342,-0.8652545842380951,0.41291728242633063,-0.13412523854315664,3.9896786158870117,-0.7078847808142741,-0.31995287467138345
-1.5452502415397265,-1.358850008752,-0.5254586828699355,-0.27048152186614954,-0.7318277944372586,-0.7490285462508767,-0.7697292392019551,0.38236293966594437,0.9539047176985587,-0.44358733366512343,-1.3060467575626062
2.1467011380752377,-0.39195671745434213,0.1279725526210978,-1.093351958203952,-0.16905231887748895,-1.3882717551805777,-1.5349711061379048,-0.40958560025463636,-0.7619674856253483,-0.9721822279634242,0.008745086292357939
-0.1607684741841144,0.1881792573242526,0.94476159698489,0.963824132640554,-0.6019565308465427,1.2268140995318353,1.7346986889520617,1.1054463891586552,0.16196370077983394,0.8778999020806283,-0.8951743063579298
-1.4298767609267593,-1.4555393378817658,-0.5254586828699355,-0.2293380000492594,-0.775118215634164,-0.7490285462508767,-0.7697292392019551,0.3479303944520094,0.9539047176985587,-0.35548818461540654,-1.1416977770807362
0.6468458901066594,-0.9720926922329369,0.04629364818471899,-0.6613449791266055,-0.6885373732403534,-0.28412439430200326,-0.7001617967532324,-0.6161808715382845,-1.4879134178008473,0.349305007782328,0.33744304725609936
-1.314503280313791,1.0100385549272621,-2.4040734849066574,1.3752593508094553,-0.5153756884527319,-0.7490285462508767,-0.5146486168899719,0.8988511178750072,0.5579342092391948,1.230296498279496,-0.5664763453941885
1.6852072156233688,0.47824724471355023,0.7814037881121315,0.6758194799223232,0.004109365910132342,-0.7490285462508767,-0.2595679945779887,1.5186369317259132,1.2178850566714678,-0.1792898865159733,-1.0595232868397997
-0.04539499357114716,0.5749365738433161,0.8630826925485108,0.14095369630275165,0.2638518930915644,-0.4003504322892216,0.4361064299092382,0.5889582109495924,-0.3659969771659845,-0.7078847808142741,-0.8129998161169948
-0.04539499357114716,0.47824724471355023,0.8630826925485108,0.22324073993653196,0.17727105069775392,-0.34223741329561247,0.41291728242633063,0.5889582109495924,-0.3659969771659845,-0.6197856317645573,-0.8951743063579298
-0.6222623966359855,-0.005199400935278622,-0.7704953961790733,0.5215312731089852,-0.645246952043448,-0.16789835631478492,0.8071327896357593,0.6922558465913974,1.2838801414146965,0.7017016039811945,-0.7308253258760599
5.723279037077237,-0.48864604658410776,0.37300926593023565,1.0666829371827793,-0.5153756884527319,-1.155819679206141,-0.3291354370267114,2.0351251099350143,-1.7518937567737565,0.5255033058817618,-0.7308253258760599
-0.04539499357114716,-0.6820247048436395,-0.5254586828699355,2.5169920812281554,-0.16905231887748895,0.3551188146276977,0.20421495508016257,2.172855290790754,0.6899243787256494,-1.1483805260628581,-1.5525702282854126
2.0313276574622705,1.9769318462249197,-0.3621008739971774,-0.37334032640837483,-0.8616990580279749,-0.9233676032317042,-0.8392966816506778,-0.6850459619661544,-1.223933078827941,-0.9721822279634242,1.4878859106291935
0.5314724094936911,0.09148992819448672,-0.3621008739971774,-0.27048152186614954,-0.7318277944372586,-0.4584634512828308,0.41291728242633063,-0.23742287418496152,-0.8279625703685771,-2.0293720165600257,0.008745086292357939
-0.1607684741841144,0.28486858645401847,-0.19874306512441883,-0.2087662391408142,-0.645246952043448,-0.8652545842380951,0.3201606924947004,-0.40958560025463636,1.0858948871850131,2.9041803302241145,1.159187949665452
0.5314724094936911,0.09148992819448672,0.2913303614938564,0.4906736317463179,-0.08247147648367845,0.5875708906021344,2.0825359011956754,0.9677162083029154,-0.4979871466524391,-0.1792898865159733,-1.3060467575626062
-1.314503280313791,1.7352085234005057,1.0264405014212694,-0.9287778709363915,-0.25563316127129976,-0.22601137530839407,0.7375653471870366,-0.20299032897102656,-0.43199206190921324,-0.1792898865159733,-1.470395738044476
-0.04539499357114716,-0.005199400935278622,0.8630826925485108,1.1489699808165597,-0.25563316127129976,1.3430401375190537,1.989779311264045,1.0710138439447203,0.16196370077983394,0.6136024549314787,-0.8951743063579298
-0.1607684741841144,-0.48864604658410776,-0.03538525625166028,-0.8464908273026112,-0.4287948460589213,-0.6909155272572675,-0.9552424190652156,-0.4440181454685714,0.8219145482121041,-0.7959839298639905,0.17309406677422937
0.06997848704182111,-1.0687820213627024,-0.688816491742694,-0.8876343491195011,0.04739978710703774,-0.05167231832756655,-0.12043310968054331,-0.8227761428219325,-0.2340068076795299,-0.0911907374662564,0.6661410082198408
0.8775928513325939,-0.9720926922329369,0.2096514570574771,-0.7230602618519408,0.13398062950084852,0.18077975764687015,-0.3291354370267114,0.7611209370192673,2.6697769210224687,-0.26738903556568966,-0.23777838443044702
-0.2761419547970827,-0.5853353757138736,-0.4437797784335562,-0.2087662391408142,-0.16905231887748895,0.9362490045637895,0.9926459694990197,0.4856605753077493,0.6899243787256494,2.2874862868760975,-0.8951743063579298
1.1083398125585295,-0.1018887300650445,-0.4437797784335562,-0.8464908273026112,0.17727105069775392,-0.8071415652444859,-0.23637884709508114,-0.13412523854315664,-0.30000189242275865,-0.44358733366512343,-0.5664763453941885
0.9929663319455622,-0.005199400935278622,-0.3621008739971774,-0.3321968045914847,0.22056147189465902,-0.5746894892700491,0.11145836514853233,0.03803748752655645,-0.2340068076795299,-0.8840830789137074,-0.31995287467138345
0.8775928513325939,0.09148992819448672,-0.3621008739971774,-0.3116250436830395,0.22056147189465902,-0.5165764702764399,0.20421495508016257,0.03803748752655645,-0.2340068076795299,-0.8840830789137074,-0.31995287467138345
-1.314503280313791,0.3815579155837844,-1.2605688227973484,-0.9287778709363915,-0.7318277944372586,-0.5165764702764399,-0.7697292392019551,-1.0982365045334122,1.6138555651308317,-1.0602813770131412,0.33744304725609936
0.3007254482677556,0.47824724471355023,-0.688816491742694,-0.8876343491195011,-0.6885373732403534,-0.5746894892700491,-0.2595679945779887,-1.2703992306031253,0.16196370077983394,-1.3245788241622913,1.2413624399063872
0.5314724094936911,0.5749365738433161,-0.2804219695607981,-0.9493496318448365,0.4803039990760914,-0.5746894892700491,0.8303219371186668,0.3479303944520094,0.4259440397527402,0.17310670968289424,-1.2238722673216713
-0.39151543541004996,-0.875403363103171,-0.6071375873063147,-0.14705095641547908,-0.25563316127129976,-0.22601137530839407,0.06508007018271719,0.41679548487987933,0.4259440397527402,1.6707922435280802,-0.8951743063579298
-0.2761419547970827,-0.48864604658410776,-0.5254586828699355,-0.06476391278169895,-0.12576189768058385,0.47134485261491604,0.6216196097724987,0.5200931205216842,0.491939124495969,2.375585435925814,-0.8951743063579298
-0.2761419547970827,-0.1018887300650445,-0.3621008739971774,-0.1264791955070341,-0.039181055286773056,1.2849271185254445,1.2013482968451878,0.5200931205216842,0.7559194634688782,2.6398828830749648,-0.6486508356351234
-0.04539499357114716,0.7683152321028474,-0.11706416068803956,-0.8876343491195011,-0.2989235824682051,-1.4463847741741869,-0.3059462895438038,0.3479303944520094,0.6899243787256494,1.5826930944783633,-0.8129998161169948
0.18535196765478837,-0.5853353757138736,0.4546881703666149,-0.7847755445772759,0.3937231566822806,0.23889277664047934,1.410050624191356,0.45122803009381435,2.1418162430766503,0.43740415683204487,-0.31995287467138345
-1.0837563190878554,-1.0687820213627024,-0.2804219695607981,-0.9287778709363915,-0.16905231887748895,-0.5746894892700491,-0.42189202695834166,-0.23742287418496152,3.197737598968287,2.023188839726947,-0.07342940394857704
0.6468458901066594,1.6385191942707398,-0.11706416068803956,0.24381250084497694,-0.08247147648367845,-1.0395936412189226,-0.4682703219241568,0.8299860274471372,0.8219145482121041,-0.7078847808142741,-0.15560389418951204
0.7622193707196266,1.348451206881442,-1.5872844405428652,0.984395893548999,0.004109365910132342,-0.9814806222253134,-0.9784315665481231,0.7266883918053323,0.16196370077983394,-1.4126779732120083,0.09091957653329293
0.7622193707196266,0.47824724471355023,-0.11706416068803956,1.0666829371827793,-0.4287948460589213,-0.5746894892700491,-0.42189202695834166,0.8299860274471372,-0.30000189242275865,-1.3245788241622913,-0.07342940394857704
2.9543155023660126,0.1881792573242526,-0.11706416068803956,0.984395893548999,-0.7318277944372586,-1.21393269819975,-0.6074052068216022,0.6922558465913974,-2.279854434719575,-0.6197856317645573,0.008745086292357939
1.2237132931714978,-1.0687820213627024,-0.11706416068803956,-0.8876343491195011,0.30714231428846983,0.7037969285893527,0.29697154501179285,0.3479303944520094,0.6239292939824236,2.375585435925814,-0.8129998161169948
1.5698337350103995,-1.0687820213627024,-0.11706416068803956,-0.9082061100279463,0.17727105069775392,-1.0395936412189226,-0.8392966816506778,0.07247003274049142,-0.3659969771659845,0.7898007530309115,-0.8951743063579298
1.6852072156233688,-1.0687820213627024,-0.19874306512441883,-0.9082061100279463,0.13398062950084852,0.7619099475829619,0.36653898746051555,0.14133512316836136,-0.4979871466524391,0.7898007530309115,-0.9773487965988648
2.1467011380752377,-1.2621606796222342,-0.2804219695607981,-0.8876343491195011,0.004109365910132342,-0.34223741329561247,-0.16681140464635844,0.14133512316836136,0.16196370077983394,-0.9721822279634242,-0.6486508356351234
0.41609892888072386,-0.2952673883245763,-1.1788899183609691,0.42895834902098257,-0.08247147648367845,0.9362490045637895,0.8071327896357593,0.8988511178750072,-0.2340068076795299,-0.44358733366512343,-1.1416977770807362
0.41609892888072386,-0.39195671745434213,-1.1788899183609691,0.3672430662956474,-0.039181055286773056,1.0524750425510079,0.8998893795673895,0.6922558465913974,-0.16801172293630404,-0.9721822279634242,-0.8951743063579298
-1.775997202765662,4.6358883972934795,-2.485752389343036,-0.6613449791266055,-0.12576189768058385,-0.4584634512828308,-1.0248098615139383,-0.20299032897102656,0.9539047176985587,-0.9721822279634242,-1.1416977770807362
-0.2761419547970827,-0.5853353757138736,1.5981928324759238,1.8895533735205818,0.2638518930915644,-0.7490285462508767,-0.02767651974891306,1.6563671125816912,-1.6858986720305307,-1.2364796751125748,-0.9773487965988648
1.800580696236336,-0.005199400935278622,0.5363670748029942,0.6141041971969882,0.09069020830394313,-0.10978533732117574,0.20421495508016257,1.725232203009561,1.3498752261579225,-0.26738903556568966,-1.0595232868397997
-0.04539499357114716,0.3815579155837844,0.04629364818471899,0.017523130852081365,0.17727105069775392,-1.7369498691422327,-0.190000552129266,0.5200931205216842,-0.03602155344984944,-0.7959839298639905,-1.2238722673216713
-0.1607684741841144,-0.39195671745434213,-0.03538525625166028,1.3135440680841202,0.004109365910132342,-0.22601137530839407,0.181025807597255,1.553069476939848,1.0858948871850131,-0.7959839298639905,-0.8951743063579298
0.6468458901066594,-0.9720926922329369,0.2096514570574771,1.4781181553516805,0.437013577879186,2.1566224034295822,0.5984304622895912,2.138422745576819,1.481865395644377,-1.2364796751125748,-1.2238722673216713
-0.9683828384748883,-1.1654713504924683,-0.2804219695607981,0.16152545721119682,-0.12576189768058385,0.47134485261491604,0.36653898746051555,0.45122803009381435,2.867762175252149,-0.26738903556568966,0.008745086292357939
-0.04539499357114716,-0.005199400935278622,0.1279725526210978,-0.7436320227603859,-0.16905231887748895,-1.0977066602125318,-1.2103230413771988,-1.0982365045334122,-0.03602155344984944,0.6136024549314787,1.4878859106291935
-0.7376358772489527,0.5749365738433161,-0.2804219695607981,1.0666829371827793,0.04739978710703774,-0.4003504322892216,2.3144273760247507,1.484204386511978,-0.10201663819307528,-0.003091588416539527,-1.5525702282854126
-0.9683828384748883,-0.1018887300650445,-1.505605536106486,-0.9082061100279463,0.437013577879186,0.0064407006660426236,-0.21318969961217357,-0.06526014811524845,-0.4979871466524391,-0.35548818461540654,-1.470395738044476
1.9159541768493034,-0.39195671745434213,1.1081194058576482,1.9101251344290264,0.4803039990760914,0.2970057956340885,2.2448599335760284,2.310585471646494,-1.157937994084712,1.4945939454286465,-1.3060467575626062
1.4544602543974323,-0.39195671745434213,-0.03538525625166028,0.8815370890067737,0.09069020830394313,0.6456839095957436,0.08826921766562476,1.174311479586525,-0.2340068076795299,-0.0911907374662564,-0.23777838443044702
0.9929663319455622,-0.48864604658410776,-0.19874306512441883,0.984395893548999,-0.3422140036651105,1.401153156512663,1.1317808543964651,1.0710138439447203,-0.4979871466524391,0.5255033058817618,-0.8951743063579298
-0.39151543541004996,-0.5853353757138736,-0.688816491742694,2.300988591689483,0.17727105069775392,0.5294578716085252,0.01870177521690207,2.172855290790754,0.6899243787256494,-1.0602813770131412,-1.470395738044476
-1.314503280313791,0.47824724471355023,-1.505605536106486,-0.8259190663941661,0.17727105069775392,-0.8652545842380951,-1.0248098615139383,-0.13412523854315664,1.2178850566714678,1.142197349229779,-0.5664763453941885
-0.04539499357114716,-0.7787140339734051,-0.5254586828699355,-0.9699213927532815,-0.5153756884527319,-0.9233676032317042,-1.6045385485866275,-1.2359666853891904,-0.3659969771659845,-1.0602813770131412,0.9126644789426457
0.9929663319455622,-0.1985780591948104,-0.11706416068803956,-0.9699213927532815,-0.25563316127129976,-0.5165764702764399,-0.4682703219241568,-0.2718554193988965,0.09596861603660517,0.6136024549314787,0.17309406677422937
-0.5068889160230172,-0.7787140339734051,-0.11706416068803956,-0.5790579354928254,-0.21234274007439433,-0.9814806222253134,-0.2595679945779887,-0.8227761428219325,1.547860480387606,-0.6197856317645573,1.159187949665452
1.339086773784465,-1.1654713504924683,0.2096514570574771,-0.9082061100279463,-0.5586661096496373,-1.21393269819975,-0.35232458450961895,0.1069025779544264,0.02997353129337933,-0.8840830789137074,-0.23777838443044702
-0.04539499357114716,-0.2952673883245763,-0.5254586828699355,0.984395893548999,1.3028220018172931,0.7037969285893527,0.38972813494342307,1.0021487535168503,-0.9599527398550317,-0.9721822279634242,-1.3060467575626062
0.9929663319455622,1.058383219492145,-0.4437797784335562,-0.2087662391408142,-0.4720852672558264,0.0645537196596518,-0.6537835017874173,-0.6850459619661544,-0.03602155344984944,0.7898007530309115,1.323536930147322
0.06997848704182111,-0.1985780591948104,-0.03538525625166028,1.3752593508094553,0.22056147189465902,1.401153156512663,0.8303219371186668,1.4497718412980432,1.2838801414146965,-0.9721822279634242,-0.5664763453941885
-0.9683828384748883,-0.005199400935278622,-0.9338532050518316,1.2826864267214526,0.09069020830394313,0.4132318336213069,0.5984304622895912,0.6578233013774624,0.02997353129337933,-0.26738903556568966,-0.40212736491231843
-0.39151543541004996,1.445140536011208,-0.4437797784335562,1.2518287853587848,0.437013577879186,-0.6909155272572675,0.8535110846015743,1.6563671125816912,0.7559194634688782,0.5255033058817618,-1.0595232868397997
2.608195060527109,0.47824724471355023,0.37300926593023565,-0.8670625882110562,0.6967561050606181,0.9071924950669848,4.7956661566958605,0.6922558465913974,-0.6299773161388937,1.846990541627513,-0.8951743063579298
-1.0837563190878554,2.1219658399195684,-2.322394580470278,-0.6819167400350507,0.35043273548537524,0.0645537196596518,0.20421495508016257,0.3479303944520094,1.547860480387606,0.08500756063317735,-1.1416977770807362
-0.04539499357114716,-0.005199400935278622,0.4546881703666149,-0.9287778709363915,-0.4287948460589213,-1.155819679206141,-0.5146486168899719,-0.6850459619661544,0.491939124495969,2.023188839726947,0.9126644789426457
0.18535196765478837,0.6716259029730814,-0.7704953961790733,-0.8259190663941661,-0.25563316127129976,-0.8071415652444859,0.15783666011434747,-0.5128832358964796,1.0198998024417874,-0.9721822279634242,0.33744304725609936
0.3007254482677556,-0.5853353757138736,-0.11706416068803956,2.2598450698725925,0.437013577879186,0.8200229665765711,0.48248472487505334,2.069557655148949,1.151889971928242,-0.9721822279634242,-0.8129998161169948
1.6852072156233688,-0.39195671745434213,-0.5254586828699355,-0.7847755445772759,-0.6885373732403534,-0.7490285462508767,0.5752413148066836,-0.8227761428219325,-1.3559232483143926,1.6707922435280802,1.077013459424517
-0.04539499357114716,-0.1985780591948104,-0.11706416068803956,0.22324073993653196,-0.21234274007439433,0.18077975764687015,-0.4450811744412492,0.03803748752655645,0.3599489550095144,0.2612058587326111,0.17309406677422937
0.41609892888072386,-1.1654713504924683,-0.6071375873063147,0.24381250084497694,0.35043273548537524,0.3551188146276977,2.0129684587469527,0.9677162083029154,1.2178850566714678,0.5255033058817618,-0.40212736491231843
1.2237132931714978,-0.9720926922329369,0.2096514570574771,-0.0030486300563636226,0.5235944202729967,-0.22601137530839407,-0.12043310968054331,0.41679548487987933,0.3599489550095144,0.2612058587326111,0.2552685570151644
-1.5452502415397265,-0.39195671745434213,-0.11706416068803956,0.5729606753800979,0.6101752626668073,-0.9233676032317042,-0.8161075341677703,0.07247003274049142,0.491939124495969,-1.588876271311442,-0.15560389418951204
0.3007254482677556,0.47824724471355023,2.496660781276095,1.4986899162601255,0.437013577879186,-1.3301587361869684,-0.7465400917190476,1.174311479586525,-0.9599527398550317,-0.8840830789137074,-1.1416977770807362
0.9929663319455622,-0.005199400935278622,0.1279725526210978,1.930696895337472,0.437013577879186,-0.22601137530839407,-0.4682703219241568,2.069557655148949,0.491939124495969,0.08500756063317735,-0.8129998161169948
0.7622193707196266,-0.1985780591948104,1.5165139280395445,1.4986899162601255,0.04739978710703774,1.6917182514807088,0.9694568220161122,1.5186369317259132,-0.6299773161388937,-0.26738903556568966,-1.3060467575626062
-0.39151543541004996,-1.358850008752,-0.11706416068803956,-0.6613449791266055,-0.3855044248620159,-0.9814806222253134,-1.1175664514455685,-0.47845069068254453,1.3498752261579225,2.1993871378263807,0.7483154984607757
1.5698337350103995,-0.6820247048436395,-0.11706416068803956,0.9741100130947767,0.30714231428846983,1.0524750425510079,0.181025807597255,1.174311479586525,-0.16801172293630404,-0.0911907374662564,-0.31995287467138345
0.41609892888072386,-0.7787140339734051,-0.19874306512441883,0.8403935671898838,0.35043273548537524,0.8200229665765711,0.6448087572554063,1.1054463891586552,1.3498752261579225,-0.6197856317645573,-0.5664763453941885
0.41609892888072386,-1.6005733315764146,-0.2804219695607981,0.1820972181196418,0.437013577879186,-0.5165764702764399,-0.7465400917190476,0.5545256657356192,1.6138555651308317,-0.7959839298639905,-0.8129998161169948
-0.5068889160230172,0.09148992819448672,-1.0972110139245899,1.9924121780628072,-0.25563316127129976,-0.8652545842380951,0.11145836514853233,0.8299860274471372,-0.6299773161388937,0.43740415683204487,0.008745086292357939
-0.04539499357114716,-0.39195671745434213,0.04629364818471899,-0.16762271732392425,-0.3422140036651105,-0.22601137530839407,-0.885674976616493,-0.5817483263243495,0.29395387026628855,-0.26738903556568966,0.9948389691835822
0.18535196765478837,-0.39195671745434213,0.04629364818471899,-0.5996296964012704,-0.4720852672558264,0.0645537196596518,-0.8161075341677703,-1.1326690497473473,-0.10201663819307528,-0.5316864827148403,1.323536930147322
0.18535196765478837,-0.5853353757138736,-0.03538525625166028,-0.7847755445772759,0.2638518930915644,-1.155819679206141,-1.419025368723367,-0.2718554193988965,0.02997353129337933,-0.7078847808142741,0.008745086292357939
0.7622193707196266,-0.9720926922329369,0.4546881703666149,-0.8259190663941661,0.35043273548537524,-0.6909155272572675,-1.0711881564797534,0.1069025779544264,0.491939124495969,-0.35548818461540654,-0.23777838443044702
3.415809424817884,6.279606992499498,0.94476159698489,0.5523889144716528,0.2638518930915644,-0.05167231832756655,1.1549700018793727,1.931827474293171,-0.4979871466524391,0.8778999020806283,-0.31995287467138345
1.1083398125585295,0.09148992819448672,-0.03538525625166028,0.5832465558343205,-0.4720852672558264,-0.10978533732117574,1.0158351169819273,0.8299860274471372,-0.5639822313956678,-0.26738903556568966,0.09091957653329293
1.2237132931714978,-0.005199400935278622,-0.11706416068803956,-0.47619913095060007,-0.3422140036651105,-1.504497793167796,-1.419025368723367,-0.6161808715382845,-0.9599527398550317,-1.588876271311442,0.9126644789426457
1.9159541768493034,-0.2952673883245763,-0.5254586828699355,-0.24990976095770437,-0.645246952043448,-0.22601137530839407,-1.0479990089968458,-0.5473157811104145,-1.223933078827941,-1.4126779732120083,1.159187949665452
0.6468458901066594,-0.9720926922329369,-0.5254586828699355,-0.9493496318448365,0.09069020830394313,-0.5165764702764399,-0.7465400917190476,0.07247003274049142,2.1418162430766503,1.4945939454286465,0.008745086292357939
-0.6222623966359855,-0.39195671745434213,0.2913303614938564,-0.8464908273026112,-0.645246952043448,-1.6788368501486235,-1.7668625809669805,-1.4081294114588652,0.6899243787256494,-1.3245788241622913,1.323536930147322
-0.9683828384748883,0.47824724471355023,0.37300926593023565,0.7786782844645485,-0.25563316127129976,-0.34223741329561247,-0.3059462895438038,0.5545256657356192,1.811840819360515,-0.0911907374662564,0.33744304725609936
-0.04539499357114716,0.8650045612326133,-0.4437797784335562,-0.3939120873168198,-0.6885373732403534,-0.34223741329561247,-1.3494579262746442,-1.3048317758170602,0.22795878552305976,-0.26738903556568966,1.4878859106291935
3.531182905430851,2.0252765107898028,-0.8521743006154523,-0.7230602618519408,1.7790166349832517,-0.9233676032317042,-0.5146486168899719,0.3479303944520094,-2.807815112665393,-0.44358733366512343,-0.9773487965988648
1.800580696236336,-0.5853353757138736,-0.4437797784335562,2.650708527133049,-0.775118215634164,1.168701080538226,-0.16681140464635844,1.4497718412980432,-1.553908502544076,-1.2364796751125748,0.8304899887017108
0.18535196765478837,0.6716259029730814,-0.19874306512441883,-0.8464908273026112,0.9997890534389559,-1.155819679206141,0.5752413148066836,0.2102002135962313,-0.10201663819307528,-0.1792898865159733,-0.9773487965988648
0.6468458901066594,-0.875403363103171,-0.2804219695607981,1.4164028726263456,0.30714231428846983,0.7909664570797665,2.1289141961614906,1.6563671125816912,-0.3659969771659845,-0.003091588416539527,-1.2238722673216713
0.06997848704182111,0.3815579155837844,-1.6689633449792445,0.3878148272040924,-0.16905231887748895,-1.3882717551805777,-0.4682703219241568,0.7611209370192673,0.22795878552305976,-1.0602813770131412,-1.1416977770807362
0.8775928513325939,0.3815579155837844,2.0065873546578192,2.228987428509925,0.17727105069775392,0.47134485261491604,0.5984304622895912,2.103990200362884,-0.30000189242275865,0.43740415683204487,-1.1416977770807362
0.6468458901066594,-0.875403363103171,-0.2804219695607981,1.4164028726263456,0.30714231428846983,0.7909664570797665,1.7346986889520617,1.6563671125816912,-0.3659969771659845,-0.003091588416539527,-1.2238722673216713
-0.9683828384748883,0.5749365738433161,-0.7704953961790733,-0.10590743459858892,0.6101752626668073,-0.6909155272572675,-0.2595679945779887,0.45122803009381435,0.3599489550095144,-0.44358733366512343,-1.3060467575626062
0.9929663319455622,-0.39195671745434213,-0.19874306512441883,-0.9493496318448365,0.04739978710703774,-0.10978533732117574,-0.72335094423614,-0.2718554193988965,0.16196370077983394,0.5255033058817618,0.17309406677422937
1.339086773784465,0.7683152321028474,0.7814037881121315,0.8609653280983287,0.30714231428846983,-0.34223741329561247,0.20421495508016257,1.5186369317259132,1.3498752261579225,-0.26738903556568966,-0.8951743063579298
0.6468458901066594,0.09148992819448672,-0.688816491742694,-0.43505560913371,-0.08247147648367845,-0.28412439430200326,-0.5378377643728794,-0.6161808715382845,-0.5639822313956678,-0.7959839298639905,0.33744304725609936
-0.2761419547970827,0.3815579155837844,-0.5254586828699355,1.0255394153658894,-0.21234274007439433,0.12266673865326098,0.20421495508016257,0.8644185726610721,0.29395387026628855,-0.1792898865159733,-0.4843018551532534
-0.6222623966359855,0.1881792573242526,-0.7704953961790733,0.14095369630275165,-0.25563316127129976,0.18077975764687015,0.08826921766562476,0.41679548487987933,0.16196370077983394,-0.1792898865159733,-0.8951743063579298
-0.5068889160230172,0.47824724471355023,-0.7704953961790733,0.7992500453729937,-0.21234274007439433,-0.34223741329561247,-0.6537835017874173,0.6233907561635273,0.6239292939824236,-0.1792898865159733,-0.40212736491231843
0.7622193707196266,-0.9720926922329369,-0.19874306512441883,1.1901135026334495,0.22056147189465902,-0.6328025082636584,-1.0016207140310307,1.1054463891586552,-0.03602155344984944,-0.44358733366512343,-0.8951743063579298
-0.39151543541004996,1.058383219492145,3.885202156694542,-0.9699213927532815,7.406771390580949,-1.21393269819975,-1.465403663689182,-0.06526014811524845,-0.7619674856253483,0.349305007782328,-0.8951743063579298
-0.04539499357114716,-0.2952673883245763,-1.2605688227973484,-0.9287778709363915,0.437013577879186,-1.2720457171933592,-0.004487372266005494,-0.09969269332918343,-0.5639822313956678,-0.6197856317645573,-0.8951743063579298
-0.5068889160230172,-0.9720926922329369,-0.11706416068803956,0.7581065235561034,0.2638518930915644,-0.6328025082636584,-1.094377303962661,0.8644185726610721,1.0198998024417874,-0.003091588416539527,-0.9773487965988648
0.3007254482677556,-0.9720926922329369,-0.11706416068803956,1.292972307175675,0.09069020830394313,0.0645537196596518,-0.28275714206089625,1.0021487535168503,-1.8178888415169852,0.43740415683204487,-0.9773487965988648
0.8775928513325939,-0.1018887300650445,0.6997248836757523,-0.6819167400350507,-0.08247147648367845,-0.34223741329561247,-0.6305943543045097,-0.8916412332498024,0.7559194634688782,0.17310670968289424,1.7344093813519985
2.723568541140076,-0.48864604658410776,0.1279725526210978,0.984395893548999,-0.3855044248620159,-0.05167231832756655,0.181025807597255,1.484204386511978,-0.6959724008821225,-1.500777122261725,-0.7308253258760599
1.2237132931714978,-0.005199400935278622,0.618045979239373,-0.2087662391408142,0.5235944202729967,-0.22601137530839407,0.36653898746051555,0.9677162083029154,0.491939124495969,0.17310670968289424,-0.7308253258760599
0.18535196765478837,-0.5853353757138736,-0.6071375873063147,-0.9904931536617264,-0.3855044248620159,-0.8652545842380951,-1.5349711061379048,-1.2359666853891904,-0.6299773161388937,-0.9721822279634242,0.9126644789426457
0.5314724094936911,-0.9720926922329369,-0.3621008739971774,-1.0110649145701716,-0.4287948460589213,-0.5165764702764399,-0.8392966816506778,-1.3048317758170602,-0.6959724008821225,-1.0602813770131412,0.9126644789426457
0.3007254482677556,-0.1985780591948104,-1.1788899183609691,0.4701018708378725,0.22056147189465902,1.0524750425510079,1.1549700018793727,0.7611209370192673,-0.2340068076795299,0.2612058587326111,-0.7308253258760599
-0.2761419547970827,-0.2952673883245763,0.6997248836757523,1.1078264589996696,0.13398062950084852,2.447187498397628,2.1752924911273057,0.9677162083029154,0.29395387026628855,0.2612058587326111,-0.8951743063579298
-0.5068889160230172,-0.39195671745434213,-0.8521743006154523,0.2849560226618671,0.9997890534389559,-0.22601137530839407,0.45929557739214577,0.8299860274471372,0.3599489550095144,0.349305007782328,-1.2238722673216713
-0.9683828384748883,-0.005199400935278622,-0.5254586828699355,-0.7436320227603859,0.22056147189465902,-0.6909155272572675,0.22740410256307014,0.07247003274049142,0.22795878552305976,1.5826930944783633,-0.23777838443044702
1.1083398125585295,-0.39195671745434213,0.37300926593023565,-0.7847755445772759,0.5235944202729967,-1.21393269819975,0.6911870522212215,0.07247003274049142,0.09596861603660517,0.5255033058817618,-0.5664763453941885
0.8775928513325939,-0.1018887300650445,-0.03538525625166028,-0.805347305485721,0.5668848414699019,-0.9233676032317042,0.8767002320844819,0.2102002135962313,0.16196370077983394,0.6136024549314787,-0.5664763453941885
0.9929663319455622,1.058383219492145,0.04629364818471899,0.8403935671898838,0.437013577879186,0.0064407006660426236,0.9462676745332046,1.243176570014395,0.4259440397527402,0.9659990511303452,-0.31995287467138345
2.377448099301174,-0.39195671745434213,-0.03538525625166028,2.0232698194254746,-0.4720852672558264,-1.0977066602125318,-0.12043310968054331,0.7611209370192673,-1.2899281635711668,-1.0602813770131412,1.2413624399063872
-0.2761419547970827,-0.48864604658410776,-0.7704953961790733,-0.4144838482252649,-0.039181055286773056,0.0645537196596518,0.01870177521690207,-0.5473157811104145,-0.30000189242275865,1.3183956473292127,0.5839665179789058
0.3007254482677556,-0.1985780591948104,-0.2804219695607981,-0.805347305485721,-0.645246952043448,-1.2720457171933592,-0.21318969961217357,-0.7194785071800893,-0.03602155344984944,-0.003091588416539527,0.6661410082198408
0.18535196765478837,0.3815579155837844,0.1279725526210978,-0.9082061100279463,-0.2989235824682051,-0.6328025082636584,-0.28275714206089625,-0.6850459619661544,-0.16801172293630404,1.3183956473292127,1.323536930147322
0.6468458901066594,-0.39195671745434213,-0.6071375873063147,-0.8876343491195011,0.5235944202729967,1.0524750425510079,0.29697154501179285,-0.06526014811524845,-0.10201663819307528,0.08500756063317735,-0.5664763453941885
0.06997848704182111,-0.6820247048436395,-0.03538525625166028,-0.9287778709363915,0.437013577879186,0.0064407006660426236,-0.02767651974891306,0.003604942312621482,2.867762175252149,2.551783734025248,-0.23777838443044702
0.6468458901066594,-1.0687820213627024,-0.3621008739971774,-0.9287778709363915,0.04739978710703774,-0.6909155272572675,-0.7001617967532324,0.03803748752655645,2.1418162430766503,1.4064947963789296,-0.15560389418951204
1.9159541768493034,-0.005199400935278622,0.04629364818471899,1.6221204817107961,-0.21234274007439433,-0.16789835631478492,0.552052167323776,1.484204386511978,-0.43199206190921324,-0.7959839298639905,-0.5664763453941885
1.1083398125585295,0.1881792573242526,0.2913303614938564,-0.9493496318448365,0.22056147189465902,-1.0977066602125318,-0.9552424190652156,0.1069025779544264,0.8219145482121041,1.142197349229779,-0.4843018551532534
1.4544602543974323,-0.2952673883245763,0.37300926593023565,-0.43505560913371,0.22056147189465902,-0.9814806222253134,-0.190000552129266,-0.34072050982676644,0.09596861603660517,-0.9721822279634242,0.7483154984607757
0.9929663319455622,-0.005199400935278622,-0.3621008739971774,0.20266897902808698,-0.21234274007439433,-0.34223741329561247,0.5984304622895912,0.4856605753077493,1.6138555651308317,0.9659990511303452,-0.07342940394857704
-0.39151543541004996,-0.39195671745434213,0.2096514570574771,-0.7642037836688309,-0.8184086368310695,0.0645537196596518,-0.07405481471472819,-1.3736968662449303,0.5579342092391948,-1.1483805260628581,1.5700604008701284
0.18535196765478837,-0.5853353757138736,-0.11706416068803956,-0.8876343491195011,-0.039181055286773056,0.2970057956340885,-0.3987028794754341,-0.8227761428219325,-1.4219183330576213,-0.44358733366512343,-0.07342940394857704
1.339086773784465,1.6385191942707398,-0.4437797784335562,1.0049676544574444,0.22056147189465902,-0.5746894892700491,0.45929557739214577,0.6578233013774624,-0.8939576551118029,-0.1792898865159733,0.6661410082198408
0.06997848704182111,-0.48864604658410776,-0.03538525625166028,1.4164028726263456,0.437013577879186,0.5294578716085252,0.7375653471870366,1.4497718412980432,1.481865395644377,-0.6197856317645573,-0.6486508356351234
0.8775928513325939,-0.48864604658410776,-0.6071375873063147,1.930696895337472,0.913208211045145,-0.16789835631478492,0.6679979047383139,1.6563671125816912,-1.0919429093414863,-0.44358733366512343,-1.1416977770807362
0.9929663319455622,-0.005199400935278622,2.0065873546578192,1.2724005462672299,0.004109365910132342,1.4592661755062721,0.923078527050297,1.553069476939848,-0.7619674856253483,-0.26738903556568966,-1.3882212478035412
0.9929663319455622,-0.1018887300650445,2.251624067966957,1.2518287853587848,0.004109365910132342,1.6917182514807088,0.9694568220161122,1.5186369317259132,-0.8279625703685771,-0.26738903556568966,-1.3882212478035412
0.3007254482677556,-0.7787140339734051,0.2096514570574771,1.1695417417250047,-0.16905231887748895,0.5875708906021344,-0.3059462895438038,1.1054463891586552,-1.8178888415169852,0.8778999020806283,-0.8951743063579298
0.06997848704182111,-0.2952673883245763,0.1279725526210978,0.6758194799223232,-0.5153756884527319,0.4132318336213069,0.29697154501179285,0.31349784923807444,0.09596861603660517,-1.1483805260628581,0.7483154984607757
1.800580696236336,-0.7787140339734051,-0.19874306512441883,-0.6407732182181606,0.35043273548537524,-1.0977066602125318,-1.1175664514455685,0.12756210508281032,-1.553908502544076,-0.35548818461540654,-0.8951743063579298
-0.39151543541004996,1.058383219492145,0.1279725526210978,-0.8876343491195011,0.13398062950084852,-1.4463847741741869,0.6216196097724987,0.4718875572221982,1.0198998024417874,0.17310670968289424,-0.7308253258760599
0.41609892888072386,-0.48864604658410776,0.37300926593023565,0.03809489176052635,0.913208211045145,-0.8652545842380951,-1.094377303962661,0.40302246679429005,-0.16801172293630404,2.6398828830749648,-0.7308253258760599
0.06997848704182111,1.5418298651409739,0.6997248836757523,0.5318171535632078,0.09069020830394313,-1.4463847741741869,0.22740410256307014,1.243176570014395,0.8219145482121041,-0.26738903556568966,-0.8951743063579298
0.3007254482677556,-0.005199400935278622,-1.1788899183609691,0.3878148272040924,-0.25563316127129976,0.7619099475829619,1.08540255943065,0.6888125920699809,-0.2340068076795299,0.08500756063317735,-0.9773487965988648
-0.5068889160230172,0.5749365738433161,-1.0972110139245899,1.848409851703692,0.6101752626668073,0.12266673865326098,0.5752413148066836,1.553069476939848,-0.43199206190921324,-0.35548818461540654,-1.3060467575626062
-0.853009357861921,-1.2621606796222342,-0.3621008739971774,0.05866665266897152,0.004109365910132342,0.23889277664047934,0.3201606924947004,0.31694110375945267,2.6697769210224687,-0.44358733366512343,0.008745086292357939
0.41609892888072386,0.09148992819448672,-1.2605688227973484,0.4701018708378725,-0.16905231887748895,0.3551188146276977,0.9926459694990197,0.9126241359605964,-0.2340068076795299,-0.003091588416539527,-1.2238722673216713
-0.853009357861921,-0.48864604658410776,0.94476159698489,0.963824132640554,2.0820495833615897,0.8200229665765711,0.7375653471870366,1.102003134637277,-0.9599527398550317,0.43740415683204487,-1.470395738044476
-0.1607684741841144,-0.48864604658410776,0.6997248836757523,1.0872546980912243,0.04739978710703774,0.9943620235573987,0.7839436421528517,1.3051551513995086,2.2738064125631046,2.1993871378263807,-0.15560389418951204
0.18535196765478837,0.7683152321028474,-1.5872844405428652,1.1695417417250047,-0.12576189768058385,0.0064407006660426236,2.105725048678583,1.3464742056562382,-0.43199206190921324,0.17310670968289424,-1.3882212478035412
0.7622193707196266,0.28486858645401847,-0.7704953961790733,0.24381250084497694,-0.645246952043448,-0.4003504322892216,0.08826921766562476,0.062140269176318576,-0.2340068076795299,-0.9721822279634242,0.008745086292357939
0.6468458901066594,-0.7787140339734051,-0.3621008739971774,-0.8670625882110562,0.04739978710703774,-1.0977066602125318,-0.8624858291335854,-0.4681209271183335,0.5579342092391948,-0.35548818461540654,0.008745086292357939
-0.6222623966359855,-0.1018887300650445,-1.2605688227973484,0.3672430662956474,0.09069020830394313,0.5875708906021344,1.1317808543964651,0.8299860274471372,0.22795878552305976,-0.1792898865159733,-1.3060467575626062
2.723568541140076,0.5749365738433161,1.679871736912303,2.342132113506373,0.6101752626668073,0.6456839095957436,2.268049081058936,2.7650950684704814,-0.7619674856253483,1.054098200180062,-1.470395738044476
0.6468458901066594,-0.9720926922329369,-0.3621008739971774,-0.9287778709363915,-0.16905231887748895,-0.05167231832756655,-0.8392966816506778,0.017377960398172534,2.2738064125631046,0.9659990511303452,-0.07342940394857704
0.41609892888072386,0.09148992819448672,-1.0972110139245899,0.3672430662956474,0.004109365910132342,0.9362490045637895,0.8535110846015743,0.699142355634192,-0.2340068076795299,0.2612058587326111,-0.8951743063579298
-0.7376358772489527,-0.1985780591948104,-1.1788899183609691,-0.5173426527674903,0.13398062950084852,0.7037969285893527,0.8071327896357593,-0.47845069068254453,-0.3659969771659845,-0.5316864827148403,-0.15560389418951204
0.5314724094936911,-0.6820247048436395,-1.0155321094882108,-0.8876343491195011,0.004109365910132342,0.0064407006660426236,-0.09724396219763574,0.29972483115248516,1.2178850566714678,-0.26738903556568966,-0.4843018551532534
0.3007254482677556,-1.358850008752,0.1279725526210978,-0.9287778709363915,-0.2989235824682051,-0.6328025082636584,-0.21318969961217357,-0.5748618172815548,-1.4879134178008473,1.6707922435280802,-0.15560389418951204
0.41609892888072386,1.058383219492145,1.679871736912303,-0.9287778709363915,4.809346118766627,-0.05167231832756655,-0.12043310968054331,0.24118950428878808,-0.5639822313956678,0.349305007782328,-1.3060467575626062
0.8775928513325939,1.9285871816600368,-0.4437797784335562,0.922680610823664,0.13398062950084852,1.2849271185254445,1.572374656571709,1.2707226061855736,0.29395387026628855,-0.35548818461540654,-1.0595232868397997
-0.39151543541004996,0.7683152321028474,-0.19874306512441883,-0.37334032640837483,0.6534656838637127,-0.8652545842380951,-0.07405481471472819,0.33071412184504195,-0.10201663819307528,-0.35548818461540654,-1.3060467575626062
1.9159541768493034,-0.2952673883245763,-0.19874306512441883,-0.6407732182181606,-0.6019565308465427,-1.3882717551805777,-1.7668625809669805,-0.6540566712735976,-0.8939576551118029,-0.44358733366512343,0.7483154984607757
0.06997848704182111,0.1881792573242526,-1.0155321094882108,2.0129839389712516,0.437013577879186,0.8200229665765711,0.5056738723579609,1.5427397133756753,-0.5639822313956678,-0.0911907374662564,-1.3060467575626062
-0.2761419547970827,-0.875403363103171,0.7814037881121315,1.0255394153658894,-0.039181055286773056,1.0524750425510079,0.38972813494342307,1.2844956242711247,2.1418162430766503,2.4636845849755313,-0.15560389418951204
2.9543155023660126,1.348451206881442,-0.11706416068803956,0.12038193539430667,-0.8184086368310695,-0.8652545842380951,0.6911870522212215,0.344487139930593,-0.7619674856253483,-0.5316864827148403,0.008745086292357939
-0.6222623966359855,-0.7787140339734051,-0.2804219695607981,-0.0030486300563636226,-0.5153756884527319,0.0064407006660426236,0.343349839977608,0.9057376269178018,1.811840819360515,-0.7959839298639905,-1.7169192087672827
1.9159541768493034,-0.875403363103171,1.8432295457850616,2.342132113506373,0.3937231566822806,0.7037969285893527,0.7375653471870366,2.300255708082321,-0.8279625703685771,1.5826930944783633,-1.0595232868397997
0.5314724094936911,-0.875403363103171,-0.688816491742694,-0.9287778709363915,0.22056147189465902,0.3551188146276977,-0.7001617967532324,0.01049145135541612,2.207811327819876,1.4945939454286465,-0.07342940394857704
-0.1607684741841144,-0.2952673883245763,-0.6071375873063147,1.5604051989854608,0.6101752626668073,0.8781359855701802,0.4361064299092382,1.3946797689557242,1.2838801414146965,-0.26738903556568966,-0.5664763453941885
-0.7376358772489527,-0.2952673883245763,-0.4437797784335562,0.5318171535632078,-0.4720852672558264,-0.4003504322892216,-0.6769726492703249,0.3685899215803551,1.3498752261579225,-0.6197856317645573,-0.15560389418951204
-0.853009357861921,1.7352085234005057,-0.11706416068803956,0.05866665266897152,0.30714231428846983,-1.4463847741741869,-1.0016207140310307,0.5441959021714464,1.0198998024417874,-0.1792898865159733,-0.40212736491231843
0.7622193707196266,0.09148992819448672,-0.6071375873063147,1.8586957321579138,0.913208211045145,0.7037969285893527,0.9462676745332046,1.5806155131110267,-1.0259478245982576,-0.003091588416539527,-1.1416977770807362
-0.1607684741841144,0.28486858645401847,-1.2605688227973484,0.3672430662956474,-0.12576189768058385,1.2849271185254445,1.456428919157171,0.6440502832918731,-0.16801172293630404,-0.44358733366512343,-0.9773487965988648
0.6468458901066594,-1.358850008752,-0.2804219695607981,-0.9493496318448365,-0.5586661096496373,-0.5746894892700491,-1.0711881564797534,-0.38203956408349604,2.207811327819876,-0.8840830789137074,0.008745086292357939
0.3007254482677556,1.1550725486219109,1.5165139280395445,-0.9493496318448365,4.4197323279944785,0.5875708906021344,0.2737823975288853,0.3066113401952798,-0.7619674856253483,0.6136024549314787,-1.5525702282854126
-0.5068889160230172,-1.1654713504924683,-0.688816491742694,-0.9493496318448365,0.04739978710703774,-0.8652545842380951,-1.3958362212404594,-0.1685577837570916,2.7357720057656945,0.43740415683204487,-0.31995287467138345
-0.6222623966359855,-1.1654713504924683,-0.9338532050518316,-0.9493496318448365,0.004109365910132342,-0.9814806222253134,-1.6509168435524426,-0.2477526377491344,2.7357720057656945,0.5255033058817618,-0.23777838443044702
0.6468458901066594,0.47824724471355023,-0.6071375873063147,1.9924121780628072,0.13398062950084852,1.8660573084615364,1.6883203939862468,1.8182000750871932,-0.8939576551118029,1.6707922435280802,-0.8951743063579298
-0.2761419547970827,1.2517618777516761,-0.7704953961790733,-0.2087662391408142,4.852636539963533,0.7037969285893527,0.15783666011434747,0.31694110375945267,-0.16801172293630404,-0.003091588416539527,-0.9773487965988648
-0.1607684741841144,1.445140536011208,-0.8521743006154523,-0.18819447823236923,4.809346118766627,0.8200229665765711,0.181025807597255,0.31694110375945267,-0.16801172293630404,-0.003091588416539527,-0.9773487965988648
0.5314724094936911,1.1550725486219109,-0.4437797784335562,0.12038193539430667,-0.3855044248620159,-0.5165764702764399,-0.9320532715823081,-0.7952301066507539,-0.2340068076795299,0.7898007530309115,1.6522348911110634
0.6468458901066594,-0.9720926922329369,-0.7704953961790733,-0.9287778709363915,0.04739978710703774,-0.8071415652444859,-0.72335094423614,0.013934705876794327,2.1418162430766503,1.3183956473292127,-0.07342940394857704
2.0313276574622705,-1.0687820213627024,-0.4437797784335562,-0.6613449791266055,0.04739978710703774,0.18077975764687015,0.29697154501179285,-0.04804387550828097,-0.6299773161388937,0.6136024549314787,0.17309406677422937
-0.39151543541004996,0.3815579155837844,-0.8521743006154523,-0.9699213927532815,0.35043273548537524,0.23889277664047934,1.6419420990204316,-0.36826654599790676,-0.10201663819307528,-0.26738903556568966,-0.5664763453941885
0.18535196765478837,0.3815579155837844,-0.19874306512441883,0.09981017448586167,-0.645246952043448,0.18077975764687015,-0.5146486168899719,-0.49566696328951204,1.2178850566714678,0.7898007530309115,1.323536930147322
0.7622193707196266,1.348451206881442,-1.1788899183609691,0.20266897902808698,-0.21234274007439433,1.5754922134934903,0.29697154501179285,0.4443415210510197,0.22795878552305976,-1.0602813770131412,-0.4843018551532534
0.06997848704182111,-0.005199400935278622,-0.19874306512441883,0.2643842617534221,-0.25563316127129976,0.7037969285893527,0.714376199704129,0.2790653040241395,0.6239292939824236,0.7017016039811945,0.008745086292357939
-0.39151543541004996,0.09148992819448672,0.6997248836757523,0.963824132640554,-0.16905231887748895,1.8079442894679272,1.5028072141229862,1.0159217716024014,0.29395387026628855,0.349305007782328,-0.8951743063579298
-0.6222623966359855,1.2517618777516761,-1.2605688227973484,-0.4967708918590451,-0.8184086368310695,-0.6909155272572675,-0.6537835017874173,-1.242853194431985,0.9539047176985587,0.43740415683204487,1.816583871592935
0.5314724094936911,0.1881792573242526,-0.03538525625166028,-0.7436320227603859,-0.12576189768058385,-0.4003504322892216,-0.28275714206089625,-1.015598396019953,0.9539047176985587,-0.44358733366512343,1.6522348911110634
-0.2761419547970827,-0.5853353757138736,-0.4437797784335562,1.2621146658130076,0.5235944202729967,-0.5746894892700491,-0.28275714206089625,1.642594094496102,1.6798506498740604,-0.35548818461540654,-0.9773487965988648
-0.9683828384748883,-0.1985780591948104,-1.2605688227973484,0.22324073993653196,0.3937231566822806,0.8781359855701802,1.3172940342597257,0.7301316463267106,0.09596861603660517,-0.5316864827148403,-1.3060467575626062
0.06997848704182111,1.5418298651409739,-1.2605688227973484,1.210685263541895,0.22056147189465902,-0.5165764702764399,-0.2595679945779887,1.2776091152283684,0.22795878552305976,-0.0911907374662564,-1.2238722673216713
0.7622193707196266,1.348451206881442,-1.0972110139245899,-0.9287778709363915,0.6101752626668073,-1.155819679206141,0.714376199704129,0.2102002135962313,-0.8939576551118029,-0.7959839298639905,-0.9773487965988648
0.18535196765478837,0.7683152321028474,-0.2804219695607981,-0.18819447823236923,-0.25563316127129976,0.2970057956340885,0.1346475126314399,-0.7091487436159165,0.8879096329553328,-0.6197856317645573,1.323536930147322
-1.4298767609267593,0.13983459275936966,-1.0972110139245899,-0.7642037836688309,0.13398062950084852,-0.9814806222253134,-0.07405481471472819,-0.0032815667301731577,0.09596861603660517,1.6707922435280802,-0.4843018551532534
-0.04539499357114716,-0.6820247048436395,1.7615506413486823,1.7866945689783567,0.30714231428846983,-0.05167231832756655,0.5056738723579609,1.4669881139050107,-1.7518937567737565,-0.44358733366512343,-1.1416977770807362
2.9543155023660126,-0.005199400935278622,-0.2804219695607981,-0.8876343491195011,-0.039181055286773056,0.0645537196596518,0.04189092269980963,0.5338661386072735,-0.5639822313956678,-0.003091588416539527,-1.0595232868397997
1.4544602543974323,-0.005199400935278622,0.04629364818471899,-0.9493496318448365,-0.4720852672558264,-1.3882717551805777,-0.2595679945779887,-0.5059967268536849,-0.3659969771659845,0.08500756063317735,-0.6486508356351234
0.18535196765478837,-0.5853353757138736,-0.6071375873063147,-0.6407732182181606,-0.4287948460589213,0.5294578716085252,-0.12043310968054331,-1.0362579231483369,0.9539047176985587,-0.7078847808142741,1.159187949665452
-0.04539499357114716,0.3815579155837844,-0.2804219695607981,-0.5379144136759353,-0.7318277944372586,-1.155819679206141,-1.3262687787917367,-1.094793250012034,0.8879096329553328,1.230296498279496,1.6522348911110634
0.18535196765478837,-0.875403363103171,-0.03538525625166028,0.07923841357741651,-0.6019565308465427,0.4132318336213069,-0.23637884709508114,-0.6781594529233598,0.7559194634688782,-0.9721822279634242,1.323536930147322
0.9929663319455622,1.348451206881442,0.37300926593023565,0.44953010992942755,0.6534656838637127,0.8200229665765711,0.15783666011434747,0.9677162083029154,1.3498752261579225,0.7898007530309115,0.33744304725609936
0.6468458901066594,-0.7787140339734051,-0.19874306512441883,-0.8876343491195011,-0.3422140036651105,-0.05167231832756655,-0.49145946940706436,-0.8916412332498024,0.3599489550095144,-0.8840830789137074,1.159187949665452
0.7622193707196266,-0.39195671745434213,2.3333029724033363,0.963824132640554,-0.039181055286773056,0.9362490045637895,0.36653898746051555,1.3774634963487569,-0.2340068076795299,-0.44358733366512343,-1.470395738044476
0.7622193707196266,-0.1985780591948104,2.0882662590941985,1.210685263541895,0.004109365910132342,1.3430401375190537,0.6216196097724987,1.4979774045975673,-0.16801172293630404,-0.26738903556568966,-1.3882212478035412
-0.2761419547970827,1.1550725486219109,-0.11706416068803956,-0.8670625882110562,-0.4720852672558264,0.23889277664047934,-1.2335121888601064,-0.9742793417632617,2.6037818362792398,-0.0911907374662564,1.7344093813519985
1.339086773784465,-0.7787140339734051,-0.2804219695607981,0.44953010992942755,-0.3855044248620159,0.4132318336213069,-0.16681140464635844,0.00016168779120504821,-0.6299773161388937,1.5826930944783633,0.9948389691835822
-2.583611567056436,1.5901745297058567,-2.730789102652174,-0.9287778709363915,0.30714231428846983,-1.3882717551805777,0.9462676745332046,0.16199465029674529,3.923683531143786,0.5255033058817618,-0.31995287467138345
-0.853009357861921,1.2517618777516761,-2.4040734849066574,-0.9493496318448365,-0.4287948460589213,-0.6909155272572675,-0.3755137319925265,-0.5197697449392359,0.29395387026628855,1.054098200180062,-0.5664763453941885
0.8775928513325939,-0.7787140339734051,0.04629364818471899,-0.8464908273026112,-0.21234274007439433,0.4132318336213069,0.2505932500459777,-0.15134151115012412,1.0198998024417874,1.4945939454286465,0.41961753749703434
0.06997848704182111,0.1881792573242526,-1.0155321094882108,0.2643842617534221,-0.039181055286773056,1.110588061544617,1.2245374443280954,0.7439046644122997,0.16196370077983394,-0.0911907374662564,-0.9773487965988648
0.18535196765478837,0.6716259029730814,-1.3422477272337274,-0.9904931536617264,0.13398062950084852,-1.6207238311550143,-0.42189202695834166,-0.2821851829630694,-0.43199206190921324,-1.1483805260628581,-0.7308253258760599
0.06997848704182111,0.6716259029730814,1.7615506413486823,1.2415429049045623,-0.3422140036651105,-0.7490285462508767,-0.6074052068216022,1.0606840803805473,-0.5639822313956678,-1.7650745694108756,-0.7308253258760599
0.8775928513325939,0.1881792573242526,0.5363670748029942,-0.7642037836688309,0.35043273548537524,-0.34223741329561247,0.8767002320844819,0.2274164862031988,-0.03602155344984944,0.349305007782328,-0.6486508356351234
0.7622193707196266,0.9616938903623791,-0.3621008739971774,1.3958311117179,0.17727105069775392,-0.5746894892700491,1.6651312465033392,1.6563671125816912,0.3599489550095144,0.8778999020806283,-1.0595232868397997
0.7622193707196266,0.1881792573242526,-0.11706416068803956,-0.9287778709363915,-0.6019565308465427,-0.22601137530839407,0.552052167323776,-0.7745705795224083,-1.6199035872873018,-0.6197856317645573,-0.07342940394857704
-0.6222623966359855,1.1550725486219109,-0.11706416068803956,0.963824132640554,0.13398062950084852,0.18077975764687015,1.6651312465033392,1.484204386511978,1.811840819360515,0.8778999020806283,-1.0595232868397997
-0.04539499357114716,0.8650045612326133,-0.4437797784335562,-0.8259190663941661,-0.9482799004217854,1.6917182514807088,-0.72335094423614,-1.3289345574668223,1.6798506498740604,0.9659990511303452,1.6522348911110634
0.7622193707196266,-0.48864604658410776,0.1279725526210978,2.4449909180485982,0.5235944202729967,5.410951467071697,1.7346986889520617,2.9682470852327514,1.6138555651308317,-0.5316864827148403,-1.3882212478035412
1.6852072156233688,-0.1018887300650445,0.04629364818471899,0.8815370890067737,0.09069020830394313,0.8781359855701802,-0.4450811744412492,1.1605384615009742,-0.10201663819307528,0.17310670968289424,-0.23777838443044702
-0.04539499357114716,-0.1985780591948104,-0.9338532050518316,-0.2293380000492594,-0.21234274007439433,4.364917125186731,1.410050624191356,0.19987045003205844,0.6239292939824236,1.5826930944783633,0.008745086292357939
-0.39151543541004996,-0.005199400935278622,0.1279725526210978,0.7992500453729937,0.913208211045145,1.5173791944998813,0.9926459694990197,1.174311479586525,-0.30000189242275865,0.7017016039811945,-1.3060467575626062
0.41609892888072386,0.5749365738433161,-0.2804219695607981,0.5112453926547629,0.22056147189465902,0.2970057956340885,0.6911870522212215,1.298268642356714,1.877835904103741,1.142197349229779,-0.7308253258760599
0.18535196765478837,-0.48864604658410776,-0.6071375873063147,0.2643842617534221,-0.21234274007439433,-0.8071415652444859,-1.094377303962661,0.4477847755724361,0.16196370077983394,0.5255033058817618,-0.8951743063579298
0.9929663319455622,0.09148992819448672,-0.3621008739971774,-0.2293380000492594,0.6101752626668073,-0.4584634512828308,0.4361064299092382,0.664709810420257,1.9438309888469696,0.8778999020806283,-0.23777838443044702
0.9929663319455622,1.1550725486219109,-0.5254586828699355,-0.2910532827745945,-0.5153756884527319,-0.4584634512828308,-0.9784315665481231,-0.7022622345731219,0.09596861603660517,0.8778999020806283,1.4057114203882586
-0.1607684741841144,-1.0687820213627024,-0.5254586828699355,-0.9287778709363915,-0.6019565308465427,0.23889277664047934,0.2737823975288853,-0.4302451273830203,1.3498752261579225,0.2612058587326111,-0.07342940394857704
1.4544602543974323,-0.39195671745434213,-0.6071375873063147,1.0461111762743343,-0.12576189768058385,0.3551188146276977,1.7115095414691543,1.022808280645196,-0.5639822313956678,-0.003091588416539527,-0.4843018551532534
0.9929663319455622,-0.005199400935278622,2.4149818768397155,1.0666829371827793,-0.2989235824682051,1.3430401375190537,0.9694568220161122,1.4153392960841082,-0.7619674856253483,-0.44358733366512343,-1.470395738044476
0.7622193707196266,-0.48864604658410776,-0.3621008739971774,-0.6819167400350507,-0.645246952043448,-0.6328025082636584,-0.9088641240994005,-0.6368403986666301,-1.2899281635711668,0.43740415683204487,0.2552685570151644
1.6852072156233688,-0.1985780591948104,-0.19874306512441883,-0.805347305485721,-0.7318277944372586,-1.21393269819975,0.08826921766562476,-1.0397011776697151,-1.6199035872873018,2.4636845849755313,1.323536930147322
1.2237132931714978,1.7352085234005057,0.5363670748029942,0.8609653280983287,5.2855407519325865,-0.9233676032317042,1.08540255943065,1.3877932599129679,-0.8939576551118029,1.142197349229779,-0.8951743063579298
1.2237132931714978,0.28486858645401847,-0.9338532050518316,1.5192616771685707,0.09069020830394313,0.6456839095957436,1.7346986889520617,1.9387139833359657,1.811840819360515,0.8778999020806283,-0.4843018551532534
1.2237132931714978,-0.2952673883245763,0.04629364818471899,1.1283982199081146,-0.25563316127129976,1.0524750425510079,1.5028072141229862,1.1329924253297956,-0.5639822313956678,0.7017016039811945,-0.8129998161169948
-0.853009357861921,-0.005199400935278622,-1.4239266316701067,-0.9493496318448365,0.6101752626668073,0.0645537196596518,-0.2595679945779887,-0.08936292976501058,-0.43199206190921324,-0.26738903556568966,-1.5525702282854126
0.18535196765478837,-0.9720926922329369,-0.6071375873063147,-0.9287778709363915,-0.08247147648367845,0.6456839095957436,-1.1175664514455685,-0.42335861834022565,1.2838801414146965,-0.0911907374662564,0.09091957653329293
-0.39151543541004996,-0.6820247048436395,-0.4437797784335562,-0.9287778709363915,0.004109365910132342,-0.5165764702764399,-1.6509168435524426,-0.6196241260596627,1.547860480387606,-0.0911907374662564,0.41961753749703434
0.8775928513325939,1.9285871816600368,-0.03538525625166028,0.22324073993653196,-0.9482799004217854,-1.21393269819975,-0.16681140464635844,-0.6850459619661544,0.3599489550095144,-0.35548818461540654,1.5700604008701284
0.3007254482677556,0.5749365738433161,-0.11706416068803956,-0.805347305485721,0.22056147189465902,-0.34223741329561247,-0.16681140464635844,-0.08591967524363238,0.6899243787256494,0.08500756063317735,-0.15560389418951204
2.377448099301174,-0.6820247048436395,0.2913303614938564,-0.9699213927532815,-0.775118215634164,-0.8652545842380951,-1.0248098615139383,-0.4646776725969553,0.02997353129337933,-1.0602813770131412,0.7483154984607757
0.6468458901066594,0.3815579155837844,-0.5254586828699355,1.4369746335347906,-0.25563316127129976,1.4592661755062721,1.9434010162982298,1.5565127314612646,-0.9599527398550317,1.4945939454286465,-0.9773487965988648
-0.9683828384748883,2.0736211753546856,-0.5254586828699355,-0.18819447823236923,4.809346118766627,-1.0395936412189226,-0.190000552129266,0.058697014654902145,-1.0919429093414863,-1.1483805260628581,-1.0595232868397997
1.4544602543974323,-0.2952673883245763,0.04629364818471899,0.8609653280983287,0.17727105069775392,-0.28412439430200326,-0.3755137319925265,1.1880844976721143,-0.16801172293630404,-0.003091588416539527,-0.40212736491231843
1.5698337350103995,-0.2952673883245763,1.0264405014212694,-0.44534148958793246,0.17727105069775392,-1.21393269819975,-0.8161075341677703,0.4994335933933386,0.5579342092391948,0.7898007530309115,-0.7308253258760599
-0.39151543541004996,-0.9720926922329369,-0.3621008739971774,-0.8670625882110562,-0.4720852672558264,0.23889277664047934,0.15783666011434747,-0.3751530550407014,1.9438309888469696,0.08500756063317735,-0.07342940394857704
-0.1607684741841144,-0.39195671745434213,-0.6071375873063147,1.3752593508094553,0.30714231428846983,0.5294578716085252,1.0390242644648349,1.4566583503408377,1.481865395644377,-0.6197856317645573,-0.7308253258760599
-0.2761419547970827,0.3815579155837844,-0.7704953961790733,-0.9493496318448365,0.6101752626668073,0.44228834311811144,1.5491855090888014,0.458114539136609,2.6037818362792398,0.17310670968289424,-1.1416977770807362
0.8775928513325939,0.3815579155837844,0.1279725526210978,-0.8876343491195011,1.9954687409677787,-0.6328025082636584,0.01870177521690207,0.2033137045534749,-0.03602155344984944,-0.44358733366512343,-0.6486508356351234
0.6468458901066594,0.47824724471355023,0.8630826925485108,0.34667130538720226,0.17727105069775392,0.2970057956340885,2.0825359011956754,1.033138044209369,-0.4979871466524391,0.2612058587326111,-1.3060467575626062
0.41609892888072386,0.1881792573242526,-0.2804219695607981,0.44953010992942755,0.17727105069775392,0.2970057956340885,1.1781591493622803,0.9401701721317368,-0.30000189242275865,-0.003091588416539527,-1.2238722673216713
0.6468458901066594,0.5749365738433161,-0.2804219695607981,1.848409851703692,-0.3855044248620159,2.040396365442364,0.7375653471870366,1.0985598801158605,0.3599489550095144,-1.0602813770131412,-0.15560389418951204
-0.853009357861921,-1.1654713504924683,-0.3621008739971774,0.017523130852081365,-0.6885373732403534,-0.34223741329561247,0.15783666011434747,0.3272708673236255,3.197737598968287,-0.26738903556568966,0.09091957653329293
-0.6222623966359855,-1.745607325271063,-0.7704953961790733,0.017523130852081365,-0.2989235824682051,-0.5746894892700491,-0.7001617967532324,0.45467128461523076,2.6037818362792398,-0.003091588416539527,-0.07342940394857704
-0.7376358772489527,1.6385191942707398,3.2317709212035073,0.2643842617534221,2.2985016893461165,0.7037969285893527,1.5028072141229862,0.699142355634192,0.09596861603660517,-0.5316864827148403,-1.1416977770807362
-0.9683828384748883,0.47824724471355023,-1.2605688227973484,-0.5996296964012704,-0.4287948460589213,-1.7369498691422327,-1.2103230413771988,-0.8744249606428349,0.5579342092391948,-0.7959839298639905,0.7483154984607757
0.8775928513325939,1.9285871816600368,0.2913303614938564,-0.9699213927532815,-0.5153756884527319,-1.7369498691422327,-1.8596191708986105,-0.42335861834022565,-0.9599527398550317,0.43740415683204487,-0.15560389418951204
0.41609892888072386,-0.7787140339734051,-0.2804219695607981,-0.805347305485721,-0.2989235824682051,0.47134485261491604,1.1781591493622803,-0.9260737784637374,0.6899243787256494,-0.7078847808142741,1.159187949665452
0.18535196765478837,0.3815579155837844,-0.3621008739971774,-0.2087662391408142,-0.4287948460589213,0.3551188146276977,0.29697154501179285,-0.726365016222884,1.2178850566714678,-0.5316864827148403,1.323536930147322
0.18535196765478837,-0.5853353757138736,-0.3621008739971774,0.6141041971969882,0.17727105069775392,-0.6328025082636584,-1.094377303962661,0.6096177380779382,0.6239292939824236,-0.26738903556568966,-0.6486508356351234
2.9543155023660126,-0.48864604658410776,1.8432295457850616,2.16727214578459,0.7400465262575234,1.0234185330542032,3.3579390127555913,2.475861688673412,-0.6299773161388937,0.17310670968289424,-1.0595232868397997
-0.5068889160230172,-0.1018887300650445,-1.1788899183609691,-0.805347305485721,1.6491453713925361,-0.8071415652444859,1.247726591811003,0.4718875572221982,1.9438309888469696,1.230296498279496,-0.8129998161169948
-0.5068889160230172,-0.1018887300650445,-1.1788899183609691,-0.8259190663941661,1.6924357925894415,-0.8071415652444859,1.3636723292255408,0.4718875572221982,1.9438309888469696,1.3183956473292127,-0.8951743063579298
0.18535196765478837,-0.48864604658410776,0.6997248836757523,-0.16762271732392425,-0.16905231887748895,0.12266673865326098,0.15783666011434747,0.47877406626495467,2.0098260735901956,0.8778999020806283,-0.31995287467138345
0.06997848704182111,-1.2621606796222342,-0.4437797784335562,-0.3116250436830395,-0.7318277944372586,-1.21393269819975,-0.7001617967532324,-0.1100224568933945,0.29395387026628855,-0.26738903556568966,-0.15560389418951204
-0.1607684741841144,-0.1985780591948104,-0.3621008739971774,-0.02362039096480879,-0.90498947922488,-0.5165764702764399,-1.465403663689182,-0.3062879646128315,0.5579342092391948,0.349305007782328,0.33744304725609936
0.8775928513325939,-0.7787140339734051,2.823376399021612,1.4369746335347906,-0.16905231887748895,1.2268140995318353,0.5288630198408685,1.5909452766751995,-0.9599527398550317,-0.7078847808142741,-1.5525702282854126
0.06997848704182111,0.1881792573242526,-0.3621008739971774,-0.9493496318448365,0.30714231428846983,-0.6328025082636584,1.2013482968451878,-0.058373639072492045,0.6239292939824236,0.43740415683204487,-0.5664763453941885
0.06997848704182111,0.1881792573242526,-0.2804219695607981,-0.9493496318448365,0.30714231428846983,-0.6328025082636584,1.1317808543964651,-0.06181689359387025,0.6239292939824236,0.43740415683204487,-0.5664763453941885
0.8775928513325939,-0.6820247048436395,0.1279725526210978,-0.9699213927532815,-0.21234274007439433,-1.6207238311550143,-0.72335094423614,-0.8227761428219325,-0.8939576551118029,-0.35548818461540654,0.5839665179789058
-0.04539499357114716,1.7352085234005057,-0.6071375873063147,-0.6613449791266055,-0.16905231887748895,-0.4003504322892216,-1.256701336343014,-0.9123007603781481,1.2178850566714678,0.17310670968289424,1.159187949665452
0.18535196765478837,-0.005199400935278622,-0.6071375873063147,-0.8670625882110562,-0.16905231887748895,-0.05167231832756655,-0.16681140464635844,-0.4440181454685714,1.547860480387606,0.08500756063317735,0.09091957653329293
-0.39151543541004996,-0.39195671745434213,-0.3621008739971774,0.4701018708378725,-0.12576189768058385,-0.16789835631478492,0.4361064299092382,0.25496252237437733,-0.43199206190921324,1.846990541627513,-0.40212736491231843
-0.5068889160230172,-1.0687820213627024,0.04629364818471899,-0.9082061100279463,1.9521783197708733,0.4132318336213069,-0.05086566723182062,0.003604942312621482,0.3599489550095144,-0.003091588416539527,-0.8129998161169948
-0.5068889160230172,-1.0687820213627024,0.04629364818471899,-0.9082061100279463,2.038759162164684,0.47134485261491604,-0.02767651974891306,0.003604942312621482,0.3599489550095144,-0.003091588416539527,-0.8129998161169948
-0.6222623966359855,4.007407757950001,1.7615506413486823,1.4369746335347906,0.437013577879186,1.3430401375190537,2.662264588268364,1.4704313684263888,0.6239292939824236,-0.003091588416539527,-1.5525702282854126
0.18535196765478837,-0.1018887300650445,-0.3621008739971774,-0.4144838482252649,0.5668848414699019,-0.4003504322892216,1.4332397716742635,0.7955534822332022,2.2738064125631046,0.8778999020806283,-0.23777838443044702
1.800580696236336,0.1881792573242526,-0.688816491742694,2.4347050375943757,0.04739978710703774,-0.5746894892700491,1.873833573849507,2.1935148179190995,-1.4219183330576213,1.4945939454286465,-1.2238722673216713
-0.39151543541004996,-0.875403363103171,-0.5254586828699355,-0.2087662391408142,-0.3855044248620159,-1.2720457171933592,-0.8392966816506778,-0.7539110523940243,-0.16801172293630404,-0.7078847808142741,0.9948389691835822
1.339086773784465,0.7683152321028474,0.4546881703666149,-0.8876343491195011,-0.9482799004217854,-0.5165764702764399,-1.0248098615139383,-0.9054142513353535,-0.30000189242275865,-0.003091588416539527,1.077013459424517
-0.853009357861921,-1.1654713504924683,-0.7704953961790733,-0.9287778709363915,0.004109365910132342,-1.0395936412189226,-1.3958362212404594,-0.20643358349240476,3.0657474294818323,0.7017016039811945,-0.23777838443044702
2.723568541140076,-0.875403363103171,0.6997248836757523,-0.805347305485721,0.04739978710703774,-1.0977066602125318,-0.7697292392019551,0.47533081174357644,-0.6959724008821225,1.4945939454286465,-0.4843018551532534
2.723568541140076,-1.1654713504924683,1.2714772147304068,-0.805347305485721,-0.08247147648367845,-0.9814806222253134,-0.7001617967532324,0.4650010481794036,-0.6299773161388937,0.349305007782328,-0.31995287467138345
1.339086773784465,-0.1985780591948104,-0.4437797784335562,0.4701018708378725,-0.3422140036651105,2.1566224034295822,1.5028072141229862,0.6440502832918731,-0.4979871466524391,0.6136024549314787,-0.4843018551532534
2.262074618688207,0.47824724471355023,0.2096514570574771,-0.7847755445772759,-0.5153756884527319,-0.9233676032317042,-0.28275714206089625,-0.7332515252656786,-1.553908502544076,4.313766715019584,1.7344093813519985
3.415809424817884,-1.1654713504924683,1.0264405014212694,-0.8464908273026112,0.004109365910132342,-0.6909155272572675,-0.16681140464635844,0.7163586282411595,-1.0259478245982576,1.5826930944783633,-0.8129998161169948
-0.2761419547970827,-0.48864604658410776,-1.2605688227973484,0.5318171535632078,-0.08247147648367845,1.401153156512663,1.1781591493622803,0.6165042471207327,-0.2340068076795299,-0.003091588416539527,-0.8951743063579298
1.2237132931714978,1.5418298651409739,-0.6071375873063147,-0.30133916322881704,-0.5586661096496373,-0.6909155272572675,-0.8624858291335854,-0.9019709968139753,-0.16801172293630404,0.2612058587326111,1.7344093813519985
0.8775928513325939,0.28486858645401847,-0.5254586828699355,-0.02362039096480879,-0.4287948460589213,-0.6909155272572675,-0.6537835017874173,0.06902677821911321,0.9539047176985587,0.43740415683204487,0.33744304725609936
0.7622193707196266,4.104097087079767,-1.914000058288382,1.4575463944432354,-0.08247147648367845,0.5294578716085252,1.7810769839178768,1.2466198245358115,-0.6299773161388937,0.08500756063317735,-1.2238722673216713
0.3007254482677556,-0.6820247048436395,-0.4437797784335562,-0.6613449791266055,-0.5153756884527319,-0.6909155272572675,-0.6074052068216022,0.0896863053474589,1.0198998024417874,1.3183956473292127,-0.31995287467138345
0.18535196765478837,-1.1654713504924683,-0.6071375873063147,0.2849560226618671,0.04739978710703774,-0.28412439430200326,1.9202118688153222,0.8368725364899319,1.2178850566714678,0.7898007530309115,-0.40212736491231843
1.339086773784465,-0.1018887300650445,-0.688816491742694,2.712423809858384,-0.039181055286773056,0.8781359855701802,1.6419420990204316,2.31402872616791,-0.9599527398550317,0.08500756063317735,-1.1416977770807362
-0.6222623966359855,0.9616938903623791,-1.3422477272337274,0.5935324362885431,1.4759836866049145,0.8781359855701802,1.7346986889520617,1.460101604862216,1.811840819360515,1.4945939454286465,-0.9773487965988648
-0.7376358772489527,0.9616938903623791,-1.2605688227973484,0.3055277835703123,2.125340004558495,-0.4003504322892216,1.3404831817426333,1.356803969220411,2.207811327819876,1.93508969067723,-1.1416977770807362
1.5698337350103995,-0.39195671745434213,-0.2804219695607981,-0.7436320227603859,0.17727105069775392,-0.6909155272572675,-0.72335094423614,0.062140269176318576,-1.4219183330576213,0.08500756063317735,-0.4843018551532534
0.18535196765478837,-1.1654713504924683,-0.6071375873063147,0.1923830985738643,0.04739978710703774,-0.28412439430200326,1.9202118688153222,0.8368725364899319,1.2178850566714678,0.7898007530309115,-0.40212736491231843
0.5314724094936911,5.167679707507191,-1.9956789627247613,1.1283982199081146,-0.08247147648367845,0.5875708906021344,1.5491855090888014,1.150208697936763,-0.30000189242275865,-0.26738903556568966,-1.3060467575626062
-0.6222623966359855,1.2517618777516761,-1.4239266316701067,-1.0316366754786166,-0.6019565308465427,-0.5746894892700491,-0.9088641240994005,-0.36138003695515036,-0.2340068076795299,-0.6197856317645573,-0.8951743063579298
-0.853009357861921,0.7683152321028474,0.618045979239373,2.7638532121294968,1.0430794746358611,1.8660573084615364,1.618752951537524,2.5447267791012824,1.2838801414146965,0.349305007782328,-1.2238722673216713
1.4544602543974323,1.1550725486219109,-0.11706416068803956,0.4083865881125376,-0.645246952043448,-0.6909155272572675,-0.4450811744412492,-0.6988189800517437,-0.9599527398550317,-0.26738903556568966,2.2274563227976114
-0.04539499357114716,-0.1985780591948104,0.7814037881121315,1.2003993830876722,-0.039181055286773056,1.0524750425510079,1.410050624191356,1.0710138439447203,0.4259440397527402,0.5255033058817618,-0.8951743063579298
-0.7376358772489527,1.5418298651409739,-1.2605688227973484,0.3672430662956474,2.1686304257554005,-0.4003504322892216,1.6883203939862468,1.3499174601776165,2.4057965820495593,2.023188839726947,-1.1416977770807362
0.41609892888072386,-0.39195671745434213,-0.3621008739971774,-0.5996296964012704,-0.4287948460589213,-1.0395936412189226,-0.4682703219241568,0.11034583247584283,1.0858948871850131,1.6707922435280802,-0.40212736491231843
0.5314724094936911,-0.5853353757138736,-0.6071375873063147,-0.9082061100279463,-0.25563316127129976,-0.16789835631478492,0.8071327896357593,-0.6368403986666301,0.491939124495969,-0.0911907374662564,0.5017920277379693
1.4544602543974323,0.5749365738433161,-0.4437797784335562,0.3260995444787573,-0.25563316127129976,2.040396365442364,2.152103343644398,0.6165042471207327,-0.3659969771659845,0.5255033058817618,-0.6486508356351234
-0.5068889160230172,-0.005199400935278622,-1.3422477272337274,0.4906736317463179,-0.16905231887748895,1.5173791944998813,1.3404831817426333,0.6819260830272245,0.16196370077983394,-0.26738903556568966,-0.9773487965988648
-0.6222623966359855,0.09148992819448672,-1.5872844405428652,0.23352662039075445,-0.039181055286773056,0.8781359855701802,0.923078527050297,0.6371637742490784,0.22795878552305976,-0.6197856317645573,-1.3060467575626062
-0.5068889160230172,-0.1018887300650445,-1.3422477272337274,0.5112453926547629,-0.08247147648367845,1.4592661755062721,1.410050624191356,0.6853693375486027,0.09596861603660517,-0.1792898865159733,-0.9773487965988648
0.6468458901066594,0.6716259029730814,-1.0972110139245899,1.6426922426192412,0.35043273548537524,1.6336052324870995,2.1289141961614906,1.7527782391807014,-0.5639822313956678,0.08500756063317735,-1.3882212478035412
1.6852072156233688,-0.005199400935278622,-0.5254586828699355,2.383275635323263,-0.039181055286773056,0.7619099475829619,2.6854537357512718,2.1866283088763434,-1.157937994084712,0.6136024549314787,-1.2238722673216713
-0.5068889160230172,0.6716259029730814,0.1279725526210978,-0.06476391278169895,-0.5153756884527319,-1.504497793167796,0.2505932500459777,0.21364346811764773,-0.16801172293630404,0.08500756063317735,-0.6486508356351234
0.06997848704182111,1.445140536011208,-0.4437797784335562,0.7169630017392135,0.437013577879186,-0.34223741329561247,1.0622134119477424,0.7404614098909216,-0.16801172293630404,-0.5316864827148403,-0.9773487965988648
1.339086773784465,-0.1985780591948104,-0.4437797784335562,-0.2293380000492594,0.17727105069775392,-0.05167231832756655,0.29697154501179285,0.19987045003205844,-0.43199206190921324,0.08500756063317735,-0.4843018551532534
0.5314724094936911,-0.1018887300650445,0.2913303614938564,0.7786782844645485,-0.16905231887748895,0.0645537196596518,-0.16681140464635844,1.4153392960841082,1.877835904103741,2.2874862868760975,-0.5664763453941885
-0.04539499357114716,1.7352085234005057,-0.6071375873063147,0.07923841357741651,4.376441906797574,0.8200229665765711,0.5056738723579609,0.1895406864678856,-0.3659969771659845,-0.1792898865159733,-0.4843018551532534
0.41609892888072386,-0.7787140339734051,-0.4437797784335562,-0.8876343491195011,-0.775118215634164,-1.2720457171933592,0.714376199704129,-0.6058511079741116,-0.16801172293630404,5.018559907417319,0.7483154984607757
0.8775928513325939,0.04314526362960378,-0.11706416068803956,1.7866945689783567,0.7400465262575234,-0.16789835631478492,1.4796180666400787,1.4497718412980432,-1.2899281635711668,-0.35548818461540654,-1.1416977770807362
-0.2761419547970827,0.3815579155837844,-0.03538525625166028,-0.7024885009434957,0.2638518930915644,0.2970057956340885,1.9086172950738685,-0.21676334705657763,-0.30000189242275865,0.9659990511303452,-0.4843018551532534
-0.2761419547970827,0.5749365738433161,0.04629364818471899,-0.6819167400350507,0.22056147189465902,0.3260623051308931,1.6883203939862468,-0.22364985609937227,-0.30000189242275865,1.054098200180062,-0.4843018551532534
-0.2761419547970827,0.3815579155837844,-0.03538525625166028,-0.7024885009434957,0.2638518930915644,0.2970057956340885,1.6883203939862468,-0.21676334705657763,-0.30000189242275865,0.9659990511303452,-0.4843018551532534
-0.39151543541004996,-0.1018887300650445,-0.6071375873063147,0.4701018708378725,-0.16905231887748895,-0.8071415652444859,-0.09724396219763574,0.8024399912759969,1.547860480387606,1.3183956473292127,-0.6486508356351234
-0.2761419547970827,-0.1985780591948104,-0.5254586828699355,-0.9082061100279463,-0.25563316127129976,-0.9233676032317042,-0.5378377643728794,-0.28907169200586397,1.0858948871850131,1.142197349229779,-0.07342940394857704
-0.1607684741841144,-0.1018887300650445,-0.6071375873063147,-0.7436320227603859,-0.12576189768058385,1.5173791944998813,1.0158351169819273,0.05181050561214573,1.6798506498740604,1.230296498279496,0.008745086292357939
-0.2761419547970827,2.702101814698164,-1.505605536106486,0.8403935671898838,-0.3855044248620159,0.18077975764687015,0.45929557739214577,0.9057376269178018,0.5579342092391948,0.2612058587326111,-0.9773487965988648
0.5314724094936911,-0.875403363103171,-0.5254586828699355,-0.8876343491195011,-0.8184086368310695,0.0064407006660426236,-0.02767651974891306,-0.450904654511366,1.2178850566714678,0.43740415683204487,0.33744304725609936
-0.6222623966359855,-0.7787140339734051,-0.6071375873063147,-0.8876343491195011,-0.8184086368310695,0.0645537196596518,0.08826921766562476,-0.38203956408349604,2.207811327819876,0.6136024549314787,0.17309406677422937
0.3007254482677556,0.09148992819448672,-0.2804219695607981,2.074699221696587,-0.4287948460589213,1.3430401375190537,1.4796180666400787,1.980033037592695,0.6899243787256494,1.5826930944783633,-1.3060467575626062
1.1083398125585295,0.3815579155837844,-0.03538525625166028,0.922680610823664,-0.645246952043448,0.7037969285893527,1.3172940342597257,1.0779003529875149,-0.8279625703685771,0.7898007530309115,-0.8129998161169948
1.4544602543974323,0.47824724471355023,0.2096514570574771,0.3055277835703123,-0.3855044248620159,0.0645537196596518,0.4361064299092382,0.7335749008481269,-0.03602155344984944,0.43740415683204487,0.008745086292357939
-0.2761419547970827,0.47824724471355023,-0.7704953961790733,2.0849851021508097,-0.039181055286773056,-0.22601137530839407,0.22740410256307014,1.5255234407687077,-0.7619674856253483,0.2612058587326111,-1.1416977770807362
1.5698337350103995,-0.1985780591948104,-0.03538525625166028,-0.6819167400350507,0.30714231428846983,-1.3882717551805777,-1.5349711061379048,0.07935654178328606,-2.0158740957466654,-0.003091588416539527,-0.8951743063579298
1.6852072156233688,-0.2952673883245763,-0.03538525625166028,-0.7024885009434957,0.30714231428846983,-1.3301587361869684,-1.5117819586549972,0.0862430508260807,-2.0158740957466654,-0.0911907374662564,-0.8951743063579298
0.18535196765478837,-0.1985780591948104,-0.6071375873063147,1.0049676544574444,-0.2989235824682051,0.12266673865326098,1.08540255943065,1.4050095325199354,1.811840819360515,0.7898007530309115,-0.23777838443044702
-0.9683828384748883,-0.1985780591948104,-1.505605536106486,-0.9699213927532815,0.30714231428846983,0.0064407006660426236,-0.3059462895438038,-0.1100224568933945,-0.7619674856253483,-0.26738903556568966,-1.470395738044476
0.7622193707196266,-0.005199400935278622,3.640165443385404,1.2724005462672299,-0.21234274007439433,1.0524750425510079,0.552052167323776,1.5806155131110267,-1.4219183330576213,-0.44358733366512343,-1.5525702282854126
0.7622193707196266,-0.1018887300650445,3.7218443478217833,1.2415429049045623,-0.25563316127129976,0.9362490045637895,0.5056738723579609,1.5840587676324047,-1.4219183330576213,-0.44358733366512343,-1.5525702282854126
0.18535196765478837,-0.005199400935278622,-0.11706416068803956,-0.8670625882110562,-0.3422140036651105,-0.4584634512828308,-0.21318969961217357,-0.013611330294346004,0.02997353129337933,1.142197349229779,-0.31995287467138345
-1.8913706833786292,-1.1654713504924683,0.04629364818471899,-1.0522084363870619,-0.7318277944372586,-0.5165764702764399,-1.3958362212404594,-0.7711273250009918,0.3599489550095144,0.17310670968289424,-0.40212736491231843
-0.04539499357114716,0.5749365738433161,-1.914000058288382,-0.9287778709363915,0.13398062950084852,-0.34223741329561247,-0.4450811744412492,-0.06526014811524845,0.09596861603660517,-0.7078847808142741,-0.8951743063579298
0.8775928513325939,-0.2952673883245763,0.04629364818471899,-0.9493496318448365,0.437013577879186,-0.05167231832756655,0.8998893795673895,0.1895406864678856,-0.6299773161388937,0.17310670968289424,-0.8951743063579298
-1.4298767609267593,0.6716259029730814,0.5363670748029942,0.07923841357741651,-1.0348607428155963,-0.6909155272572675,0.8535110846015743,-0.5473157811104145,2.2738064125631046,0.08500756063317735,0.8304899887017108
2.262074618688207,-0.39195671745434213,-0.8521743006154523,0.9021088499152191,-0.6019565308465427,-1.3301587361869684,-0.9320532715823081,0.6612665558988405,-0.43199206190921324,-0.7959839298639905,0.09091957653329293
-0.9683828384748883,0.09148992819448672,-1.0155321094882108,1.9821262976085845,-0.12576189768058385,-0.8652545842380951,0.11145836514853233,0.9608296992601207,-0.5639822313956678,0.43740415683204487,-0.40212736491231843
-0.853009357861921,-0.1018887300650445,-0.19874306512441883,-0.9082061100279463,-0.4720852672558264,-1.0395936412189226,-1.256701336343014,-1.0431444321911316,0.8219145482121041,-0.44358733366512343,0.41961753749703434
0.6468458901066594,2.702101814698164,-1.9956789627247613,-0.9082061100279463,1.086369895832766,-0.9233676032317042,-0.4682703219241568,0.40302246679429005,0.16196370077983394,0.349305007782328,-0.6486508356351234
-0.04539499357114716,0.09148992819448672,1.2714772147304068,-0.9287778709363915,4.1599898008130465,0.9943620235573987,0.2505932500459777,-0.030827602901313488,-0.7619674856253483,-0.003091588416539527,-1.3060467575626062
-0.6222623966359855,-0.1018887300650445,0.2913303614938564,0.4083865881125376,0.04739978710703774,1.3430401375190537,1.8042661314007844,0.5614121747784139,-0.03602155344984944,-0.0911907374662564,-0.8951743063579298
-0.2761419547970827,-0.39195671745434213,-0.2804219695607981,1.4575463944432354,0.2638518930915644,-0.9814806222253134,0.1346475126314399,1.5358532043328805,1.151889971928242,-0.003091588416539527,-0.9773487965988648
-0.04539499357114716,0.3815579155837844,-0.2804219695607981,-1.0110649145701716,0.13398062950084852,-0.7490285462508767,-0.561026911855787,-0.3097312191342097,0.29395387026628855,1.054098200180062,-0.31995287467138345
-0.5068889160230172,0.8650045612326133,0.2913303614938564,-0.2190521195950369,-0.21234274007439433,0.2679492861372839,1.8390498526251458,0.18265417742509096,-0.6299773161388937,0.08500756063317735,-0.6486508356351234
-0.7376358772489527,-0.1985780591948104,0.2913303614938564,0.24381250084497694,0.04739978710703774,1.110588061544617,1.4796180666400787,0.4959903388719221,-0.03602155344984944,-0.0911907374662564,-0.8951743063579298
-0.5068889160230172,0.1881792573242526,-1.4239266316701067,0.3260995444787573,0.17727105069775392,1.168701080538226,1.247726591811003,0.7266883918053323,-0.16801172293630404,-0.003091588416539527,-1.3060467575626062
1.339086773784465,-0.005199400935278622,-0.11706416068803956,0.34667130538720226,-0.039181055286773056,1.5173791944998813,1.5491855090888014,0.5648554292998303,-0.6299773161388937,0.5255033058817618,-0.40212736491231843
-0.1607684741841144,-0.39195671745434213,-0.11706416068803956,0.9021088499152191,1.4326932654080091,0.12266673865326098,-0.35232458450961895,0.9746027173456717,-1.157937994084712,-0.35548818461540654,-1.470395738044476
1.2237132931714978,-0.1018887300650445,-0.5254586828699355,-0.8670625882110562,-0.5153756884527319,-0.5746894892700491,-0.35232458450961895,-1.001825377934402,-1.4879134178008473,0.17310670968289424,1.077013459424517
-0.853009357861921,-0.005199400935278622,-0.7704953961790733,2.887283777580167,1.2162411594234823,-0.16789835631478492,0.8535110846015743,1.8698488929080956,-0.03602155344984944,-0.44358733366512343,-1.0595232868397997
0.9929663319455622,1.058383219492145,1.2714772147304068,0.3672430662956474,-0.4287948460589213,-1.3882717551805777,-0.6305943543045097,0.9677162083029154,0.8879096329553328,2.375585435925814,-0.4843018551532534
-0.9683828384748883,-0.7787140339734051,-0.7704953961790733,-0.1264791955070341,1.2595315806203877,0.8200229665765711,1.4796180666400787,0.29972483115248516,0.09596861603660517,-0.5316864827148403,-0.8951743063579298
0.8775928513325939,0.28486858645401847,-0.8521743006154523,1.3958311117179,0.35043273548537524,-0.8652545842380951,0.04189092269980963,1.573729004068232,-0.2340068076795299,0.08500756063317735,-0.7308253258760599
-0.6222623966359855,-0.9720926922329369,-0.9338532050518316,-0.9082061100279463,-0.12576189768058385,0.5875708906021344,0.41291728242633063,-0.485337199725301,-0.03602155344984944,-0.0911907374662564,-0.31995287467138345
2.0313276574622705,-0.48864604658410776,-0.688816491742694,1.1078264589996696,-0.645246952043448,-1.2720457171933592,-0.9552424190652156,0.9160673904819746,-0.5639822313956678,-0.7959839298639905,0.17309406677422937
-0.04539499357114716,-0.6820247048436395,0.2096514570574771,2.506706200773934,0.004109365910132342,-0.16789835631478492,-0.09724396219763574,2.138422745576819,0.491939124495969,-0.0911907374662564,-1.470395738044476
0.06997848704182111,-0.1985780591948104,-0.19874306512441883,0.22324073993653196,-0.2989235824682051,0.12266673865326098,0.8767002320844819,-0.010168075772967798,0.8219145482121041,-0.003091588416539527,0.6661410082198408
-0.5068889160230172,0.28486858645401847,0.5363670748029942,0.09981017448586167,-0.2989235824682051,0.23889277664047934,1.247726591811003,0.46155779365798716,-0.3659969771659845,0.2612058587326111,-0.6486508356351234
2.0313276574622705,0.5749365738433161,0.2096514570574771,-0.9287778709363915,-0.039181055286773056,-1.3882717551805777,-0.42189202695834166,0.6096177380779382,-0.16801172293630404,-0.1792898865159733,-0.9773487965988648
1.9159541768493034,0.1881792573242526,-0.4437797784335562,-0.5790579354928254,0.35043273548537524,1.110588061544617,0.8535110846015743,0.5648554292998303,0.09596861603660517,-0.5316864827148403,-0.9773487965988648
0.6468458901066594,1.1550725486219109,0.618045979239373,1.6838357644361313,0.30714231428846983,0.12266673865326098,1.3172940342597257,1.7458917301379069,0.02997353129337933,1.230296498279496,-0.9773487965988648
-0.2761419547970827,0.3815579155837844,0.04629364818471899,0.3672430662956474,-0.08247147648367845,1.6336052324870995,1.7346986889520617,0.5063201024361332,0.16196370077983394,-0.0911907374662564,-0.7308253258760599
0.3007254482677556,0.5749365738433161,-0.19874306512441883,-0.14705095641547908,-0.6019565308465427,0.0645537196596518,0.06508007018271719,-0.7332515252656786,1.0198998024417874,-0.1792898865159733,1.4057114203882586
-0.2761419547970827,-0.1985780591948104,-0.688816491742694,1.1695417417250047,-0.039181055286773056,0.5875708906021344,0.9462676745332046,1.0744570984660984,0.8879096329553328,-0.5316864827148403,-0.6486508356351234
1.339086773784465,-0.1018887300650445,1.92490845022144,0.922680610823664,0.30714231428846983,-0.9814806222253134,-0.07405481471472819,1.2156305338432547,-0.4979871466524391,1.6707922435280802,-1.3060467575626062
-0.7376358772489527,-0.005199400935278622,0.94476159698489,0.3260995444787573,-0.039181055286773056,0.6456839095957436,1.5259963616058938,0.6681530649416352,0.4259440397527402,-0.26738903556568966,-1.1416977770807362
-0.7376358772489527,0.1881792573242526,1.2714772147304068,1.0872546980912243,0.5235944202729967,1.9241703274551456,1.8042661314007844,0.9539431902173261,-0.03602155344984944,0.9659990511303452,-0.9773487965988648
-1.4298767609267593,-1.0204373567978198,-0.3621008739971774,-1.0522084363870619,-0.12576189768058385,-0.8652545842380951,-1.627727696069535,-0.9191872694209428,0.5579342092391948,-0.0911907374662564,-0.5664763453941885
0.06997848704182111,0.5749365738433161,0.2096514570574771,-0.9287778709363915,-0.6019565308465427,-1.2720457171933592,0.181025807597255,-0.5679753082387602,-0.8279625703685771,0.2612058587326111,-0.6486508356351234
0.06997848704182111,0.5749365738433161,-0.2804219695607981,-0.24990976095770437,-0.7318277944372586,-0.05167231832756655,0.2505932500459777,-0.7366947797870569,1.0858948871850131,-0.003091588416539527,1.4057114203882586
0.3007254482677556,-1.5522286670115315,-0.2804219695607981,-0.5790579354928254,-1.2080224276032177,-1.155819679206141,-2.323402120556762,-1.291058757731471,-1.157937994084712,0.2612058587326111,1.077013459424517
0.3007254482677556,0.3815579155837844,-0.3621008739971774,-0.3939120873168198,-0.3422140036651105,-0.10978533732117574,0.7607544946699442,0.2893950675883123,0.491939124495969,1.3183956473292127,-0.31995287467138345
0.5314724094936911,2.2186551690493346,-0.3621008739971774,1.1078264589996696,-0.5153756884527319,1.5173791944998813,2.0129684587469527,1.0469110622949582,-0.3659969771659845,0.6136024549314787,-0.8951743063579298
-0.6222623966359855,-0.39195671745434213,1.7615506413486823,0.44953010992942755,-0.25563316127129976,1.8660573084615364,1.827455278883692,0.747347918933678,0.29395387026628855,0.08500756063317735,-1.1416977770807362
0.7622193707196266,1.2517618777516761,-0.8521743006154523,1.8278380907952465,0.35043273548537524,-0.4003504322892216,0.8535110846015743,1.7872107843946365,-0.10201663819307528,-0.003091588416539527,-0.7308253258760599
-0.39151543541004996,-0.9720926922329369,-0.03538525625166028,-0.9287778709363915,-0.7318277944372586,0.0064407006660426236,0.01870177521690207,-0.9123007603781481,1.0858948871850131,0.9659990511303452,0.7483154984607757
0.5314724094936911,-1.0687820213627024,-0.7704953961790733,0.44953010992942755,3.2508909556780345,-0.16789835631478492,0.5752413148066836,0.4443415210510197,-0.16801172293630404,-0.9721822279634242,-0.15560389418951204
1.5698337350103995,-0.7787140339734051,0.37300926593023565,-0.4967708918590451,0.30714231428846983,0.3551188146276977,0.8535110846015743,-0.2511958922705126,0.16196370077983394,-0.7078847808142741,0.8304899887017108
0.5314724094936911,-1.1654713504924683,0.1279725526210978,-0.9082061100279463,-0.4287948460589213,-0.34223741329561247,-0.6769726492703249,-0.127238729500362,0.491939124495969,0.17310670968289424,-0.31995287467138345
-0.5068889160230172,-1.1654713504924683,0.2913303614938564,-0.9082061100279463,-0.3855044248620159,-0.4584634512828308,-0.6537835017874173,-0.11690896593615091,1.2178850566714678,0.08500756063317735,-0.6486508356351234
-0.2761419547970827,1.348451206881442,-1.6689633449792445,1.4164028726263456,-0.08247147648367845,-0.5165764702764399,0.48248472487505334,1.353360714699033,0.29395387026628855,-0.1792898865159733,-1.3060467575626062
-1.1991297997008237,0.1881792573242526,-1.7506422494156237,-0.8876343491195011,-0.4287948460589213,1.2849271185254445,0.5984304622895912,-0.48189394520392276,1.2178850566714678,0.8778999020806283,-0.07342940394857704
-0.1607684741841144,2.508723156438632,-0.5254586828699355,0.24381250084497694,0.13398062950084852,-1.562610812161405,0.9462676745332046,0.42368199392267397,-0.2340068076795299,-0.9721822279634242,-0.9773487965988648
-0.5068889160230172,-0.5853353757138736,-0.2804219695607981,1.0872546980912243,0.004109365910132342,1.0524750425510079,0.2737823975288853,0.344487139930593,0.09596861603660517,-1.3245788241622913,0.17309406677422937
-0.04539499357114716,-0.48864604658410776,-0.2804219695607981,-0.8670625882110562,-0.12576189768058385,-0.9233676032317042,-0.9784315665481231,-0.5920780898885223,-0.16801172293630404,-0.26738903556568966,0.09091957653329293
2.4928215799141418,-0.1985780591948104,0.04629364818471899,0.16152545721119682,-0.7318277944372586,-0.8071415652444859,0.5752413148066836,0.4064657213157065,-0.7619674856253483,0.08500756063317735,0.008745086292357939
-0.39151543541004996,-0.48864604658410776,-0.688816491742694,2.342132113506373,0.004109365910132342,-1.155819679206141,-0.6305943543045097,1.5461829678970533,-0.30000189242275865,-0.6197856317645573,-1.1416977770807362
-1.0837563190878554,-0.005199400935278622,-1.5872844405428652,0.5523889144716528,-0.6019565308465427,-0.28412439430200326,0.11145836514853233,0.5614121747784139,0.5579342092391948,-0.44358733366512343,-0.8951743063579298
-0.7376358772489527,-0.1018887300650445,-1.2605688227973484,-0.9082061100279463,-0.775118215634164,-0.8652545842380951,-0.6074052068216022,-0.5197697449392359,1.4158703109011512,0.08500756063317735,-0.4843018551532534
2.4928215799141418,0.09148992819448672,0.04629364818471899,1.2724005462672299,-0.6885373732403534,-0.05167231832756655,0.923078527050297,1.1261059162870009,-0.43199206190921324,-0.1792898865159733,0.008745086292357939
2.377448099301174,-0.1018887300650445,0.04629364818471899,0.984395893548999,-0.7318277944372586,-0.8943110937348996,0.6679979047383139,0.9987054989954338,-0.43199206190921324,-0.0911907374662564,0.008745086292357939
0.06997848704182111,0.3815579155837844,-0.2804219695607981,-0.8464908273026112,-0.4287948460589213,-0.4003504322892216,-0.4682703219241568,-0.37859630956211787,0.29395387026628855,-0.0911907374662564,0.33744304725609936
0.41609892888072386,-0.5853353757138736,-0.7704953961790733,-0.9287778709363915,-0.21234274007439433,-1.0395936412189226,0.5056738723579609,-0.6299538896238737,0.3599489550095144,0.349305007782328,0.5017920277379693
-0.1607684741841144,2.1219658399195684,0.37300926593023565,0.3260995444787573,0.004109365910132342,-0.5165764702764399,0.8767002320844819,0.9746027173456717,0.8219145482121041,0.43740415683204487,-0.8129998161169948
-0.7376358772489527,0.47824724471355023,-1.5872844405428652,-0.2293380000492594,0.2638518930915644,-0.4584634512828308,-0.21318969961217357,0.33071412184504195,0.09596861603660517,-0.0911907374662564,-0.9773487965988648
-0.6222623966359855,-0.1985780591948104,0.6997248836757523,0.24381250084497694,-0.039181055286773056,1.5754922134934903,1.6651312465033392,0.5682986838212085,0.02997353129337933,0.349305007782328,-0.8951743063579298
0.7622193707196266,-0.7787140339734051,1.1081194058576482,2.2598450698725925,0.2638518930915644,0.9362490045637895,1.1781591493622803,1.9456004923787602,-0.6959724008821225,1.142197349229779,-1.0595232868397997
-0.2761419547970827,0.7683152321028474,1.5165139280395445,1.1078264589996696,0.004109365910132342,-1.562610812161405,-0.6305943543045097,0.9677162083029154,-0.8279625703685771,-0.26738903556568966,-0.9773487965988648
-0.6222623966359855,-1.4555393378817658,0.6997248836757523,-0.9904931536617264,-0.12576189768058385,1.6336052324870995,0.20421495508016257,-1.0775769774050665,-0.43199206190921324,2.023188839726947,0.5017920277379693
-0.5068889160230172,-1.2621606796222342,0.8630826925485108,-0.9699213927532815,-0.12576189768058385,1.8660573084615364,0.29697154501179285,-1.0638039593194772,-0.3659969771659845,2.1112879887766636,0.5017920277379693
0.8775928513325939,-0.48864604658410776,2.496660781276095,1.4369746335347906,-0.5586661096496373,1.110588061544617,0.7607544946699442,1.4497718412980432,-1.2899281635711668,0.349305007782328,-1.470395738044476
-1.314503280313791,-0.24692272375969332,2.578339685712474,-0.9699213927532815,1.4326932654080091,-1.0395936412189226,-0.004487372266005494,-0.2477526377491344,0.02997353129337933,-0.6197856317645573,-0.9773487965988648
0.06997848704182111,0.3815579155837844,-0.6071375873063147,-0.7436320227603859,-0.6885373732403534,-1.3882717551805777,-0.7929183866848627,-0.9398467965492885,-0.8939576551118029,-0.6197856317645573,0.41961753749703434
0.06997848704182111,-0.005199400935278622,-0.9338532050518316,0.8403935671898838,0.2638518930915644,0.0645537196596518,-0.14362225716345087,1.091673371073066,-0.7619674856253483,-0.26738903556568966,-0.8129998161169948
-0.2761419547970827,1.2517618777516761,-1.4239266316701067,-0.9287778709363915,-0.3855044248620159,-0.4003504322892216,0.5288630198408685,-0.7298082707442622,-1.6199035872873018,-0.35548818461540654,0.008745086292357939
0.5314724094936911,0.8650045612326133,-1.4239266316701067,1.848409851703692,0.09069020830394313,1.401153156512663,2.3839948184734734,1.8009838024802256,-0.43199206190921324,-0.35548818461540654,-1.3882212478035412
0.06997848704182111,-0.6820247048436395,-0.7704953961790733,-0.8464908273026112,-1.0781511640125014,-1.0395936412189226,-1.3262687787917367,-1.3323778119882006,-0.30000189242275865,-0.26738903556568966,1.4057114203882586
-0.2761419547970827,-0.39195671745434213,-0.4437797784335562,-0.8464908273026112,-0.775118215634164,0.23889277664047934,-0.12043310968054331,-0.6781594529233598,0.9539047176985587,-0.26738903556568966,0.6661410082198408
-0.04539499357114716,-0.005199400935278622,0.2096514570574771,0.22324073993653196,-0.12576189768058385,1.4592661755062721,1.618752951537524,0.6096177380779382,-0.2340068076795299,-0.003091588416539527,-0.8129998161169948
-0.2761419547970827,-0.39195671745434213,-0.7704953961790733,0.5523889144716528,-0.5153756884527319,-0.5746894892700491,-0.05086566723182062,0.699142355634192,0.8879096329553328,0.8778999020806283,-0.23777838443044702
0.18535196765478837,-1.1654713504924683,-0.11706416068803956,-0.9904931536617264,-0.6019565308465427,-0.34223741329561247,-1.3262687787917367,-1.4012429024160706,0.22795878552305976,-1.1483805260628581,1.2413624399063872
0.18535196765478837,-1.358850008752,-0.4437797784335562,-0.9493496318448365,-0.8616990580279749,-1.4463847741741869,-1.882808318381518,-0.09280618428642702,1.7458457346172862,-0.35548818461540654,-0.5664763453941885
-0.6222623966359855,0.5749365738433161,0.2096514570574771,-0.2087662391408142,-0.4720852672558264,-0.22601137530839407,1.1085917069135576,0.2790653040241395,-0.30000189242275865,-0.003091588416539527,-0.7308253258760599
-0.04539499357114716,-0.1985780591948104,-0.7704953961790733,-0.8259190663941661,-0.12576189768058385,2.040396365442364,0.38972813494342307,-0.3648232914765286,-0.10201663819307528,0.2612058587326111,-0.07342940394857704
-0.1607684741841144,-1.0687820213627024,0.6997248836757523,0.922680610823664,-0.3422140036651105,2.9120916503465013,1.0390242644648349,0.8575320636183158,-1.0259478245982576,-0.44358733366512343,-1.3882212478035412
-0.39151543541004996,-0.1018887300650445,0.5363670748029942,0.8403935671898838,-0.2989235824682051,2.2728484414168006,2.0825359011956754,0.699142355634192,-0.10201663819307528,0.08500756063317735,-0.9773487965988648
-0.1607684741841144,-0.2952673883245763,0.2096514570574771,0.5523889144716528,-0.3855044248620159,1.6336052324870995,1.5955638040546165,0.5992879745137653,-0.10201663819307528,0.08500756063317735,-0.8129998161169948
-1.1991297997008237,0.1881792573242526,-0.5254586828699355,-0.8670625882110562,-1.381184112390839,0.5875708906021344,-0.7697292392019551,-1.600951664656924,1.3498752261579225,0.6136024549314787,1.6522348911110634
-0.5068889160230172,-0.005199400935278622,1.8432295457850616,-0.8670625882110562,4.766055697569722,0.8200229665765711,-0.72335094423614,-0.08591967524363238,-0.6299773161388937,-1.0602813770131412,-1.1416977770807362
0.9929663319455622,0.1881792573242526,-0.6071375873063147,2.681566168495716,0.30714231428846983,0.0645537196596518,0.8535110846015743,2.05578463706336,0.02997353129337933,0.08500756063317735,-0.15560389418951204
-0.04539499357114716,-0.9720926922329369,-0.2804219695607981,1.4164028726263456,0.6967561050606181,-0.9233676032317042,0.7839436421528517,1.4773178774691835,-1.2899281635711668,0.2612058587326111,-1.3060467575626062
-2.0067441639915975,-1.358850008752,-0.688816491742694,-1.0727801972955067,-0.2989235824682051,-1.155819679206141,-1.1175664514455685,-0.6506134167522194,0.16196370077983394,-0.5316864827148403,-1.1416977770807362
0.41609892888072386,3.233893124911875,-1.914000058288382,-0.9287778709363915,0.9564986322420505,-0.5746894892700491,0.38972813494342307,0.41335223035850116,0.02997353129337933,-0.0911907374662564,-0.7308253258760599
0.06997848704182111,-1.4555393378817658,-0.4437797784335562,1.5192616771685707,0.17727105069775392,0.7037969285893527,-0.12043310968054331,0.9504999356959478,0.9539047176985587,-0.6197856317645573,-0.40212736491231843
-0.1607684741841144,0.5749365738433161,-0.2804219695607981,0.5318171535632078,0.5668848414699019,-0.6328025082636584,0.343349839977608,0.8127697548401698,1.7458457346172862,1.3183956473292127,0.33744304725609936
0.5314724094936911,0.3815579155837844,-0.3621008739971774,-0.9082061100279463,-0.3422140036651105,-0.16789835631478492,0.15783666011434747,-0.2856284374844858,0.02997353129337933,0.5255033058817618,0.17309406677422937
-0.6222623966359855,-0.6820247048436395,-0.3621008739971774,1.1901135026334495,0.09069020830394313,0.8200229665765711,0.22740410256307014,0.35481690349480405,0.16196370077983394,-0.9721822279634242,0.17309406677422937
-1.6606237221526938,2.1219658399195684,-1.6689633449792445,-0.18819447823236923,-0.775118215634164,-1.3301587361869684,-0.7001617967532324,-1.0328146686269588,1.877835904103741,3.432775224522416,2.3918053032794813
1.5698337350103995,2.3153444981791003,0.04629364818471899,-0.9699213927532815,-0.16905231887748895,-0.9814806222253134,0.6911870522212215,-0.04460062098690277,0.29395387026628855,-0.8840830789137074,0.008745086292357939
1.1083398125585295,-0.005199400935278622,-0.19874306512441883,-0.7847755445772759,0.004109365910132342,-0.4003504322892216,1.6419420990204316,0.1895406864678856,0.22795878552305976,1.3183956473292127,-0.6486508356351234
-0.5068889160230172,-0.5853353757138736,0.04629364818471899,-0.9287778709363915,-0.9915703216186909,1.2268140995318353,-0.5146486168899719,-1.4494484657155948,-0.10201663819307528,1.846990541627513,0.9126644789426457
0.06997848704182111,0.3815579155837844,-0.5254586828699355,2.074699221696587,-0.5153756884527319,1.3430401375190537,1.1085917069135576,1.9249409652504146,0.9539047176985587,0.9659990511303452,-1.3060467575626062
-0.04539499357114716,-1.6489179961412974,0.6997248836757523,-0.9904931536617264,-0.16905231887748895,0.9362490045637895,-0.12043310968054331,-1.1016797590548286,-0.10201663819307528,2.1993871378263807,0.5839665179789058
-0.7376358772489527,-0.1985780591948104,-0.11706416068803956,1.930696895337472,-0.645246952043448,1.6917182514807088,1.1085917069135576,1.5702857495468154,0.7559194634688782,1.054098200180062,-0.9773487965988648
-0.1607684741841144,0.1881792573242526,-0.3621008739971774,-0.6407732182181606,-0.90498947922488,0.12266673865326098,-0.7001617967532324,-0.7573543069154407,0.7559194634688782,1.230296498279496,0.5839665179789058
0.3007254482677556,-0.7787140339734051,-0.2804219695607981,-1.0316366754786166,-1.1647320064063122,-1.795062888135842,-2.5321044479029298,-1.542416337793227,0.02997353129337933,-1.1483805260628581,1.159187949665452
0.41609892888072386,-0.7787140339734051,0.2096514570574771,-0.7024885009434957,-0.775118215634164,-0.7490285462508767,0.45929557739214577,0.003604942312621482,1.877835904103741,-0.003091588416539527,0.008745086292357939
2.377448099301174,-0.1985780591948104,-0.03538525625166028,0.44953010992942755,-0.9482799004217854,0.7037969285893527,1.5028072141229862,0.6165042471207327,-0.43199206190921324,-0.26738903556568966,0.17309406677422937
0.7622193707196266,-0.2952673883245763,-0.11706416068803956,0.4701018708378725,-0.9482799004217854,1.0524750425510079,1.6651312465033392,0.6337205197277003,-0.4979871466524391,-0.26738903556568966,0.17309406677422937
-0.6222623966359855,-0.1018887300650445,1.0264405014212694,1.0666829371827793,0.30714231428846983,0.5294578716085252,0.923078527050297,1.0744570984660984,-0.10201663819307528,1.5826930944783633,-0.9773487965988648
-0.39151543541004996,0.1881792573242526,0.4546881703666149,0.3878148272040924,-0.3422140036651105,1.5173791944998813,1.8970227213324147,0.7266883918053323,-0.03602155344984944,0.08500756063317735,-0.9773487965988648
-0.2761419547970827,0.7683152321028474,1.5165139280395445,0.8609653280983287,0.17727105069775392,-0.34223741329561247,0.06508007018271719,0.8575320636183158,-0.8279625703685771,-0.7959839298639905,-0.9773487965988648
-0.7953226175554363,-0.6820247048436395,0.2913303614938564,-0.5584861745843802,-1.0781511640125014,-0.8652545842380951,-1.3262687787917367,-1.0431444321911316,1.2838801414146965,-0.1792898865159733,1.159187949665452
-0.39151543541004996,-0.9720926922329369,0.618045979239373,1.7044075253445758,-0.2989235824682051,0.7037969285893527,-0.190000552129266,1.0296947896879907,0.5579342092391948,2.023188839726947,-0.23777838443044702
-0.2761419547970827,-0.1985780591948104,-1.0155321094882108,-0.6202014573097155,-0.8616990580279749,0.7619099475829619,-0.2595679945779887,-0.9983821234129855,0.16196370077983394,-0.9721822279634242,0.5839665179789058
-0.2761419547970827,0.6716259029730814,0.1279725526210978,0.017523130852081365,0.7400465262575234,-0.22601137530839407,0.29697154501179285,0.5441959021714464,-0.6299773161388937,-0.1792898865159733,-0.9773487965988648
-0.39151543541004996,-0.005199400935278622,-0.4437797784335562,2.9798567016681696,-0.21234274007439433,0.2970057956340885,0.15783666011434747,2.207287836004689,-0.3659969771659845,-0.9721822279634242,-1.5525702282854126
-2.698985047669403,-0.875403363103171,-1.0155321094882108,-1.021350795024394,-0.5586661096496373,3.144543726320938,0.5056738723579609,-0.16167127471429696,0.9539047176985587,-0.6197856317645573,-2.127791659971959
1.339086773784465,-0.39195671745434213,-0.6071375873063147,-0.8670625882110562,-0.5586661096496373,0.0645537196596518,-0.02767651974891306,-0.21676334705657763,1.6138555651308317,0.17310670968289424,-0.15560389418951204
1.1083398125585295,-1.0687820213627024,-0.8521743006154523,-0.8670625882110562,-0.7318277944372586,0.23889277664047934,-0.21318969961217357,-0.36826654599790676,1.151889971928242,-0.7078847808142741,0.09091957653329293
0.18535196765478837,-0.39195671745434213,-0.7704953961790733,0.6346759581054331,-0.6885373732403534,0.4132318336213069,1.8970227213324147,0.8850780997894561,1.811840819360515,-0.26738903556568966,-0.31995287467138345
-1.1991297997008237,3.088859131217226,-2.730789102652174,-0.9493496318448365,-0.08247147648367845,2.1566224034295822,1.3868614767084484,-0.6092943624954898,2.4057965820495593,-0.5316864827148403,0.2552685570151644
-1.0837563190878554,1.5901745297058567,-0.6071375873063147,-0.9287778709363915,-0.8184086368310695,-0.6909155272572675,-0.6537835017874173,-0.7952301066507539,0.6899243787256494,-1.1483805260628581,-0.07342940394857704
-0.1607684741841144,-0.005199400935278622,-0.4437797784335562,-0.7230602618519408,-1.4677649547846496,0.0645537196596518,-0.8624858291335854,-1.0844634864478613,0.4259440397527402,-0.8840830789137074,0.9126644789426457
-0.04539499357114716,1.5418298651409739,-1.0972110139245899,2.074699221696587,0.8266273686513342,1.5173791944998813,1.1317808543964651,1.7390052210951121,-0.43199206190921324,-0.35548818461540654,-1.6347447185263475
0.41609892888072386,-0.39195671745434213,-0.5254586828699355,1.1283982199081146,-0.5153756884527319,0.2970057956340885,0.8535110846015743,1.356803969220411,0.02997353129337933,-0.44358733366512343,-1.3060467575626062
2.1467011380752377,0.28486858645401847,3.2317709212035073,1.7352651667072438,-0.08247147648367845,-0.4584634512828308,1.247726591811003,2.1831850543549267,-1.553908502544076,3.432775224522416,-1.5525702282854126
1.5698337350103995,0.3815579155837844,-0.6071375873063147,-0.7847755445772759,0.6967561050606181,-0.5165764702764399,-1.1639447464113837,-1.394356393373314,-0.6299773161388937,-0.1792898865159733,1.816583871592935
0.7622193707196266,-1.4555393378817658,0.37300926593023565,-0.9904931536617264,-0.9915703216186909,0.4132318336213069,-0.7697292392019551,-0.9191872694209428,0.5579342092391948,0.349305007782328,0.9948389691835822
2.723568541140076,-1.358850008752,0.2913303614938564,-0.9904931536617264,-0.5153756884527319,0.0645537196596518,-1.2335121888601064,-0.8365491609074835,-0.9599527398550317,0.5255033058817618,0.8304899887017108
0.6468458901066594,-0.7787140339734051,0.2913303614938564,-0.9699213927532815,-0.775118215634164,-0.4003504322892216,-1.1175664514455685,-0.8503221789930728,-0.3659969771659845,1.054098200180062,0.9948389691835822
-0.853009357861921,-1.2621606796222342,0.1279725526210978,2.033555699879697,-0.16905231887748895,1.168701080538226,0.48248472487505334,0.9057376269178018,0.29395387026628855,-1.0602813770131412,0.008745086292357939
0.8775928513325939,-0.48864604658410776,0.5363670748029942,-0.14705095641547908,0.8699177898482396,-1.21393269819975,-1.0711881564797534,0.3754764306231497,-0.16801172293630404,2.727982032124682,-0.7308253258760599
1.4544602543974323,0.47824724471355023,-0.9338532050518316,-0.14705095641547908,0.04739978710703774,-0.6328025082636584,0.3201606924947004,0.5097633569575114,0.16196370077983394,-0.1792898865159733,-0.23777838443044702
0.3584121885742403,-1.0687820213627024,-0.7704953961790733,0.7581065235561034,3.1643101132842237,1.2268140995318353,0.9462676745332046,0.6853693375486027,-0.30000189242275865,-0.44358733366512343,-0.31995287467138345
-0.1607684741841144,-1.5522286670115315,-0.2804219695607981,-0.14705095641547908,0.09069020830394313,0.18077975764687015,-0.561026911855787,-0.09280618428642702,0.8879096329553328,-0.44358733366512343,-0.40212736491231843
-1.314503280313791,-0.9720926922329369,0.2096514570574771,-0.9699213927532815,0.004109365910132342,-1.504497793167796,-1.5349711061379048,-0.6196241260596627,3.3297277684547417,1.6707922435280802,0.2552685570151644
-1.1991297997008237,-1.2621606796222342,-0.4437797784335562,-1.0522084363870619,-0.3855044248620159,0.47134485261491604,-0.23637884709508114,-0.623067380581079,0.29395387026628855,0.17310670968289424,-1.0595232868397997
-0.2761419547970827,-0.48864604658410776,-0.3621008739971774,1.7558369276156884,0.4803039990760914,-0.34223741329561247,0.15783666011434747,1.298268642356714,0.8879096329553328,0.43740415683204487,-0.31995287467138345
0.18535196765478837,0.5749365738433161,0.4546881703666149,0.20266897902808698,0.8699177898482396,0.47134485261491604,0.5752413148066836,0.6268340106849056,-0.5639822313956678,0.349305007782328,-0.8951743063579298
-0.5068889160230172,3.8623737642553535,-0.6071375873063147,-0.5173426527674903,0.9997890534389559,-0.5746894892700491,0.20421495508016257,-0.1100224568933945,-0.10201663819307528,-0.7959839298639905,-1.0595232868397997
0.5314724094936911,-0.5853353757138736,-0.19874306512441883,-0.7436320227603859,-1.2080224276032177,0.5875708906021344,-1.3262687787917367,-1.5252000651862594,-0.8939576551118029,-1.3245788241622913,1.89875836183387
-0.5068889160230172,-0.005199400935278622,-0.5254586828699355,1.0461111762743343,-0.16905231887748895,0.5875708906021344,0.2505932500459777,1.401566277998519,-0.3659969771659845,-0.26738903556568966,-1.5525702282854126
0.06997848704182111,1.1550725486219109,-0.9338532050518316,0.007237250397858871,1.51927410780182,2.389074479404019,3.84491110989665,1.1226626617656228,1.3498752261579225,0.7017016039811945,-0.9773487965988648
-0.04539499357114716,-0.875403363103171,-0.8521743006154523,-0.16762271732392425,-0.5153756884527319,2.0985093844359732,1.5491855090888014,0.14133512316836136,0.22795878552305976,1.7588913925777963,-0.40212736491231843
0.3007254482677556,-0.48864604658410776,-0.7704953961790733,-0.10590743459858892,-0.2989235824682051,1.4592661755062721,1.3636723292255408,0.3479303944520094,-0.03602155344984944,2.551783734025248,-0.4843018551532534
-0.44920217571653354,-1.358850008752,0.6997248836757523,-0.9699213927532815,0.17727105069775392,0.9362490045637895,-0.190000552129266,-0.9054142513353535,0.491939124495969,1.7588913925777963,0.41961753749703434
-0.39151543541004996,-1.2621606796222342,0.8630826925485108,1.3752593508094553,0.2638518930915644,1.749831270474318,0.48248472487505334,1.0641273349019256,0.4259440397527402,1.846990541627513,-0.23777838443044702
0.3007254482677556,-1.2621606796222342,0.04629364818471899,-1.0110649145701716,-0.5586661096496373,-0.4584634512828308,-1.4885928111720896,-1.394356393373314,0.29395387026628855,-0.7078847808142741,1.323536930147322
-0.1607684741841144,0.47824724471355023,0.04629364818471899,0.14095369630275165,0.913208211045145,0.0064407006660426236,0.4361064299092382,0.5614121747784139,-0.5639822313956678,-0.0911907374662564,-1.0595232868397997
0.41609892888072386,0.1881792573242526,-0.6071375873063147,-0.9082061100279463,-0.21234274007439433,0.6456839095957436,0.9462676745332046,-0.7745705795224083,-0.03602155344984944,0.6136024549314787,0.5839665179789058
0.18535196765478837,-0.48864604658410776,-0.03538525625166028,-1.0110649145701716,-0.12576189768058385,0.6456839095957436,-0.6305943543045097,-0.898527742292597,-1.0259478245982576,1.4064947963789296,0.17309406677422937
1.339086773784465,-1.4555393378817658,-0.688816491742694,-0.9904931536617264,-0.5586661096496373,-1.155819679206141,-1.1871338938942912,-1.153328576875731,-1.4219183330576213,-0.8840830789137074,0.5017920277379693
-0.7376358772489527,-0.6820247048436395,0.04629364818471899,0.14095369630275165,-0.6885373732403534,0.0645537196596518,-1.0711881564797534,-0.8227761428219325,0.8219145482121041,-0.35548818461540654,1.5700604008701284
1.6852072156233688,1.1550725486219109,0.618045979239373,0.4701018708378725,0.17727105069775392,-1.155819679206141,-0.35232458450961895,1.4153392960841082,1.2838801414146965,-0.003091588416539527,-1.0595232868397997
-1.0837563190878554,0.5749365738433161,-0.19874306512441883,-0.805347305485721,-0.6885373732403534,0.18077975764687015,0.11145836514853233,-1.6767032641275885,1.3498752261579225,-0.7078847808142741,1.89875836183387
-0.2761419547970827,-1.5522286670115315,-0.688816491742694,-0.9287778709363915,-0.2989235824682051,-0.8071415652444859,-0.14362225716345087,-0.9123007603781481,0.02997353129337933,-0.35548818461540654,0.5017920277379693
3.185062463591947,3.6206504414309384,-1.0155321094882108,-0.805347305485721,-0.2989235824682051,-0.8071415652444859,-0.3987028794754341,-0.657499925795014,-1.2899281635711668,4.489965013119018,1.6522348911110634
-0.04539499357114716,-0.1985780591948104,0.5363670748029942,0.3260995444787573,0.004109365910132342,0.5875708906021344,0.9694568220161122,0.7025856101555702,0.02997353129337933,-0.003091588416539527,-1.0595232868397997
-1.0837563190878554,0.1881792573242526,-0.2804219695607981,-0.805347305485721,-0.6885373732403534,0.18077975764687015,0.11145836514853233,-1.6767032641275885,1.4158703109011512,-0.7078847808142741,1.89875836183387
0.18535196765478837,-1.2621606796222342,-0.2804219695607981,1.5192616771685707,0.13398062950084852,0.6456839095957436,-0.3987028794754341,1.1192194072442445,0.02997353129337933,-1.1483805260628581,-0.8951743063579298
1.2237132931714978,0.8650045612326133,-0.19874306512441883,-0.630487337763938,-0.3855044248620159,-1.7369498691422327,-2.62486103783456,-0.9260737784637374,-0.03602155344984944,-1.1483805260628581,1.077013459424517
0.41609892888072386,0.6716259029730814,-0.688816491742694,-0.06476391278169895,-0.6019565308465427,-0.6909155272572675,-0.3987028794754341,-0.15478476567150232,-1.7518937567737565,1.4945939454286465,-0.23777838443044702
0.41609892888072386,0.3815579155837844,-0.7704953961790733,-0.06476391278169895,-0.5586661096496373,-0.6909155272572675,-0.3987028794754341,-0.15478476567150232,-1.8178888415169852,1.4945939454286465,-0.23777838443044702
0.8775928513325939,-1.745607325271063,-0.03538525625166028,-1.0110649145701716,-0.645246952043448,-0.10978533732117574,-1.0248098615139383,-0.981165850806018,-0.8939576551118029,1.6707922435280802,0.5017920277379693
-0.7376358772489527,-0.2952673883245763,-0.19874306512441883,-0.5584861745843802,-0.6885373732403534,-0.16789835631478492,0.29697154501179285,-1.256626212517536,-0.10201663819307528,-1.588876271311442,1.159187949665452
0.3007254482677556,0.28486858645401847,-1.3422477272337274,-1.0110649145701716,-0.16905231887748895,-0.8071415652444859,0.15783666011434747,-0.25808240131330723,-0.43199206190921324,-0.7959839298639905,-0.8129998161169948
0.8775928513325939,-0.9720926922329369,-0.4437797784335562,0.24381250084497694,-0.21234274007439433,-0.34223741329561247,-0.6305943543045097,0.9401701721317368,0.02997353129337933,-0.6197856317645573,-1.1416977770807362
1.339086773784465,-1.0687820213627024,-0.3621008739971774,-0.7230602618519408,-0.7318277944372586,0.9943620235573987,-0.42189202695834166,-1.497654029015119,-1.0919429093414863,-1.4126779732120083,1.89875836183387
0.41609892888072386,-0.875403363103171,-0.5254586828699355,1.0872546980912243,0.6534656838637127,0.6456839095957436,0.2737823975288853,1.353360714699033,-1.3559232483143926,0.8778999020806283,-1.0595232868397997
0.8775928513325939,0.3815579155837844,-0.688816491742694,0.7375347626476585,-0.6885373732403534,-1.155819679206141,-0.02767651974891306,-0.04115736646548633,-0.6299773161388937,-0.44358733366512343,1.2413624399063872
-0.2761419547970827,-0.6820247048436395,-0.3621008739971774,-0.8464908273026112,-0.8616990580279749,0.0064407006660426236,-0.21318969961217357,-0.6747161984019815,1.151889971928242,-0.0911907374662564,0.5017920277379693
0.18535196765478837,-1.1654713504924683,0.2096514570574771,-0.6819167400350507,-0.7318277944372586,-0.4003504322892216,-0.9088641240994005,-0.8709817061214185,-0.5639822313956678,-1.0602813770131412,0.5017920277379693
-0.2761419547970827,-0.39195671745434213,0.37300926593023565,0.42895834902098257,-0.16905231887748895,1.2268140995318353,1.1549700018793727,0.6819260830272245,0.09596861603660517,-0.26738903556568966,-1.1416977770807362
0.06997848704182111,0.1881792573242526,-0.688816491742694,-0.5379144136759353,-0.21234274007439433,-0.5165764702764399,-0.3059462895438038,0.16888115933953993,-0.10201663819307528,0.08500756063317735,-1.0595232868397997
-0.7376358772489527,-0.005199400935278622,-0.5254586828699355,0.9021088499152191,-0.6885373732403534,-0.5165764702764399,-0.6769726492703249,0.03115097848376181,0.02997353129337933,-1.1483805260628581,0.09091957653329293
0.06997848704182111,0.28486858645401847,-0.11706416068803956,-0.9699213927532815,-0.9482799004217854,-0.8652545842380951,0.6679979047383139,-0.5886348353671441,-0.9599527398550317,0.43740415683204487,-0.6486508356351234
-0.1607684741841144,-0.48864604658410776,-0.688816491742694,-0.8876343491195011,-0.4287948460589213,-0.4003504322892216,0.1346475126314399,-0.42335861834022565,0.6899243787256494,0.43740415683204487,-0.23777838443044702
-1.314503280313791,-0.48864604658410776,-0.4437797784335562,0.768392404010326,-0.90498947922488,-0.5165764702764399,-0.3755137319925265,-0.4440181454685714,0.5579342092391948,-0.9721822279634242,0.5839665179789058
-0.39151543541004996,-0.5853353757138736,1.353156119166786,2.156986265330367,0.09069020830394313,0.0645537196596518,1.0390242644648349,1.8078703115230204,-1.157937994084712,-0.003091588416539527,-1.470395738044476
0.18535196765478837,-0.9720926922329369,0.2913303614938564,-0.9082061100279463,-0.12576189768058385,-1.0977066602125318,-0.7697292392019551,-0.5610887991959655,-0.10201663819307528,0.08500756063317735,0.17309406677422937
-0.39151543541004996,1.7352085234005057,-0.19874306512441883,-0.18819447823236923,-0.8184086368310695,-1.155819679206141,-1.5117819586549972,-0.7366947797870569,0.4259440397527402,0.9659990511303452,0.7483154984607757
-0.39151543541004996,-0.48864604658410776,0.2096514570574771,2.1364145044219223,-0.3422140036651105,0.47134485261491604,-0.09724396219763574,1.8767354019508904,0.4259440397527402,-0.7078847808142741,-1.470395738044476
-0.2761419547970827,-0.1985780591948104,0.37300926593023565,0.12038193539430667,5.372121594326398,1.9241703274551456,1.4796180666400787,0.6233907561635273,-0.03602155344984944,-0.9721822279634242,-0.9773487965988648
-0.1607684741841144,-0.1985780591948104,0.4546881703666149,0.09981017448586167,5.4154120155233025,1.6917182514807088,1.456428919157171,0.6302772652062838,-0.03602155344984944,-0.9721822279634242,-0.9773487965988648
0.7622193707196266,-0.005199400935278622,0.4546881703666149,0.8815370890067737,-0.039181055286773056,1.401153156512663,1.6651312465033392,1.174311479586525,-0.2340068076795299,1.230296498279496,-0.8129998161169948
-0.04539499357114716,-0.48864604658410776,0.6997248836757523,0.3055277835703123,-0.08247147648367845,1.2268140995318353,1.2013482968451878,0.6922558465913974,0.16196370077983394,-0.0911907374662564,-1.0595232868397997
1.1083398125585295,-0.2952673883245763,0.04629364818471899,1.601548720802351,-0.08247147648367845,1.8079442894679272,1.08540255943065,2.05578463706336,0.16196370077983394,2.2874862868760975,-1.3882212478035412
-1.4298767609267593,-0.7787140339734051,-0.9338532050518316,-0.9493496318448365,0.13398062950084852,-0.5746894892700491,0.41291728242633063,-0.2856284374844858,3.5937081074276507,-0.5316864827148403,-0.4843018551532534
-0.5068889160230172,-0.6820247048436395,0.8630826925485108,0.3055277835703123,-0.039181055286773056,0.7037969285893527,1.0390242644648349,0.6578233013774624,0.29395387026628855,-0.26738903556568966,-1.2238722673216713
-0.04539499357114716,-0.39195671745434213,0.2913303614938564,0.31581366402453476,-0.12576189768058385,1.401153156512663,1.1781591493622803,0.6888125920699809,0.02997353129337933,0.08500756063317735,-0.9773487965988648
1.1083398125585295,-0.2952673883245763,-0.4437797784335562,0.2643842617534221,-0.25563316127129976,0.6456839095957436,0.9694568220161122,0.5579689202570357,-0.3659969771659845,0.9659990511303452,-0.40212736491231843
-0.04539499357114716,-1.1654713504924683,-0.3621008739971774,0.922680610823664,0.004109365910132342,1.401153156512663,0.1346475126314399,0.47877406626495467,0.02997353129337933,-0.7959839298639905,0.17309406677422937
-1.8913706833786292,-0.005199400935278622,-0.3621008739971774,-0.9904931536617264,-0.775118215634164,-0.9814806222253134,-1.58134940110372,-0.726365016222884,0.29395387026628855,0.43740415683204487,-0.4843018551532534
0.7622193707196266,-0.9720926922329369,-0.19874306512441883,0.12038193539430667,-0.7318277944372586,1.0524750425510079,0.5288630198408685,-0.3544935279123557,-1.0919429093414863,-0.9721822279634242,0.2552685570151644
0.7622193707196266,-0.1985780591948104,-0.2804219695607981,-0.27048152186614954,-0.8184086368310695,-0.34223741329561247,-1.0479990089968458,-1.0121551414985748,-0.30000189242275865,-0.9721822279634242,1.159187949665452
1.5698337350103995,0.8650045612326133,2.496660781276095,1.6426922426192412,-0.12576189768058385,-0.7490285462508767,0.7839436421528517,1.701129421359799,-1.3559232483143926,2.727982032124682,-1.0595232868397997
0.8775928513325939,1.1550725486219109,-0.5254586828699355,-0.14705095641547908,-0.6885373732403534,-0.16789835631478492,-0.8392966816506778,-0.7125919981372947,0.16196370077983394,1.142197349229779,1.4057114203882586
0.7622193707196266,-0.1985780591948104,-0.688816491742694,-0.8670625882110562,-0.3422140036651105,-0.34223741329561247,-0.190000552129266,-0.2305363651421669,1.6798506498740604,0.6136024549314787,-0.15560389418951204
0.06997848704182111,-0.48864604658410776,-0.11706416068803956,2.156986265330367,-0.039181055286773056,1.5754922134934903,0.36653898746051555,1.174311479586525,0.16196370077983394,-0.6197856317645573,-0.07342940394857704
-1.775997202765662,-0.7787140339734051,-0.19874306512441883,-0.47619913095060007,-0.4287948460589213,-0.7490285462508767,-1.0711881564797534,-0.3476070188695611,1.4158703109011512,0.08500756063317735,-0.6486508356351234
-0.39151543541004996,-1.0687820213627024,-0.19874306512441883,-0.9082061100279463,-0.21234274007439433,-0.05167231832756655,-0.3755137319925265,-0.9880523598488127,-0.8939576551118029,-0.26738903556568966,-0.07342940394857704
-0.39151543541004996,0.6716259029730814,-0.4437797784335562,1.3341158289925652,0.22056147189465902,2.9702046693401107,1.7578878364349693,0.8299860274471372,-0.2340068076795299,0.17310670968289424,-0.5664763453941885
-0.39151543541004996,0.09148992819448672,-0.19874306512441883,-0.8670625882110562,-0.4720852672558264,-0.6328025082636584,-1.3494579262746442,-1.1223392861831745,0.491939124495969,1.7588913925777963,0.6661410082198408
-0.04539499357114716,0.1881792573242526,-0.9338532050518316,0.05866665266897152,0.6101752626668073,0.3551188146276977,1.2245374443280954,1.6494806035388965,-0.10201663819307528,0.17310670968289424,-1.1416977770807362
1.2237132931714978,2.2186551690493346,0.2096514570574771,0.05866665266897152,0.22056147189465902,-0.28412439430200326,0.8303219371186668,1.587502022153783,-0.6959724008821225,0.349305007782328,-0.7308253258760599
1.2237132931714978,2.2186551690493346,0.04629364818471899,-0.6819167400350507,0.13398062950084852,-1.2720457171933592,-0.05086566723182062,-0.15134151115012412,-0.6959724008821225,0.17310670968289424,-0.4843018551532534
0.3007254482677556,0.09148992819448672,-0.4437797784335562,0.6963912408307684,0.09069020830394313,0.8781359855701802,0.08826921766562476,0.38236293966594437,-0.43199206190921324,-0.003091588416539527,-0.23777838443044702
0.6468458901066594,-0.7787140339734051,-0.4437797784335562,0.6552477190138781,0.04739978710703774,-0.34223741329561247,-0.9784315665481231,0.5269796295644789,-0.2340068076795299,-0.1792898865159733,-0.6486508356351234
0.06997848704182111,3.233893124911875,0.6997248836757523,1.2518287853587848,0.913208211045145,-0.6328025082636584,-0.14362225716345087,1.1984142612362874,-0.03602155344984944,-1.3245788241622913,-1.0595232868397997
-0.04539499357114716,0.3815579155837844,-0.4437797784335562,-0.2293380000492594,-0.5153756884527319,-0.5746894892700491,-0.8624858291335854,-1.2153071582608064,-0.7619674856253483,-0.1792898865159733,1.4878859106291935
-0.6222623966359855,-0.7787140339734051,-1.1788899183609691,1.3135440680841202,0.09069020830394313,1.110588061544617,0.181025807597255,0.9952622444740556,-0.2340068076795299,-0.6197856317645573,-1.0595232868397997
1.339086773784465,-0.48864604658410776,-0.4437797784335562,-0.6613449791266055,0.09069020830394313,0.8200229665765711,0.6448087572554063,0.4856605753077493,0.4259440397527402,2.023188839726947,-0.8951743063579298
-0.1607684741841144,-0.1018887300650445,-0.03538525625166028,-0.47619913095060007,-0.5153756884527319,-1.504497793167796,-2.1378889406935015,-0.8090031247363432,-0.7619674856253483,-0.7959839298639905,-0.07342940394857704
-0.1607684741841144,1.5418298651409739,-0.9338532050518316,-0.3321968045914847,-0.6019565308465427,-0.9233676032317042,-0.885674976616493,-1.2531829579961578,0.4259440397527402,0.349305007782328,1.816583871592935
0.18535196765478837,0.5749365738433161,-0.2804219695607981,-0.8464908273026112,-0.039181055286773056,0.5294578716085252,0.11145836514853233,-0.8227761428219325,-1.3559232483143926,-0.35548818461540654,0.17309406677422937
0.5314724094936911,-0.1985780591948104,-0.03538525625166028,1.210685263541895,0.4803039990760914,0.7619099475829619,-0.23637884709508114,1.0813436075088931,-0.6299773161388937,0.5255033058817618,-0.4843018551532534
-1.1991297997008237,-1.0687820213627024,0.04629364818471899,-0.8464908273026112,-0.039181055286773056,3.5513348592762024,0.7607544946699442,-1.184317867568288,1.2178850566714678,3.6089735226218496,0.9948389691835822
-0.04539499357114716,-1.0687820213627024,0.2096514570574771,-0.9287778709363915,-0.4287948460589213,0.18077975764687015,-0.6769726492703249,-1.2841722486886764,-0.03602155344984944,1.4945939454286465,1.159187949665452
0.3007254482677556,1.445140536011208,-0.2804219695607981,0.14095369630275165,-0.90498947922488,-1.155819679206141,0.01870177521690207,-0.8709817061214185,-0.10201663819307528,-0.26738903556568966,1.6522348911110634
-1.1991297997008237,0.3332132510189014,-0.5254586828699355,-0.8979202295737239,-0.8616990580279749,-1.155819679206141,-1.5581602536208123,-1.325491302945406,1.151889971928242,-0.7959839298639905,1.077013459424517
-1.0837563190878554,-1.0687820213627024,-0.4437797784335562,-1.0727801972955067,-0.8184086368310695,-1.7369498691422327,-2.5321044479029298,-1.3564805936379627,-0.43199206190921324,-1.500777122261725,0.008745086292357939
-0.2761419547970827,0.5749365738433161,-1.2605688227973484,0.09981017448586167,1.5625645289987253,0.7037969285893527,2.3839948184734734,1.1398789343725901,1.481865395644377,-0.0911907374662564,-1.1416977770807362
2.0313276574622705,0.47824724471355023,0.04629364818471899,1.210685263541895,0.5668848414699019,0.4132318336213069,2.3839948184734734,1.7321187120523558,-0.16801172293630404,0.2612058587326111,-0.4843018551532534
-1.4298767609267593,-1.5522286670115315,-0.6071375873063147,-0.3321968045914847,-0.3422140036651105,-0.9814806222253134,-0.9320532715823081,0.33760063088783654,1.0858948871850131,-0.26738903556568966,-1.1416977770807362
-1.1991297997008237,-1.4555393378817658,-0.6071375873063147,-0.16762271732392425,-0.2989235824682051,-0.9233676032317042,-0.7929183866848627,0.34104388540921476,1.0858948871850131,-0.1792898865159733,-1.0595232868397997
0.9929663319455622,-0.9720926922329369,0.1279725526210978,-0.02362039096480879,0.3937231566822806,-0.5746894892700491,0.15783666011434747,0.6784828285058081,0.29395387026628855,0.43740415683204487,-0.31995287467138345
0.9929663319455622,-1.1654713504924683,0.2096514570574771,-0.0030486300563636226,0.35043273548537524,-0.5746894892700491,0.2505932500459777,0.6853693375486027,0.3599489550095144,0.43740415683204487,-0.31995287467138345
-0.9683828384748883,-0.1985780591948104,-1.505605536106486,-0.9493496318448365,0.6101752626668073,0.9362490045637895,0.38972813494342307,-0.08591967524363238,-0.3659969771659845,0.17310670968289424,-1.5525702282854126
0.5314724094936911,0.3815579155837844,0.1279725526210978,-0.9287778709363915,0.17727105069775392,-1.562610812161405,0.5984304622895912,-0.4646776725969553,0.29395387026628855,-0.6197856317645573,0.09091957653329293
0.9929663319455622,0.1881792573242526,0.04629364818471899,-0.9699213927532815,0.09069020830394313,-1.795062888135842,-0.42189202695834166,-1.015598396019953,-0.10201663819307528,-1.3245788241622913,1.2413624399063872
1.2237132931714978,-1.1654713504924683,-0.2804219695607981,0.3055277835703123,0.17727105069775392,1.3430401375190537,0.343349839977608,0.8024399912759969,-0.4979871466524391,-1.0602813770131412,-0.8951743063579298
-0.5068889160230172,-0.1018887300650445,-0.3621008739971774,1.0049676544574444,-0.775118215634164,-1.0395936412189226,-0.4450811744412492,-0.07903316620083774,-0.10201663819307528,-1.0602813770131412,0.5017920277379693
0.06997848704182111,-1.1654713504924683,0.2913303614938564,-0.8464908273026112,-0.5153756884527319,0.0645537196596518,-0.9784315665481231,-1.4701079928439786,-1.7518937567737565,0.8778999020806283,1.159187949665452
-0.5068889160230172,1.5418298651409739,0.8630826925485108,1.7455510471614666,0.09069020830394313,-0.34223741329561247,2.105725048678583,1.9834762921141116,0.4259440397527402,0.43740415683204487,-1.470395738044476
-0.6222623966359855,-0.7787140339734051,-0.7704953961790733,-0.8670625882110562,0.2638518930915644,0.0645537196596518,-0.05086566723182062,-0.017054584815762438,3.9896786158870117,1.4945939454286465,0.17309406677422937
-0.7376358772489527,0.09148992819448672,-0.11706416068803956,-0.47619913095060007,-0.8616990580279749,0.23889277664047934,0.01870177521690207,-1.5802921375285783,0.7559194634688782,-1.0602813770131412,2.06310734231574
0.8775928513325939,1.058383219492145,-0.11706416068803956,-0.47619913095060007,-0.4720852672558264,-0.7490285462508767,-1.0248098615139383,-0.8090031247363432,-0.7619674856253483,0.9659990511303452,1.5700604008701284
0.18535196765478837,0.7683152321028474,-0.11706416068803956,0.8506794476441064,-0.039181055286773056,0.12266673865326098,-0.14362225716345087,-0.09280618428642702,-0.6959724008821225,-1.4126779732120083,0.9126644789426457
0.18535196765478837,0.7683152321028474,-0.11706416068803956,0.9432523717321091,-0.039181055286773056,0.0064407006660426236,-0.05086566723182062,-0.09969269332918343,-0.6959724008821225,-1.4126779732120083,0.8304899887017108
0.8775928513325939,-0.7787140339734051,0.2096514570574771,-0.8259190663941661,-0.12576189768058385,-0.6328025082636584,-0.6074052068216022,-0.4887804542467174,0.6239292939824236,0.43740415683204487,0.5839665179789058
-0.1607684741841144,-0.7787140339734051,0.2913303614938564,-0.8773484686652788,-0.90498947922488,0.4132318336213069,-0.7929183866848627,-1.2290801763463957,-0.5639822313956678,-0.35548818461540654,0.6661410082198408
-0.7376358772489527,-0.4403013820192251,0.04629364818471899,-0.8259190663941661,-0.4287948460589213,-1.795062888135842,-0.4682703219241568,-1.1946476311324608,1.3498752261579225,-0.44358733366512343,1.323536930147322
1.1083398125585295,6.618019644453677,2.1699451635305778,12.319436154102227,1.2162411594234823,-1.562610812161405,0.5288630198408685,15.560228869970153,1.2838801414146965,1.7588913925777963,0.9126644789426457
0.3007254482677556,-0.7787140339734051,-0.19874306512441883,0.1923830985738643,0.30714231428846983,-0.16789835631478492,1.7115095414691543,0.7163586282411595,0.7559194634688782,0.8778999020806283,-0.15560389418951204
0.3007254482677556,-0.7787140339734051,-0.19874306512441883,0.3055277835703123,0.30714231428846983,-0.16789835631478492,1.7115095414691543,0.7163586282411595,0.7559194634688782,0.8778999020806283,-0.15560389418951204
-0.5068889160230172,-0.39195671745434213,-0.688816491742694,2.9387131798512796,1.6058549501956307,0.0064407006660426236,0.45929557739214577,2.05578463706336,-0.16801172293630404,0.08500756063317735,-1.2238722673216713
1.339086773784465,0.1881792573242526,0.2096514570574771,1.0461111762743343,-0.5153756884527319,-1.562610812161405,-1.5581602536208123,-0.08591967524363238,-0.9599527398550317,-0.7078847808142741,1.323536930147322
0.06997848704182111,1.1550725486219109,0.6997248836757523,0.05866665266897152,0.8699177898482396,0.3551188146276977,0.8998893795673895,0.5958447199923489,-0.4979871466524391,0.43740415683204487,-0.9773487965988648
0.06997848704182111,1.1550725486219109,0.7814037881121315,0.05866665266897152,0.8266273686513342,0.4132318336213069,0.9462676745332046,0.5958447199923489,-0.5639822313956678,0.349305007782328,-0.9773487965988648
-0.2761419547970827,-0.2952673883245763,1.4348350236031653,0.42895834902098257,0.04739978710703774,1.5173791944998813,1.2013482968451878,0.7748939551048566,0.16196370077983394,-0.003091588416539527,-1.1416977770807362
-0.04539499357114716,-0.1985780591948104,0.8630826925485108,0.4701018708378725,0.004109365910132342,0.9943620235573987,1.0622134119477424,0.7060288646769484,0.02997353129337933,0.17310670968289424,-0.9773487965988648
-0.39151543541004996,0.8650045612326133,-0.2804219695607981,-0.7642037836688309,-0.5586661096496373,0.23889277664047934,-0.7001617967532324,-1.669816755084794,0.16196370077983394,0.349305007782328,2.3918053032794813
-0.04539499357114716,0.6716259029730814,1.5981928324759238,0.8609653280983287,0.30714231428846983,0.12266673865326098,0.3201606924947004,0.8644185726610721,-0.8279625703685771,-0.7959839298639905,-0.9773487965988648
-0.5068889160230172,-0.5853353757138736,-0.11706416068803956,0.2643842617534221,-0.775118215634164,-1.155819679206141,-1.256701336343014,-0.2718554193988965,-0.43199206190921324,0.5255033058817618,0.2552685570151644
0.06997848704182111,0.28486858645401847,-0.11706416068803956,-0.8876343491195011,-0.4287948460589213,-0.05167231832756655,-0.5378377643728794,-1.070690468362272,-0.03602155344984944,-0.35548818461540654,0.6661410082198408
-0.1607684741841144,-1.1654713504924683,0.2913303614938564,-0.9493496318448365,-0.4287948460589213,0.5875708906021344,-0.28275714206089625,-1.4287889385872492,-0.03602155344984944,0.17310670968289424,1.4878859106291935
-1.4298767609267593,-1.2621606796222342,-0.19874306512441883,-0.1264791955070341,-0.3422140036651105,-1.562610812161405,-1.3494579262746442,-0.5128832358964796,0.6899243787256494,-0.8840830789137074,-0.07342940394857704
-1.5452502415397265,-1.2621606796222342,-0.11706416068803956,1.663264003527686,-0.645246952043448,-1.0977066602125318,-0.885674976616493,0.19987045003205844,0.4259440397527402,-0.9721822279634242,0.7483154984607757
0.5314724094936911,-0.7787140339734051,-0.6071375873063147,-0.8876343491195011,-0.25563316127129976,0.0645537196596518,-0.3291354370267114,-0.485337199725301,0.9539047176985587,-0.44358733366512343,0.17309406677422937
0.7622193707196266,-1.0687820213627024,3.0684131123307488,1.210685263541895,-0.3422140036651105,0.9943620235573987,0.2505932500459777,1.4532150958194214,-1.0919429093414863,-0.26738903556568966,-1.3882212478035412
0.7622193707196266,-0.9720926922329369,3.150092016767128,0.7581065235561034,-0.2989235824682051,1.0524750425510079,0.3201606924947004,1.4566583503408377,-1.0919429093414863,-0.26738903556568966,-1.3882212478035412
0.18535196765478837,-0.1018887300650445,1.1897983102940275,0.03809489176052635,-0.16905231887748895,1.4592661755062721,1.08540255943065,0.6440502832918731,0.02997353129337933,0.08500756063317735,-0.9773487965988648
-1.1991297997008237,0.3815579155837844,-0.19874306512441883,-0.6613449791266055,0.13398062950084852,-0.5746894892700491,0.36653898746051555,-1.07413372288365,1.6138555651308317,2.1112879887766636,1.323536930147322
1.1083398125585295,-0.1985780591948104,-0.19874306512441883,-0.47619913095060007,-0.90498947922488,-0.7490285462508767,-0.8624858291335854,-1.0775769774050665,-1.3559232483143926,-0.1792898865159733,1.2413624399063872
0.6468458901066594,0.1881792573242526,-0.11706416068803956,-0.8670625882110562,-0.6885373732403534,-0.6909155272572675,-0.21318969961217357,-0.3062879646128315,-0.16801172293630404,1.4945939454286465,0.2552685570151644
-0.1607684741841144,-1.1654713504924683,0.04629364818471899,-0.8876343491195011,-0.8616990580279749,-0.4584634512828308,-0.6537835017874173,-0.13412523854315664,0.9539047176985587,0.7898007530309115,-0.40212736491231843
-0.1607684741841144,-0.875403363103171,0.4546881703666149,-1.0110649145701716,-0.6019565308465427,-1.21393269819975,-1.5349711061379048,-1.6078381736997187,0.7559194634688782,-0.9721822279634242,1.9809328520748049
-0.2761419547970827,0.7683152321028474,-0.7704953961790733,-1.0316366754786166,-0.3422140036651105,-1.155819679206141,-1.5117819586549972,-1.0775769774050665,0.22795878552305976,-0.8840830789137074,0.33744304725609936
0.41609892888072386,-1.0687820213627024,0.618045979239373,-0.8876343491195011,0.2638518930915644,-0.6328025082636584,-0.2595679945779887,-0.5197697449392359,-0.03602155344984944,-0.003091588416539527,0.17309406677422937
-0.9683828384748883,-1.6489179961412974,1.1081194058576482,0.963824132640554,0.2638518930915644,1.9822833464487546,0.2505932500459777,0.6922558465913974,-1.883883926260211,-1.3245788241622913,-1.0595232868397997
-0.9683828384748883,-0.6820247048436395,0.04629364818471899,-0.805347305485721,-0.16905231887748895,1.6336052324870995,-0.3291354370267114,-1.1257825407045907,1.6138555651308317,-0.6197856317645573,0.6661410082198408
-0.1607684741841144,0.4299025801486673,3.96688106113092,-0.9699213927532815,4.5928940127821,0.8200229665765711,-0.3987028794754341,-0.2305363651421669,-1.3559232483143926,-0.9721822279634242,-1.1416977770807362
-0.2761419547970827,1.1550725486219109,1.0264405014212694,0.05866665266897152,0.437013577879186,0.4132318336213069,2.407183965956381,1.0365812987307852,2.0098260735901956,0.9659990511303452,-0.5664763453941885
-0.39151543541004996,-0.7787140339734051,-0.7704953961790733,0.6758194799223232,-0.08247147648367845,-0.5746894892700491,0.29697154501179285,0.42368199392267397,0.16196370077983394,-0.44358733366512343,-0.07342940394857704
0.8775928513325939,-0.1018887300650445,0.04629364818471899,-0.18819447823236923,-0.25563316127129976,-0.9814806222253134,-1.882808318381518,-1.015598396019953,-0.8939576551118029,-0.0911907374662564,1.4878859106291935
0.41609892888072386,-0.1985780591948104,0.5363670748029942,0.07923841357741651,0.04739978710703774,0.9943620235573987,0.8071327896357593,0.6681530649416352,-0.10201663819307528,0.349305007782328,-0.8951743063579298
-0.6222623966359855,-0.2952673883245763,-0.9338532050518316,-0.5379144136759353,0.09069020830394313,0.3551188146276977,0.552052167323776,-0.42335861834022565,-0.2340068076795299,0.08500756063317735,-0.07342940394857704
-0.39151543541004996,-0.5853353757138736,0.94476159698489,0.42895834902098257,0.30714231428846983,0.9943620235573987,1.3636723292255408,0.7266883918053323,0.22795878552305976,-0.0911907374662564,-1.2238722673216713
-0.5068889160230172,-1.358850008752,-0.19874306512441883,-0.9699213927532815,-0.5153756884527319,1.0524750425510079,0.01870177521690207,-1.015598396019953,1.2178850566714678,-1.2364796751125748,0.7483154984607757
0.3007254482677556,-0.1985780591948104,-0.11706416068803956,2.1158427435134772,-0.08247147648367845,-0.22601137530839407,0.7607544946699442,0.9126241359605964,-0.16801172293630404,-1.0602813770131412,0.5017920277379693
-0.2761419547970827,-0.5853353757138736,0.04629364818471899,1.1695417417250047,0.17727105069775392,1.401153156512663,0.06508007018271719,0.5063201024361332,0.16196370077983394,-0.7959839298639905,0.17309406677422937
-0.2761419547970827,1.6385191942707398,0.7814037881121315,0.2643842617534221,0.7833369474544288,-0.22601137530839407,1.1317808543964651,0.5545256657356192,-0.4979871466524391,-0.44358733366512343,-0.9773487965988648
-0.2761419547970827,-1.0687820213627024,-0.2804219695607981,-0.9904931536617264,-0.645246952043448,-1.2720457171933592,-1.4885928111720896,-0.9777225962846399,-0.16801172293630404,0.7898007530309115,0.33744304725609936
0.41609892888072386,1.5418298651409739,-0.4437797784335562,-0.5173426527674903,0.09069020830394313,-0.7490285462508767,-0.5842160593386946,-0.657499925795014,0.09596861603660517,-1.0602813770131412,0.5839665179789058
-0.7376358772489527,-1.2621606796222342,-0.5254586828699355,-0.9287778709363915,-0.21234274007439433,0.9362490045637895,-0.4682703219241568,-0.9949388688916073,0.5579342092391948,-0.9721822279634242,0.5017920277379693
0.5314724094936911,-0.1985780591948104,-0.2804219695607981,0.6963912408307684,0.17727105069775392,0.0064407006660426236,0.38972813494342307,0.6956991011127756,0.09596861603660517,0.08500756063317735,-0.15560389418951204
0.06997848704182111,-1.2621606796222342,-0.3621008739971774,-0.7436320227603859,-0.5586661096496373,-1.21393269819975,-1.2798904838259215,-0.8503221789930728,-0.6299773161388937,0.7898007530309115,0.5017920277379693
-1.1991297997008237,-0.5853353757138736,-0.3621008739971774,-1.0316366754786166,-0.5153756884527319,-0.05167231832756655,-1.1175664514455685,-1.5252000651862594,-0.3659969771659845,-1.1483805260628581,0.41961753749703434
-0.39151543541004996,0.8650045612326133,-0.03538525625166028,-0.4967708918590451,-0.4287948460589213,-0.6909155272572675,-1.0479990089968458,-0.8365491609074835,-0.10201663819307528,-0.9721822279634242,0.5017920277379693
-1.5452502415397265,0.9133492257974961,0.37300926593023565,-0.8670625882110562,-0.4287948460589213,-1.0395936412189226,-0.9088641240994005,-0.8158896337791378,0.6239292939824236,-0.8840830789137074,-0.07342940394857704
-1.0837563190878554,-0.7787140339734051,0.5363670748029942,-0.9493496318448365,0.04739978710703774,-0.6909155272572675,-1.0479990089968458,-0.5059967268536849,0.02997353129337933,-0.35548818461540654,-0.4843018551532534
-1.0837563190878554,-0.5853353757138736,0.37300926593023565,-0.9493496318448365,0.004109365910132342,-0.6328025082636584,-1.094377303962661,-0.5059967268536849,0.02997353129337933,-0.1792898865159733,-0.4843018551532534
1.339086773784465,-0.5853353757138736,-0.19874306512441883,-0.06476391278169895,0.13398062950084852,-0.6328025082636584,-0.9320532715823081,-0.2718554193988965,-0.6299773161388937,-0.6197856317645573,0.2552685570151644
-0.39151543541004996,-0.5853353757138736,-0.3621008739971774,0.3055277835703123,-0.775118215634164,-1.0977066602125318,-1.1639447464113837,-0.2339796196635451,-0.30000189242275865,0.6136024549314787,0.2552685570151644
-1.1991297997008237,-0.7787140339734051,0.04629364818471899,-1.0110649145701716,-0.4720852672558264,0.2970057956340885,-1.1871338938942912,-1.3289345574668223,2.0098260735901956,-0.6197856317645573,0.9126644789426457
-0.2761419547970827,0.28486858645401847,-2.1590367715975196,-0.9082061100279463,-0.5586661096496373,1.168701080538226,0.15783666011434747,-0.5886348353671441,-0.2340068076795299,-0.6197856317645573,-0.4843018551532534
0.9929663319455622,1.445140536011208,0.2913303614938564,0.8403935671898838,5.328831173129492,-0.7490285462508767,1.6883203939862468,1.3671337327845838,-1.157937994084712,1.3183956473292127,-0.8951743063579298
-0.1607684741841144,-0.39195671745434213,-0.3621008739971774,1.848409851703692,0.30714231428846983,1.168701080538226,-0.02767651974891306,1.5840587676324047,-1.0919429093414863,0.2612058587326111,-1.3060467575626062
0.5314724094936911,-0.48864604658410776,0.04629364818471899,0.6963912408307684,0.2638518930915644,-0.9233676032317042,-1.1871338938942912,0.6715963194630135,-1.0259478245982576,0.6136024549314787,-0.4843018551532534
1.2237132931714978,-0.7787140339734051,0.4546881703666149,-1.0110649145701716,-0.21234274007439433,0.12266673865326098,0.38972813494342307,-0.9846091053274345,-0.7619674856253483,-0.5316864827148403,1.077013459424517
-1.775997202765662,-1.1654713504924683,0.4546881703666149,-1.0110649145701716,-0.775118215634164,0.2970057956340885,-0.8392966816506778,-0.7676840704796136,2.471791666792785,0.8778999020806283,0.008745086292357939
-0.5068889160230172,-0.6820247048436395,-0.4437797784335562,-0.0030486300563636226,0.04739978710703774,-0.34223741329561247,-0.8392966816506778,-0.3476070188695611,-0.30000189242275865,-0.7959839298639905,0.33744304725609936
0.06997848704182111,0.47824724471355023,-0.6071375873063147,-0.18819447823236923,-0.8184086368310695,0.6456839095957436,0.1346475126314399,-0.47845069068254453,0.3599489550095144,-0.5316864827148403,0.5017920277379693
-1.4298767609267593,-0.9720926922329369,2.0065873546578192,-0.959635512299059,-0.5153756884527319,-0.34223741329561247,-0.190000552129266,-1.359923848159341,2.0758211583334214,0.9659990511303452,1.159187949665452
-0.2761419547970827,0.09148992819448672,-0.19874306512441883,-0.4144838482252649,-0.8184086368310695,0.23889277664047934,-0.9552424190652156,-1.184317867568288,0.29395387026628855,0.9659990511303452,1.6522348911110634
-0.2761419547970827,-0.6820247048436395,0.2096514570574771,-1.0522084363870619,-0.5153756884527319,0.7619099475829619,-0.561026911855787,-0.7366947797870569,0.29395387026628855,1.6707922435280802,-0.07342940394857704
0.5314724094936911,-0.6820247048436395,-0.03538525625166028,-1.0110649145701716,-0.3855044248620159,1.8079442894679272,0.15783666011434747,-0.5128832358964796,-0.5639822313956678,0.2612058587326111,-0.31995287467138345
-2.0067441639915975,-1.6489179961412974,-0.11706416068803956,-0.8876343491195011,-0.775118215634164,-1.3301587361869684,-1.094377303962661,-1.27728573964592,2.471791666792785,0.2612058587326111,1.323536930147322
-0.39151543541004996,-1.2621606796222342,-0.11706416068803956,-0.9493496318448365,-0.4287948460589213,-0.9233676032317042,-1.419025368723367,-1.4287889385872492,-0.10201663819307528,-0.7078847808142741,1.4057114203882586
-1.4298767609267593,-0.875403363103171,1.0264405014212694,-0.9904931536617264,-0.6019565308465427,-0.10978533732117574,-0.5146486168899719,-0.9949388688916073,1.0858948871850131,0.08500756063317735,-0.15560389418951204
-0.1607684741841144,1.9285871816600368,-0.11706416068803956,-0.9287778709363915,-1.0781511640125014,-0.7490285462508767,-0.3755137319925265,-1.6835897731703833,-0.30000189242275865,0.349305007782328,1.7344093813519985
-0.7376358772489527,-0.48864604658410776,-0.8521743006154523,-0.9699213927532815,-1.2080224276032177,-0.9814806222253134,-0.21318969961217357,-0.6919324710089491,-0.9599527398550317,-1.853173718460592,0.008745086292357939
-0.9683828384748883,-1.0687820213627024,-0.3621008739971774,-0.18819447823236923,-0.775118215634164,-0.5746894892700491,-0.6769726492703249,-1.0431444321911316,-0.3659969771659845,-1.3245788241622913,1.4057114203882586
-0.1607684741841144,-1.2621606796222342,0.37300926593023565,-0.8670625882110562,-0.3855044248620159,-0.8652545842380951,-1.2335121888601064,-1.1464420678329366,-0.6959724008821225,0.349305007782328,0.6661410082198408
-3.045105489508306,-1.0687820213627024,0.2096514570574771,-0.8464908273026112,-0.7318277944372586,3.376995802295375,0.552052167323776,-1.3082750303384385,2.9997523447386034,3.520874373572133,1.159187949665452
-1.1991297997008237,-0.6820247048436395,-0.11706416068803956,-0.8876343491195011,-0.039181055286773056,0.18077975764687015,-0.9784315665481231,-1.4907675199723245,0.22795878552305976,3.9613701188207164,1.4878859106291935
-1.6606237221526938,-0.48864604658410776,0.2096514570574771,-0.9082061100279463,-0.6885373732403534,2.2728484414168006,-0.3755137319925265,-1.3874698843305195,0.29395387026628855,4.4018658640693005,1.2413624399063872
-0.5068889160230172,-0.5853353757138736,-0.19874306512441883,1.6426922426192412,-0.25563316127129976,1.2849271185254445,-0.05086566723182062,1.009035262559645,0.09596861603660517,-0.9721822279634242,0.09091957653329293
-0.39151543541004996,-1.2621606796222342,1.7615506413486823,-0.0030486300563636226,-0.039181055286773056,2.3309614604104096,0.5752413148066836,0.35481690349480405,-1.4879134178008473,-0.7959839298639905,-1.0595232868397997
-1.0837563190878554,0.3815579155837844,-0.03538525625166028,-0.7847755445772759,-0.8184086368310695,0.0064407006660426236,0.01870177521690207,-1.4942107744937025,1.151889971928242,-0.6197856317645573,1.7344093813519985
-1.314503280313791,0.8650045612326133,-0.2804219695607981,-0.9904931536617264,-0.7318277944372586,-0.6328025082636584,-1.1407555989284761,-1.7076925548201454,-0.10201663819307528,-0.8840830789137074,0.9126644789426457
1.2237132931714978,-0.2952673883245763,0.1279725526210978,0.16152545721119682,-0.2989235824682051,-0.7490285462508767,-1.6972951385182578,-0.058373639072492045,-1.7518937567737565,-0.003091588416539527,0.09091957653329293
0.41609892888072386,-0.6820247048436395,-0.4437797784335562,-0.6613449791266055,-0.5586661096496373,0.18077975764687015,-1.0016207140310307,-1.04658768671251,-1.3559232483143926,-0.5316864827148403,0.9948389691835822
0.18535196765478837,-0.39195671745434213,-0.2804219695607981,0.16152545721119682,-0.2989235824682051,0.12266673865326098,-0.28275714206089625,0.19642719551068025,0.02997353129337933,-0.8840830789137074,-0.5664763453941885
-0.04539499357114716,1.8802425170951538,-0.03538525625166028,-0.40419796777104233,0.04739978710703774,-1.0977066602125318,-1.303079631308829,-1.3461508300737899,0.22795878552305976,0.349305007782328,2.309630813038546
0.18535196765478837,-0.005199400935278622,-0.11706416068803956,0.3775289467498699,-0.6019565308465427,-0.28412439430200326,-0.5378377643728794,-0.760797561436819,-0.4979871466524391,1.3183956473292127,1.816583871592935
0.06997848704182111,1.1550725486219109,-0.2804219695607981,0.963824132640554,-0.5586661096496373,-0.6328025082636584,-1.1639447464113837,-0.3923693276476689,-0.30000189242275865,-0.35548818461540654,1.816583871592935
-0.2761419547970827,1.2517618777516761,-0.19874306512441883,-0.8876343491195011,-0.16905231887748895,-0.9814806222253134,-0.8392966816506778,-0.633397144145252,-0.43199206190921324,-0.7078847808142741,-0.07342940394857704
-0.5068889160230172,-0.7787140339734051,-0.4437797784335562,-0.7024885009434957,-0.6019565308465427,-0.6328025082636584,-1.2335121888601064,-0.726365016222884,0.7559194634688782,0.5255033058817618,0.7483154984607757
1.9159541768493034,-0.5853353757138736,0.04629364818471899,-1.0727801972955067,-0.25563316127129976,-1.7369498691422327,-2.6016718903516525,-0.6850459619661544,-1.0259478245982576,-1.0602813770131412,-0.07342940394857704
1.800580696236336,0.7683152321028474,0.2096514570574771,1.0666829371827793,-0.6019565308465427,-0.8071415652444859,-0.12043310968054331,-0.22709311062078869,-1.6199035872873018,-0.8840830789137074,1.9809328520748049
-1.8913706833786292,0.04314526362960378,-0.3621008739971774,-0.15733683686970157,-0.4720852672558264,1.6917182514807088,0.01870177521690207,-1.4769945018867352,-0.03602155344984944,-1.3245788241622913,1.4878859106291935
0.06997848704182111,-0.7787140339734051,-0.2804219695607981,-0.24990976095770437,-0.21234274007439433,0.2970057956340885,0.2505932500459777,-0.20299032897102656,-0.2340068076795299,-1.2364796751125748,-0.31995287467138345
-0.1607684741841144,1.348451206881442,1.0264405014212694,0.7786782844645485,0.35043273548537524,1.8660573084615364,2.2448599335760284,1.6150480583249616,0.22795878552305976,0.08500756063317735,-1.3060467575626062
-0.7376358772489527,-1.1654713504924683,0.04629364818471899,-0.8670625882110562,-0.3422140036651105,2.9120916503465013,0.36653898746051555,-0.9949388688916073,0.8879096329553328,3.2565769264229822,1.159187949665452
-0.5068889160230172,-1.5038840024466487,0.2096514570574771,-0.9287778709363915,-0.08247147648367845,-0.7490285462508767,-1.6045385485866275,-1.256626212517536,-0.30000189242275865,0.08500756063317735,0.9126644789426457
-0.5068889160230172,1.5418298651409739,-0.6071375873063147,-0.805347305485721,0.35043273548537524,-0.8652545842380951,0.9926459694990197,0.4856605753077493,2.537786751536014,0.7017016039811945,-0.4843018551532534
0.18535196765478837,0.28486858645401847,0.4546881703666149,0.3260995444787573,0.3937231566822806,0.4132318336213069,1.873833573849507,0.9401701721317368,1.151889971928242,0.43740415683204487,-0.23777838443044702
2.0313276574622705,-0.9720926922329369,-0.4437797784335562,-1.0522084363870619,-0.6019565308465427,-0.5746894892700491,-1.3726470737575518,-0.9467333055920831,-1.3559232483143926,-0.9721822279634242,0.41961753749703434
-0.7376358772489527,-0.6820247048436395,-0.6071375873063147,1.4781181553516805,0.17727105069775392,1.401153156512663,0.29697154501179285,1.353360714699033,0.7559194634688782,-0.26738903556568966,-1.3060467575626062
-0.853009357861921,-1.1654713504924683,0.2913303614938564,-0.9904931536617264,-0.645246952043448,0.12266673865326098,-0.9320532715823081,-0.5473157811104145,1.3498752261579225,0.7898007530309115,-0.07342940394857704
-0.39151543541004996,-0.5853353757138736,-0.11706416068803956,-0.7642037836688309,-0.775118215634164,0.0645537196596518,-1.0479990089968458,-1.0431444321911316,0.491939124495969,0.8778999020806283,1.077013459424517
-0.7376358772489527,0.7683152321028474,-1.5872844405428652,0.6141041971969882,-0.4287948460589213,0.18077975764687015,0.41291728242633063,0.8368725364899319,0.491939124495969,0.08500756063317735,-0.9773487965988648
-1.314503280313791,-0.6820247048436395,-0.688816491742694,-0.9904931536617264,-0.4720852672558264,-0.5165764702764399,-1.303079631308829,-1.2359666853891904,0.7559194634688782,0.2612058587326111,0.6661410082198408
-0.5068889160230172,-0.2952673883245763,-0.11706416068803956,-1.0316366754786166,-0.5153756884527319,0.2970057956340885,-0.5378377643728794,-0.9123007603781481,0.7559194634688782,0.7898007530309115,0.17309406677422937
0.8775928513325939,0.28486858645401847,-0.6071375873063147,-0.8670625882110562,1.172950738226577,0.2970057956340885,0.45929557739214577,0.003604942312621482,-0.6299773161388937,-0.26738903556568966,-0.6486508356351234
-0.2761419547970827,-0.1985780591948104,1.0264405014212694,0.20266897902808698,0.04739978710703774,1.401153156512663,1.0622134119477424,0.7404614098909216,0.02997353129337933,-0.35548818461540654,-1.0595232868397997
-0.7376358772489527,-0.7787140339734051,-0.19874306512441883,-1.0110649145701716,-0.645246952043448,-0.7490285462508767,-1.4885928111720896,-1.184317867568288,0.29395387026628855,0.2612058587326111,0.5839665179789058
-0.7376358772489527,-0.9720926922329369,-0.2804219695607981,-1.0110649145701716,-0.645246952043448,-0.6909155272572675,-1.4885928111720896,-1.1946476311324608,0.22795878552305976,0.2612058587326111,0.5839665179789058
-0.853009357861921,0.8650045612326133,-1.0972110139245899,0.34667130538720226,-0.645246952043448,0.8200229665765711,0.7607544946699442,0.6165042471207327,0.16196370077983394,-0.0911907374662564,-0.8951743063579298
0.9929663319455622,-0.9720926922329369,-0.2804219695607981,-0.9699213927532815,0.004109365910132342,0.8200229665765711,1.4332397716742635,0.11723234151859924,-1.0919429093414863,-0.9721822279634242,-1.0595232868397997
0.06997848704182111,-1.358850008752,0.37300926593023565,-1.0110649145701716,-0.21234274007439433,-0.7490285462508767,-1.303079631308829,-1.1567718313971094,-1.0919429093414863,0.43740415683204487,0.6661410082198408
-0.9683828384748883,1.5418298651409739,-0.6071375873063147,-0.5790579354928254,0.30714231428846983,1.2849271185254445,-0.21318969961217357,-1.3668103572021355,0.16196370077983394,-0.8840830789137074,1.7344093813519985
0.3007254482677556,0.7683152321028474,0.5363670748029942,-0.8156331859399435,-0.5586661096496373,-0.5165764702764399,-0.4450811744412492,-1.5320865742290541,0.02997353129337933,-0.35548818461540654,2.3918053032794813
-1.314503280313791,-0.005199400935278622,-0.4437797784335562,-0.7642037836688309,-1.1647320064063122,-1.155819679206141,-1.6741059910353502,-1.2359666853891904,-0.8939576551118029,0.2612058587326111,0.5017920277379693
-0.5068889160230172,-1.1654713504924683,-0.11706416068803956,0.5832465558343205,-0.3422140036651105,0.18077975764687015,-0.4450811744412492,0.24118950428878808,-0.03602155344984944,-0.7078847808142741,0.09091957653329293
0.6468458901066594,-0.005199400935278622,0.5363670748029942,1.23125702445034,-0.6019565308465427,-1.2720457171933592,-1.0479990089968458,0.860975318139694,-1.223933078827941,-0.26738903556568966,0.17309406677422937
-0.1607684741841144,1.058383219492145,-0.19874306512441883,-0.6613449791266055,0.35043273548537524,-0.4584634512828308,1.5028072141229862,0.3479303944520094,1.7458457346172862,0.7017016039811945,-0.07342940394857704
-0.39151543541004996,1.5418298651409739,1.1081194058576482,-0.09562155414436643,-1.381184112390839,0.5294578716085252,-0.004487372266005494,-1.359923848159341,-0.43199206190921324,-1.500777122261725,1.9809328520748049
0.06997848704182111,-0.5853353757138736,-0.19874306512441883,0.07923841357741651,-0.7318277944372586,0.3551188146276977,-0.14362225716345087,-0.18233080184264264,-0.7619674856253483,-0.003091588416539527,0.17309406677422937
-0.2761419547970827,-0.5853353757138736,-0.3621008739971774,1.7455510471614666,0.004109365910132342,0.23889277664047934,-0.4450811744412492,1.5668424950254374,-0.9599527398550317,0.08500756063317735,-1.2238722673216713
0.9929663319455622,-0.2952673883245763,-0.2804219695607981,0.3878148272040924,-0.3422140036651105,1.8660573084615364,1.3636723292255408,0.6061744835565599,-0.6299773161388937,0.08500756063317735,-0.40212736491231843
-1.8913706833786292,-1.2138160150573514,-0.03538525625166028,-0.8876343491195011,-0.775118215634164,-1.2720457171933592,-1.8132408759327956,-1.3909131388518978,0.6899243787256494,3.0803786283235484,1.077013459424517
0.18535196765478837,0.28486858645401847,-0.19874306512441883,0.6552477190138781,-0.4287948460589213,0.5875708906021344,0.06508007018271719,-0.5610887991959655,-1.4219183330576213,-1.588876271311442,1.159187949665452
-1.4298767609267593,-0.6820247048436395,0.5363670748029942,-0.9493496318448365,-0.21234274007439433,2.679639574372065,0.22740410256307014,-1.2703992306031253,0.16196370077983394,4.049469267870433,0.8304899887017108
-0.5068889160230172,-0.2952673883245763,-0.11706416068803956,1.1078264589996696,-0.3422140036651105,1.9822833464487546,1.2709157392939106,0.6681530649416352,-0.3659969771659845,0.08500756063317735,-0.31995287467138345
-1.775997202765662,-0.6820247048436395,-0.3621008739971774,-1.0727801972955067,-0.775118215634164,-1.3882717551805777,-1.6509168435524426,-0.564532053717382,0.6899243787256494,-0.7959839298639905,-0.6486508356351234
0.3007254482677556,-0.1018887300650445,-0.4437797784335562,-0.959635512299059,-0.9915703216186909,-1.8531759071294511,-1.1175664514455685,-1.3289345574668223,-1.6199035872873018,-1.6769754203611589,0.6661410082198408
-1.8913706833786292,-1.0687820213627024,-0.5254586828699355,-1.0727801972955067,-0.6885373732403534,-1.3882717551805777,-1.6045385485866275,-0.5542022901532091,0.6899243787256494,-0.7078847808142741,-0.6486508356351234
0.18535196765478837,-1.5522286670115315,-0.3621008739971774,0.9021088499152191,-0.2989235824682051,0.3551188146276977,-0.9088641240994005,0.6371637742490784,-0.03602155344984944,-0.9721822279634242,-0.6486508356351234
0.3007254482677556,0.09148992819448672,0.04629364818471899,0.3878148272040924,-0.4287948460589213,0.8200229665765711,-0.21318969961217357,0.062140269176318576,0.09596861603660517,-0.7959839298639905,0.09091957653329293
0.41609892888072386,0.1881792573242526,-0.2804219695607981,0.5729606753800979,-1.0348607428155963,-1.21393269819975,-0.6074052068216022,0.6784828285058081,-0.5639822313956678,1.054098200180062,0.008745086292357939
-0.04539499357114716,-0.1985780591948104,1.0264405014212694,0.4906736317463179,-0.3855044248620159,0.8200229665765711,0.8303219371186668,0.7645641915406455,-0.16801172293630404,-0.1792898865159733,-1.0595232868397997
-2.2374911252175322,0.47824724471355023,-0.19874306512441883,-0.9699213927532815,-1.2946032699970282,0.23889277664047934,0.29697154501179285,-2.293045823457116,0.8879096329553328,0.8778999020806283,2.8026777544841575
-2.0067441639915975,0.09148992819448672,-0.4437797784335562,0.4906736317463179,-0.8616990580279749,-0.4584634512828308,-0.7001617967532324,-0.24430938322775617,1.0858948871850131,-1.0602813770131412,0.33744304725609936
-0.04539499357114716,-0.1985780591948104,1.1897983102940275,0.05866665266897152,0.13398062950084852,1.168701080538226,1.0390242644648349,0.699142355634192,0.09596861603660517,-0.35548818461540654,-0.9773487965988648
-0.9683828384748883,-0.005199400935278622,1.5165139280395445,-0.18819447823236923,1.3894028442111037,-0.28412439430200326,0.04189092269980963,0.39613595775153365,-0.6299773161388937,-1.1483805260628581,-1.3060467575626062
-0.9683828384748883,-0.005199400935278622,-0.688816491742694,-0.8464908273026112,-0.16905231887748895,-1.562610812161405,-0.6769726492703249,-0.3062879646128315,-0.7619674856253483,0.5255033058817618,-1.3060467575626062
0.41609892888072386,-0.7787140339734051,-0.9338532050518316,-0.8876343491195011,-0.08247147648367845,-1.0395936412189226,-0.8392966816506778,0.31694110375945267,1.151889971928242,0.349305007782328,-0.4843018551532534
-0.853009357861921,-0.1018887300650445,-0.688816491742694,-0.8464908273026112,-0.21234274007439433,-1.504497793167796,-0.6537835017874173,-0.3062879646128315,-0.7619674856253483,0.43740415683204487,-1.3060467575626062
-0.5068889160230172,0.09148992819448672,-0.2804219695607981,-0.6202014573097155,-0.4287948460589213,-0.5746894892700491,-1.3494579262746442,-1.1774313585254932,0.6239292939824236,0.9659990511303452,1.4878859106291935
0.6468458901066594,0.6716259029730814,-0.7704953961790733,0.017523130852081365,-0.16905231887748895,-0.4003504322892216,-0.3291354370267114,-0.25808240131330723,-0.3659969771659845,-0.44358733366512343,0.5839665179789058
1.4544602543974323,-1.5522286670115315,0.37300926593023565,-1.0316366754786166,-0.5153756884527319,0.0645537196596518,-1.1871338938942912,-1.2153071582608064,-2.6098298584357127,0.5255033058817618,1.159187949665452
-0.5068889160230172,-1.5522286670115315,-0.2804219695607981,-0.9904931536617264,-0.645246952043448,0.12266673865326098,-1.0016207140310307,-1.3530373391165846,-1.223933078827941,0.6136024549314787,0.9126644789426457
0.5314724094936911,1.1550725486219109,-0.6071375873063147,-0.09562155414436643,-1.2946032699970282,-0.5165764702764399,-1.094377303962661,-1.473551247365357,-2.3458495194628037,0.43740415683204487,2.145281832556675
0.9929663319455622,-1.6489179961412974,0.04629364818471899,1.6735498839819085,-0.25563316127129976,0.3551188146276977,-0.5378377643728794,0.8781915907466614,-0.8279625703685771,0.8778999020806283,0.33744304725609936
0.06997848704182111,-0.48864604658410776,0.618045979239373,0.42895834902098257,-0.6885373732403534,-0.28412439430200326,-0.5378377643728794,-0.03771411194410813,0.16196370077983394,0.43740415683204487,0.33744304725609936
0.06997848704182111,0.9616938903623791,0.37300926593023565,1.4781181553516805,2.8612771649058857,-1.21393269819975,-1.0016207140310307,1.4222258051269028,-1.157937994084712,-0.0911907374662564,-1.1416977770807362
0.7622193707196266,0.9616938903623791,-0.3621008739971774,-0.2087662391408142,-1.0781511640125014,0.18077975764687015,-0.561026911855787,-1.2153071582608064,-0.7619674856253483,-0.0911907374662564,1.9809328520748049
-1.1991297997008237,-0.875403363103171,-0.7704953961790733,-0.9493496318448365,-0.08247147648367845,0.18077975764687015,-0.21318969961217357,-0.058373639072492045,3.791693361657331,0.9659990511303452,0.008745086292357939
-1.5452502415397265,0.5749365738433161,-0.6071375873063147,-0.7642037836688309,-1.0781511640125014,-0.22601137530839407,-0.42189202695834166,-1.5837353920499564,2.3398014973063304,-0.003091588416539527,1.9809328520748049
-0.2761419547970827,-0.48864604658410776,-0.2804219695607981,1.848409851703692,0.22056147189465902,-0.10978533732117574,-0.4450811744412492,1.5702857495468154,-1.0259478245982576,0.43740415683204487,-1.3060467575626062
1.800580696236336,0.28486858645401847,-0.19874306512441883,-1.021350795024394,-1.0781511640125014,0.9943620235573987,0.2505932500459777,-1.173988104004077,-1.7518937567737565,-1.500777122261725,0.7483154984607757
-0.1607684741841144,-0.7787140339734051,-0.2804219695607981,-0.9287778709363915,-0.90498947922488,-1.0395936412189226,-1.419025368723367,-0.9467333055920831,-0.5639822313956678,-0.44358733366512343,0.33744304725609936
0.5314724094936911,-0.1985780591948104,-0.7704953961790733,-0.8670625882110562,0.17727105069775392,-1.4463847741741869,-0.5842160593386946,-0.32006098269842076,-0.5639822313956678,-0.5316864827148403,-0.5664763453941885
-0.6222623966359855,-0.5853353757138736,-0.9338532050518316,-0.06476391278169895,-0.2989235824682051,-0.22601137530839407,-0.21318969961217357,-0.2856284374844858,-0.4979871466524391,-0.26738903556568966,-0.15560389418951204
0.7622193707196266,-0.875403363103171,0.5363670748029942,0.24381250084497694,0.437013577879186,0.8781359855701802,-0.6305943543045097,0.5545256657356192,-0.8939576551118029,0.2612058587326111,-0.5664763453941885
1.339086773784465,-1.358850008752,-0.03538525625166028,-0.9699213927532815,-0.039181055286773056,2.0985093844359732,0.5752413148066836,-0.8227761428219325,-0.8279625703685771,-0.1792898865159733,0.33744304725609936
-0.04539499357114716,0.3815579155837844,0.4546881703666149,0.7581065235561034,-0.8616990580279749,-0.05167231832756655,-0.3059462895438038,-0.32006098269842076,-0.10201663819307528,-1.2364796751125748,1.2413624399063872
-0.2761419547970827,-0.48864604658410776,-1.0972110139245899,1.1283982199081146,-0.08247147648367845,0.5875708906021344,-0.14362225716345087,0.7748939551048566,-1.553908502544076,0.17310670968289424,-0.7308253258760599
-0.1607684741841144,0.7683152321028474,-0.6071375873063147,0.4083865881125376,-0.5153756884527319,0.23889277664047934,-0.3291354370267114,-0.8950844877711807,-1.3559232483143926,-1.6769754203611589,1.323536930147322
-0.853009357861921,0.9616938903623791,0.6997248836757523,-0.18819447823236923,-1.2946032699970282,-0.22601137530839407,-0.561026911855787,-1.2807289941672981,-0.30000189242275865,-1.588876271311442,1.4878859106291935
1.9159541768493034,-0.48864604658410776,-0.4437797784335562,1.0666829371827793,-0.5586661096496373,-0.28412439430200326,-0.9320532715823081,0.4408982665296415,-1.0919429093414863,-0.8840830789137074,-0.07342940394857704
0.18535196765478837,-0.7787140339734051,-0.19874306512441883,0.42895834902098257,0.17727105069775392,-0.34223741329561247,1.7578878364349693,0.747347918933678,0.5579342092391948,0.7017016039811945,-0.15560389418951204
-0.9683828384748883,-0.1985780591948104,-0.11706416068803956,-0.43505560913371,-0.7318277944372586,0.7619099475829619,0.9926459694990197,-1.2669559760817088,-0.30000189242275865,-1.3245788241622913,1.159187949665452
0.06997848704182111,0.1881792573242526,-0.2804219695607981,0.9535382521863317,-0.3855044248620159,-1.795062888135842,-2.5321044479029298,-0.6712729438805651,-0.8279625703685771,-1.500777122261725,1.7344093813519985
-0.1607684741841144,-0.9720926922329369,-0.4437797784335562,0.8815370890067737,-0.2989235824682051,-0.34223741329561247,-0.5146486168899719,0.310054594716658,-0.5639822313956678,-0.35548818461540654,0.2552685570151644
-0.04539499357114716,-0.9720926922329369,-0.4437797784335562,0.7992500453729937,-0.2989235824682051,-0.34223741329561247,-0.561026911855787,0.09312955986887535,-0.5639822313956678,-0.35548818461540654,0.2552685570151644
0.41609892888072386,-0.875403363103171,-0.19874306512441883,0.07923841357741651,-0.5153756884527319,-1.0395936412189226,-0.7929183866848627,-0.254639146791929,-0.30000189242275865,0.2612058587326111,0.6661410082198408
-0.7376358772489527,-1.1654713504924683,-0.11706416068803956,-0.9904931536617264,-0.4287948460589213,2.2728484414168006,1.08540255943065,-0.9742793417632617,0.16196370077983394,-0.7078847808142741,0.33744304725609936
-2.1221176446045646,-0.1018887300650445,-0.11706416068803956,-0.2910532827745945,-0.6019565308465427,1.3430401375190537,0.9462676745332046,-1.4563349747583894,1.6798506498740604,-1.588876271311442,1.6522348911110634
-0.6222623966359855,0.8650045612326133,-0.4437797784335562,0.07923841357741651,-0.5153756884527319,0.5875708906021344,0.343349839977608,-0.5817483263243495,0.6239292939824236,-0.26738903556568966,0.8304899887017108
-0.2761419547970827,-0.7787140339734051,-0.5254586828699355,1.0255394153658894,-0.3422140036651105,-0.34223741329561247,-0.16681140464635844,0.40302246679429005,-0.5639822313956678,-0.44358733366512343,-0.07342940394857704
-0.2761419547970827,-0.005199400935278622,0.04629364818471899,-1.0522084363870619,-0.3855044248620159,0.4132318336213069,-0.42189202695834166,-1.7180223183843182,-1.0919429093414863,-1.0602813770131412,1.5700604008701284
-0.39151543541004996,0.6716259029730814,0.2096514570574771,-1.0522084363870619,-0.5153756884527319,-0.16789835631478492,-0.6074052068216022,-1.5045405380579138,-0.5639822313956678,0.08500756063317735,1.2413624399063872
0.06997848704182111,-0.2952673883245763,-0.03538525625166028,-0.9699213927532815,-0.4720852672558264,0.0064407006660426236,0.48248472487505334,-1.0224849050627476,-1.157937994084712,0.7898007530309115,0.5839665179789058
-0.9683828384748883,0.3815579155837844,-0.2804219695607981,-0.9493496318448365,-0.90498947922488,-0.9814806222253134,-0.5842160593386946,-1.9865961710530415,-0.8279625703685771,1.3183956473292127,2.2274563227976114
-0.6222623966359855,-0.9720926922329369,0.2096514570574771,-0.9699213927532815,-0.5153756884527319,-0.5165764702764399,-0.6074052068216022,-1.0500309412339262,-0.2340068076795299,0.17310670968289424,0.33744304725609936
0.06997848704182111,0.1881792573242526,0.2096514570574771,-1.0316366754786166,-0.3855044248620159,0.2970057956340885,0.4361064299092382,-1.41501592050166,-0.7619674856253483,-1.1483805260628581,1.2413624399063872
-2.1221176446045646,0.1881792573242526,-0.03538525625166028,-0.455627370042155,-0.6885373732403534,1.110588061544617,0.8303219371186668,-1.752454863598253,1.0858948871850131,-1.6769754203611589,1.9809328520748049
-0.39151543541004996,-0.7787140339734051,1.353156119166786,2.506706200773934,0.35043273548537524,0.8781359855701802,1.9434010162982298,1.9352707288145874,-1.6858986720305307,1.3183956473292127,-1.470395738044476
-0.1607684741841144,-0.2952673883245763,-0.19874306512441883,-0.9390637513906138,0.6534656838637127,-0.25506788480519865,1.873833573849507,0.03115097848376181,-0.2340068076795299,0.349305007782328,-0.8951743063579298
-0.2761419547970827,-0.5853353757138736,0.2096514570574771,-0.08533567369014393,-0.7318277944372586,-0.28412439430200326,-0.7465400917190476,-0.5955213444099006,0.02997353129337933,-0.1792898865159733,0.9948389691835822
-0.04539499357114716,-0.2952673883245763,0.2913303614938564,-0.5790579354928254,-0.8616990580279749,-0.34223741329561247,-1.0248098615139383,-1.184317867568288,-0.3659969771659845,-0.35548818461540654,1.323536930147322
0.18535196765478837,-1.4555393378817658,0.2913303614938564,1.4266887530805679,-0.16905231887748895,0.0645537196596518,-0.7465400917190476,0.6956991011127756,-0.9599527398550317,0.5255033058817618,0.09091957653329293
0.18535196765478837,1.6385191942707398,0.04629364818471899,2.8564261362174994,-0.25563316127129976,-1.3301587361869684,-1.627727696069535,1.3120416604423033,-0.8279625703685771,-0.9721822279634242,0.33744304725609936
0.41609892888072386,0.3815579155837844,-0.2804219695607981,0.4803877512920952,-1.1214415852094068,-1.21393269819975,-0.7697292392019551,-0.058373639072492045,-1.3559232483143926,-0.44358733366512343,0.6661410082198408
-1.0837563190878554,0.5749365738433161,-0.2804219695607981,-0.43505560913371,-0.4720852672558264,1.2849271185254445,-0.05086566723182062,-1.2497397034747415,-0.6959724008821225,-1.3245788241622913,1.159187949665452
-0.04539499357114716,-0.5853353757138736,-0.19874306512441883,0.20266897902808698,-0.3855044248620159,-0.10978533732117574,-0.3755137319925265,-0.6988189800517437,-1.157937994084712,-0.8840830789137074,1.077013459424517
1.800580696236336,0.3815579155837844,0.1279725526210978,1.1901135026334495,-0.7318277944372586,-1.8531759071294511,-2.114699793210594,0.20675695907485309,-1.157937994084712,-1.3245788241622913,0.9948389691835822
-0.04539499357114716,-0.1018887300650445,-0.3621008739971774,-0.27048152186614954,0.004109365910132342,-1.6788368501486235,-1.1407555989284761,0.27217879498134484,0.9539047176985587,-0.0911907374662564,0.008745086292357939
1.339086773784465,4.442509739033947,-1.0155321094882108,-0.3939120873168198,0.17727105069775392,-0.6328025082636584,-0.09724396219763574,0.13444861412556672,-0.8939576551118029,-0.9721822279634242,-0.7308253258760599
-1.6606237221526938,-0.5853353757138736,-0.3621008739971774,-0.9699213927532815,-0.039181055286773056,1.9822833464487546,0.343349839977608,-0.6919324710089491,3.7256982769141023,1.230296498279496,0.33744304725609936
1.800580696236336,-0.5853353757138736,-0.2804219695607981,0.6141041971969882,-0.9482799004217854,-1.0395936412189226,-0.4450811744412492,0.2652922859385502,-1.3559232483143926,-1.3245788241622913,-0.07342940394857704
0.6468458901066594,0.3815579155837844,-0.9338532050518316,1.1901135026334495,-0.4720852672558264,0.5294578716085252,0.29697154501179285,0.6853693375486027,-0.6299773161388937,-0.35548818461540654,-0.15560389418951204
0.7622193707196266,-0.9720926922329369,0.2913303614938564,0.05866665266897152,0.17727105069775392,-0.8071415652444859,0.01870177521690207,0.5751851928640032,0.02997353129337933,0.5255033058817618,-0.07342940394857704
0.3007254482677556,1.831897852530271,-0.3621008739971774,1.8278380907952465,-0.9482799004217854,-0.7490285462508767,0.11145836514853233,0.47877406626495467,-0.4979871466524391,-0.0911907374662564,1.159187949665452
-1.1991297997008237,-0.875403363103171,-0.688816491742694,1.0049676544574444,-0.16905231887748895,-0.10978533732117574,-0.3059462895438038,0.9195106450033911,0.16196370077983394,-0.7078847808142741,-1.1416977770807362
-0.1607684741841144,-1.358850008752,1.0264405014212694,-0.8876343491195011,-0.4287948460589213,-1.155819679206141,-1.0479990089968458,-0.3958125821690853,1.151889971928242,-0.003091588416539527,0.2552685570151644
-0.04539499357114716,-0.39195671745434213,0.37300926593023565,0.4906736317463179,-0.039181055286773056,0.8781359855701802,1.1085917069135576,0.6853693375486027,-0.30000189242275865,0.08500756063317735,-0.8951743063579298
0.06997848704182111,-0.2952673883245763,1.1081194058576482,0.5112453926547629,-0.16905231887748895,0.0645537196596518,0.4361064299092382,0.7748939551048566,-0.30000189242275865,0.5255033058817618,-0.9773487965988648
-0.9683828384748883,-0.39195671745434213,-0.03538525625166028,-0.7024885009434957,-0.8616990580279749,-0.22601137530839407,-1.2103230413771988,-1.256626212517536,-0.43199206190921324,0.08500756063317735,0.5839665179789058
-0.04539499357114716,0.09148992819448672,0.04629364818471899,-0.4967708918590451,0.35043273548537524,-0.5165764702764399,1.2013482968451878,0.3789196851445662,1.481865395644377,0.7898007530309115,-0.15560389418951204
-0.6222623966359855,0.47824724471355023,0.6997248836757523,2.3215603525979276,-0.3855044248620159,1.2849271185254445,0.7607544946699442,1.7390052210951121,0.4259440397527402,0.7017016039811945,-0.9773487965988648
-0.39151543541004996,-0.48864604658410776,0.94476159698489,-0.7847755445772759,-0.8184086368310695,0.47134485261491604,-0.7697292392019551,-1.1188960316617962,-1.157937994084712,0.2612058587326111,0.5839665179789058
-0.6222623966359855,-0.1018887300650445,-0.3621008739971774,1.292972307175675,-0.08247147648367845,1.401153156512663,1.3636723292255408,1.3877932599129679,-0.3659969771659845,-0.7959839298639905,-1.470395738044476
-0.6222623966359855,-0.7787140339734051,0.2913303614938564,1.210685263541895,-0.039181055286773056,1.3430401375190537,-0.16681140464635844,0.4822173207863711,0.02997353129337933,-1.2364796751125748,0.17309406677422937
-0.7376358772489527,0.47824724471355023,0.618045979239373,2.239273308964148,-0.3855044248620159,1.3430401375190537,0.8303219371186668,1.7321187120523558,0.3599489550095144,0.7017016039811945,-0.9773487965988648
0.41609892888072386,-0.6820247048436395,5.437101340985746,-0.9904931536617264,4.679474855175911,0.6456839095957436,-0.5378377643728794,-0.23742287418496152,-1.6199035872873018,-0.5316864827148403,-1.1416977770807362
-0.9683828384748883,-0.1018887300650445,-0.2804219695607981,1.8072663298868012,-0.08247147648367845,-1.155819679206141,0.15783666011434747,0.988375735431261,-0.4979871466524391,0.349305007782328,-0.23777838443044702
-1.314503280313791,-1.5522286670115315,-0.6071375873063147,-0.08533567369014393,-0.5153756884527319,-0.8071415652444859,-0.885674976616493,-0.18921731088543728,-0.6959724008821225,0.7017016039811945,-0.5664763453941885
0.06997848704182111,-0.39195671745434213,0.2913303614938564,0.03809489176052635,-0.8184086368310695,0.18077975764687015,-0.5842160593386946,-1.0087118869771967,-0.03602155344984944,-1.3245788241622913,1.4878859106291935
0.9929663319455622,-0.9720926922329369,1.5981928324759238,-0.9699213927532815,-0.21234274007439433,0.4132318336213069,0.6911870522212215,-1.0293714141055423,-0.5639822313956678,-0.44358733366512343,1.077013459424517
0.3007254482677556,-1.0687820213627024,0.7814037881121315,-0.9493496318448365,-0.9915703216186909,-0.10978533732117574,-0.12043310968054331,-1.07413372288365,-0.5639822313956678,0.6136024549314787,0.9126644789426457
0.7622193707196266,0.47824724471355023,0.37300926593023565,0.5729606753800979,3.4673430616625613,0.8200229665765711,1.4332397716742635,1.1433221888940066,-1.4219183330576213,0.7017016039811945,-0.9773487965988648
-0.7376358772489527,-0.24692272375969332,-0.7704953961790733,-0.8670625882110562,-0.2989235824682051,6.021138166504593,3.1260475379265156,0.2515192678529609,2.207811327819876,0.349305007782328,-0.8129998161169948
-1.4298767609267593,-0.7787140339734051,2.6600185901488533,0.8815370890067737,-0.12576189768058385,2.5053005173912375,0.8767002320844819,0.2446327588102045,-1.4219183330576213,-0.5316864827148403,-0.15560389418951204
0.8775928513325939,-1.0687820213627024,0.2096514570574771,-0.2910532827745945,-0.16905231887748895,-0.5165764702764399,-0.8161075341677703,0.16543790481812348,-0.6959724008821225,-0.1792898865159733,-0.8951743063579298
-1.1991297997008237,-1.2621606796222342,-0.19874306512441883,-0.0030486300563636226,-0.4287948460589213,-1.6207238311550143,-1.4885928111720896,-0.7814570885652029,0.02997353129337933,-0.5316864827148403,1.077013459424517
-0.6222623966359855,-0.2952673883245763,0.8630826925485108,-0.8670625882110562,-0.9482799004217854,0.0645537196596518,-0.49145946940706436,-1.5286433197076759,-0.10201663819307528,-0.7959839298639905,1.5700604008701284
0.06997848704182111,-0.005199400935278622,0.618045979239373,-0.9287778709363915,-1.2946032699970282,-1.6788368501486235,-1.9059974658644256,-1.7317953364699075,-0.2340068076795299,-0.7959839298639905,2.309630813038546
0.41609892888072386,-0.1018887300650445,0.2913303614938564,-0.10590743459858892,-0.8616990580279749,-0.4584634512828308,-0.5378377643728794,-0.7057054890945383,-0.43199206190921324,3.0803786283235484,1.7344093813519985
-0.7376358772489527,-0.2952673883245763,0.37300926593023565,0.4083865881125376,-0.039181055286773056,1.110588061544617,1.6419420990204316,0.664709810420257,-0.16801172293630404,-0.26738903556568966,-1.2238722673216713
1.9159541768493034,-0.875403363103171,1.1897983102940275,-0.9904931536617264,-0.8616990580279749,-0.6909155272572675,-1.836430023415703,-0.6712729438805651,-1.9498790110034399,0.08500756063317735,-0.07342940394857704
-0.7376358772489527,-0.2952673883245763,1.679871736912303,0.22324073993653196,0.004109365910132342,1.3430401375190537,0.8998893795673895,0.25840577689575556,-0.03602155344984944,1.846990541627513,-0.15560389418951204
-0.04539499357114716,-0.005199400935278622,0.7814037881121315,0.34667130538720226,-0.6885373732403534,-0.28412439430200326,-0.6305943543045097,-0.7401380343084732,-0.7619674856253483,0.8778999020806283,1.5700604008701284
0.6468458901066594,-0.6820247048436395,3.8035232522581626,1.3135440680841202,-0.3422140036651105,2.447187498397628,1.0622134119477424,1.3740202418273786,-1.6199035872873018,-0.0911907374662564,-1.3060467575626062
0.18535196765478837,-1.2621606796222342,0.37300926593023565,1.930696895337472,-0.039181055286773056,1.110588061544617,-0.3987028794754341,1.2776091152283684,-0.10201663819307528,-0.6197856317645573,-0.6486508356351234
0.5314724094936911,-0.005199400935278622,0.6997248836757523,-0.9699213927532815,-0.5586661096496373,-0.34223741329561247,0.11145836514853233,-0.5989645989313169,-0.16801172293630404,-0.5316864827148403,0.09091957653329293
-0.853009357861921,-0.9720926922329369,0.37300926593023565,-0.7436320227603859,-0.5586661096496373,-0.4003504322892216,-0.6074052068216022,-1.4356754476300055,-0.2340068076795299,-0.003091588416539527,1.4878859106291935
0.18535196765478837,2.4120338273088664,0.7814037881121315,0.03809489176052635,-0.7318277944372586,-1.6788368501486235,-1.419025368723367,-0.898527742292597,-0.7619674856253483,0.08500756063317735,1.5700604008701284
-0.39151543541004996,0.7683152321028474,0.37300926593023565,0.8815370890067737,-0.775118215634164,-0.8652545842380951,-1.2798904838259215,-0.36138003695515036,-0.6299773161388937,-0.5316864827148403,1.2413624399063872
0.7622193707196266,-0.2952673883245763,1.1081194058576482,-0.37334032640837483,-0.21234274007439433,3.4932218402825934,0.5984304622895912,-0.6712729438805651,-1.8178888415169852,0.8778999020806283,0.5839665179789058
-0.1607684741841144,-0.39195671745434213,0.618045979239373,-0.6202014573097155,-0.2989235824682051,0.7619099475829619,-0.35232458450961895,-1.1257825407045907,0.3599489550095144,-0.5316864827148403,1.159187949665452
-0.2761419547970827,-0.2952673883245763,-0.03538525625166028,0.5318171535632078,-0.16905231887748895,-0.34223741329561247,0.08826921766562476,0.5751851928640032,0.5579342092391948,0.9659990511303452,-0.15560389418951204
-0.5068889160230172,-1.2621606796222342,0.5363670748029942,-0.9082061100279463,-0.16905231887748895,-0.6909155272572675,-1.1639447464113837,-1.4012429024160706,-0.5639822313956678,-0.26738903556568966,1.323536930147322
-0.6222623966359855,-0.005199400935278622,-0.2804219695607981,-0.5790579354928254,-0.2989235824682051,-0.6328025082636584,-0.5146486168899719,0.14133512316836136,-0.9599527398550317,-0.5316864827148403,-1.6347447185263475
0.3007254482677556,-0.005199400935278622,0.1279725526210978,-0.4967708918590451,-0.775118215634164,0.0064407006660426236,-1.0711881564797534,-1.2290801763463957,-1.553908502544076,-1.4126779732120083,1.2413624399063872
-0.2761419547970827,0.6716259029730814,0.04629364818471899,-0.2087662391408142,-0.6019565308465427,-1.504497793167796,-0.28275714206089625,-0.4336883819043985,0.8219145482121041,2.8160811811743987,1.159187949665452
-0.9683828384748883,0.6716259029730814,1.4348350236031653,-0.9699213927532815,-0.7318277944372586,-1.4463847741741869,-0.8161075341677703,-1.2015341401752553,1.7458457346172862,-0.6197856317645573,1.077013459424517
-1.1991297997008237,0.28486858645401847,-0.11706416068803956,-0.2910532827745945,-0.9482799004217854,-0.4003504322892216,-1.0016207140310307,-1.6284977008280643,0.3599489550095144,0.2612058587326111,2.556154283761351
-0.2761419547970827,-1.0687820213627024,0.1279725526210978,-0.6819167400350507,-0.6885373732403534,-0.10978533732117574,-1.3726470737575518,-0.8021166156935485,0.16196370077983394,2.023188839726947,0.5839665179789058
1.9159541768493034,-0.48864604658410776,0.5363670748029942,0.8198218062814387,-0.4287948460589213,-0.6328025082636584,-1.1407555989284761,0.45122803009381435,-1.157937994084712,-0.6197856317645573,-0.07342940394857704
-0.853009357861921,-0.7787140339734051,0.04629364818471899,0.7375347626476585,-0.21234274007439433,0.18077975764687015,1.4796180666400787,0.41679548487987933,-0.3659969771659845,-0.44358733366512343,-0.40212736491231843
-0.6222623966359855,0.8650045612326133,0.2913303614938564,-0.9082061100279463,-0.9482799004217854,-1.3301587361869684,-1.419025368723367,-1.7317953364699075,-1.6858986720305307,-0.8840830789137074,1.4057114203882586
-0.7376358772489527,0.7683152321028474,0.37300926593023565,-0.5584861745843802,-0.645246952043448,-0.8652545842380951,-1.1175664514455685,-1.4563349747583894,-0.8939576551118029,-1.4126779732120083,1.159187949665452
-0.6222623966359855,-0.005199400935278622,1.1081194058576482,1.0872546980912243,-0.25563316127129976,1.5173791944998813,1.0622134119477424,0.7335749008481269,-0.4979871466524391,0.17310670968289424,-0.8951743063579298
0.8775928513325939,-0.1018887300650445,1.5165139280395445,-0.5584861745843802,-0.12576189768058385,-0.4003504322892216,0.343349839977608,-0.8606519425572456,-1.157937994084712,0.349305007782328,0.6661410082198408
0.18535196765478837,-0.2952673883245763,0.94476159698489,-0.7436320227603859,-0.039181055286773056,0.2970057956340885,-0.4450811744412492,-1.0844634864478613,-0.2340068076795299,-0.0911907374662564,1.077013459424517
3.3004359442049145,-0.39195671745434213,1.2714772147304068,-0.2087662391408142,-0.6019565308465427,-1.8531759071294511,-2.7639959227320055,-0.03771411194410813,-2.279854434719575,0.43740415683204487,-0.4843018551532534
-0.04539499357114716,-1.4555393378817658,0.4546881703666149,-0.9287778709363915,-0.5153756884527319,-0.9233676032317042,-0.8161075341677703,-0.888197978728386,0.22795878552305976,0.9659990511303452,0.5839665179789058
-0.2761419547970827,4.829267055553011,1.353156119166786,-0.9082061100279463,-0.039181055286773056,-0.28412439430200326,-0.09724396219763574,-0.9467333055920831,0.3599489550095144,-0.0911907374662564,0.9126644789426457
-2.0067441639915975,0.47824724471355023,-0.5254586828699355,0.16152545721119682,-1.0348607428155963,0.5294578716085252,-0.190000552129266,-0.5438725265889981,1.0858948871850131,-0.8840830789137074,0.33744304725609936
-0.1607684741841144,0.5749365738433161,0.5363670748029942,-0.7847755445772759,-0.5586661096496373,-0.05167231832756655,-0.6074052068216022,-1.566519119442989,-1.4879134178008473,-0.0911907374662564,1.323536930147322
-0.1607684741841144,-1.358850008752,1.4348350236031653,-0.3321968045914847,-0.775118215634164,1.2849271185254445,-0.3059462895438038,-0.6988189800517437,-1.883883926260211,0.43740415683204487,0.09091957653329293
0.18535196765478837,-0.1985780591948104,0.04629364818471899,1.0255394153658894,-0.3422140036651105,-0.5746894892700491,-1.2335121888601064,0.18265417742509096,-0.5639822313956678,-1.3245788241622913,0.2552685570151644
-0.39151543541004996,0.09148992819448672,-0.6071375873063147,0.22324073993653196,-0.25563316127129976,-0.9814806222253134,-0.561026911855787,-0.04460062098690277,-0.16801172293630404,-0.9721822279634242,-0.31995287467138345
0.8775928513325939,-0.6820247048436395,1.2714772147304068,-0.7024885009434957,0.04739978710703774,-0.8652545842380951,-0.16681140464635844,-0.6919324710089491,-0.30000189242275865,-0.0911907374662564,0.41961753749703434
0.9929663319455622,-0.1985780591948104,1.4348350236031653,-0.6819167400350507,-0.039181055286773056,-0.5165764702764399,0.5056738723579609,-0.8709817061214185,-1.2899281635711668,0.08500756063317735,0.5017920277379693
0.9929663319455622,-0.2952673883245763,1.2714772147304068,-0.7024885009434957,0.04739978710703774,-0.22601137530839407,0.7375653471870366,-0.43713163642581493,-0.8279625703685771,0.7017016039811945,0.008745086292357939
0.8775928513325939,0.6716259029730814,1.0264405014212694,1.8072663298868012,0.04739978710703774,-0.10978533732117574,0.3201606924947004,1.136435679851212,-1.0919429093414863,0.349305007782328,-0.23777838443044702
0.06997848704182111,0.1881792573242526,0.2096514570574771,-0.2910532827745945,0.35043273548537524,-0.22601137530839407,1.5259963616058938,0.46155779365798716,1.3498752261579225,0.7017016039811945,-0.15560389418951204
-0.1607684741841144,-0.39195671745434213,1.0264405014212694,-0.7642037836688309,-0.5586661096496373,-0.9233676032317042,-0.6074052068216022,-1.1498853223543146,-0.6299773161388937,1.142197349229779,1.077013459424517
-0.39151543541004996,-0.48864604658410776,0.4546881703666149,-0.8259190663941661,-0.4287948460589213,0.3551188146276977,-0.9088641240994005,-1.3048317758170602,-0.03602155344984944,-0.5316864827148403,1.077013459424517
0.8775928513325939,-0.48864604658410776,0.04629364818471899,-0.8876343491195011,-0.12576189768058385,-0.6328025082636584,-0.190000552129266,-0.254639146791929,-0.4979871466524391,1.846990541627513,-0.15560389418951204
-0.39151543541004996,-0.39195671745434213,0.4546881703666149,2.342132113506373,0.2638518930915644,-0.7490285462508767,-0.2595679945779887,1.7527782391807014,-0.5639822313956678,-0.1792898865159733,-1.1416977770807362
-0.6222623966359855,-1.0687820213627024,-0.11706416068803956,-0.3527685654999297,-0.25563316127129976,0.12266673865326098,-0.4682703219241568,-0.6781594529233598,0.29395387026628855,-0.5316864827148403,0.5839665179789058
-0.1607684741841144,-0.6820247048436395,0.2913303614938564,-0.7024885009434957,-0.5153756884527319,0.0064407006660426236,-1.1175664514455685,-0.8572086880358675,0.3599489550095144,0.08500756063317735,0.33744304725609936
-1.0837563190878554,-0.005199400935278622,0.4546881703666149,-0.9287778709363915,-0.645246952043448,0.7037969285893527,0.22740410256307014,-1.8695255173256473,-0.7619674856253483,1.3183956473292127,1.89875836183387
-1.0837563190878554,-0.875403363103171,0.2913303614938564,-1.0522084363870619,-0.8184086368310695,-1.8531759071294511,-2.6944284802832827,-1.4081294114588652,-0.6959724008821225,-1.588876271311442,0.17309406677422937
-0.7376358772489527,-0.2952673883245763,0.6997248836757523,0.42895834902098257,0.13398062950084852,1.0524750425510079,1.5955638040546165,0.712915373719743,-0.2340068076795299,-0.1792898865159733,-1.2238722673216713
-1.4298767609267593,-0.9720926922329369,-0.5254586828699355,-0.8670625882110562,-0.6885373732403534,-0.22601137530839407,-0.7929183866848627,-1.6767032641275885,1.0198998024417874,-1.0602813770131412,1.89875836183387
-1.5452502415397265,-0.9720926922329369,-0.9338532050518316,-0.08533567369014393,-0.3855044248620159,-1.4463847741741869,-1.1871338938942912,-0.7676840704796136,1.7458457346172862,-0.44358733366512343,1.323536930147322
0.6468458901066594,-0.48864604658410776,0.37300926593023565,0.5523889144716528,0.2638518930915644,0.3551188146276977,0.29697154501179285,0.5338661386072735,-0.8939576551118029,-0.26738903556568966,-0.23777838443044702
0.41609892888072386,-1.0687820213627024,0.2913303614938564,0.20266897902808698,0.5668848414699019,0.7037969285893527,-0.21318969961217357,-0.19610381992823192,-0.7619674856253483,-0.26738903556568966,0.33744304725609936
0.8775928513325939,0.1881792573242526,0.37300926593023565,-0.7847755445772759,-0.12576189768058385,-1.4463847741741869,-0.9088641240994005,-0.2856284374844858,-0.16801172293630404,1.4064947963789296,0.33744304725609936
-2.1221176446045646,-0.39195671745434213,-1.0155321094882108,-0.7642037836688309,-0.2989235824682051,-0.22601137530839407,-0.8624858291335854,-0.967392832720467,3.263732683711513,1.142197349229779,0.9126644789426457
-0.853009357861921,-0.6820247048436395,0.37300926593023565,-0.9082061100279463,-0.2989235824682051,0.12266673865326098,-0.35232458450961895,-1.4012429024160706,0.02997353129337933,-0.5316864827148403,1.159187949665452
-0.39151543541004996,0.47824724471355023,0.37300926593023565,-0.7024885009434957,0.04739978710703774,-0.28412439430200326,0.2505932500459777,-1.4287889385872492,-0.16801172293630404,-0.5316864827148403,1.7344093813519985
-0.6222623966359855,0.6716259029730814,-0.6071375873063147,2.403847396231708,0.6534656838637127,1.401153156512663,1.410050624191356,1.8560758748225064,-0.5639822313956678,-0.003091588416539527,-1.470395738044476
-0.2761419547970827,-0.2952673883245763,0.1279725526210978,-0.6202014573097155,-0.5153756884527319,0.18077975764687015,-0.3755137319925265,-1.27728573964592,-0.03602155344984944,-0.7959839298639905,1.816583871592935
-0.39151543541004996,-1.1654713504924683,-0.03538525625166028,-0.2293380000492594,-0.12576189768058385,0.5875708906021344,-0.5378377643728794,-0.6161808715382845,-0.10201663819307528,-0.44358733366512343,0.5017920277379693
-0.2761419547970827,1.058383219492145,0.4546881703666149,1.23125702445034,0.4803039990760914,0.9362490045637895,1.9434010162982298,1.6253778218891344,0.4259440397527402,0.17310670968289424,-1.3882212478035412
-1.4298767609267593,-0.875403363103171,-0.5254586828699355,-1.0316366754786166,-0.25563316127129976,0.9943620235573987,-0.7929183866848627,-1.2153071582608064,2.0098260735901956,-0.8840830789137074,0.5017920277379693
-0.7376358772489527,-0.2952673883245763,0.4546881703666149,-0.9493496318448365,0.22056147189465902,0.4132318336213069,-0.05086566723182062,-1.0982365045334122,0.22795878552305976,-0.7959839298639905,0.41961753749703434
0.06997848704182111,-0.5853353757138736,0.7814037881121315,0.09981017448586167,-0.16905231887748895,-0.05167231832756655,-0.5146486168899719,-0.2959582010486586,-0.9599527398550317,0.17310670968289424,0.17309406677422937
-0.7376358772489527,-0.875403363103171,-0.3621008739971774,-0.3321968045914847,-0.039181055286773056,-0.10978533732117574,-0.2595679945779887,0.9608296992601207,-0.10201663819307528,-0.6197856317645573,-1.0595232868397997
-1.0837563190878554,0.47824724471355023,-0.11706416068803956,0.44953010992942755,-0.3422140036651105,-1.504497793167796,-2.392969563005485,-0.9260737784637374,0.16196370077983394,-1.1483805260628581,1.7344093813519985
1.1083398125585295,-1.0687820213627024,1.353156119166786,-0.9493496318448365,-0.039181055286773056,0.0064407006660426236,0.06508007018271719,-1.1671015949613204,-0.2340068076795299,-0.7959839298639905,1.159187949665452
-1.5452502415397265,-0.875403363103171,-0.5254586828699355,-1.0316366754786166,-0.25563316127129976,0.9943620235573987,-0.7929183866848627,-1.2153071582608064,2.0098260735901956,-0.8840830789137074,0.5017920277379693
-0.7376358772489527,-0.48864604658410776,0.2096514570574771,2.3215603525979276,-0.2989235824682051,0.12266673865326098,-0.16681140464635844,1.952487001421555,0.22795878552305976,-0.5316864827148403,-1.470395738044476
0.41609892888072386,0.3815579155837844,0.5363670748029942,0.5729606753800979,-0.3422140036651105,0.5875708906021344,0.38972813494342307,0.6509367923346677,0.02997353129337933,-0.1792898865159733,-0.15560389418951204
-1.1991297997008237,1.058383219492145,1.1081194058576482,0.3260995444787573,-0.8184086368310695,-1.3301587361869684,-1.1407555989284761,-1.0638039593194772,1.2178850566714678,-0.35548818461540654,2.8026777544841575
0.8775928513325939,-0.2952673883245763,7.315716143022468,-0.27048152186614954,-0.4720852672558264,0.9362490045637895,3.636208782550482,-1.242853194431985,-1.0919429093414863,-0.5316864827148403,2.06310734231574
-1.1991297997008237,0.09148992819448672,-0.03538525625166028,-0.455627370042155,-0.7318277944372586,-0.28412439430200326,-1.1407555989284761,-1.325491302945406,0.3599489550095144,-0.6197856317645573,1.4057114203882586
0.41609892888072386,1.1550725486219109,0.37300926593023565,-0.7642037836688309,-0.6885373732403534,0.2970057956340885,-0.6537835017874173,-1.04658768671251,0.491939124495969,-0.26738903556568966,1.6522348911110634
-0.04539499357114716,1.058383219492145,0.04629364818471899,0.3055277835703123,-1.1214415852094068,0.18077975764687015,-0.09724396219763574,-0.5748618172815548,-0.10201663819307528,-0.44358733366512343,1.159187949665452
-0.853009357861921,-1.0687820213627024,0.6997248836757523,1.8895533735205818,-0.5586661096496373,-0.4003504322892216,-0.3059462895438038,1.0503543168163363,-2.14786426523312,-0.1792898865159733,-0.8951743063579298
0.3007254482677556,0.7683152321028474,0.2913303614938564,-0.2293380000492594,-1.1647320064063122,0.23889277664047934,-0.5378377643728794,-1.1808746130468715,-0.7619674856253483,-0.003091588416539527,1.7344093813519985
0.06997848704182111,-0.875403363103171,-0.11706416068803956,0.4083865881125376,-0.16905231887748895,-0.28412439430200326,-0.16681140464635844,0.2652922859385502,1.3498752261579225,-0.8840830789137074,-0.07342940394857704
-0.39151543541004996,0.5749365738433161,1.0264405014212694,-1.0110649145701716,-0.9915703216186909,-1.6788368501486235,-1.3262687787917367,-1.7696711362052207,-0.30000189242275865,0.43740415683204487,1.89875836183387
1.1083398125585295,0.1881792573242526,0.2096514570574771,-0.27048152186614954,-0.9482799004217854,-0.8652545842380951,1.410050624191356,-0.5404292720676198,-0.8939576551118029,1.4945939454286465,1.077013459424517
-0.853009357861921,3.8623737642553535,1.5165139280395445,-0.9287778709363915,-0.3855044248620159,-0.16789835631478492,-0.3291354370267114,-1.2290801763463957,0.29395387026628855,-0.35548818461540654,1.159187949665452
-1.8913706833786292,0.5749365738433161,0.2913303614938564,0.05866665266897152,-0.645246952043448,0.4132318336213069,-0.09724396219763574,-1.0431444321911316,0.3599489550095144,-0.7078847808142741,1.5700604008701284
-1.4298767609267593,-0.005199400935278622,0.5363670748029942,0.03809489176052635,-0.5153756884527319,0.0645537196596518,-0.4450811744412492,-0.8090031247363432,0.09596861603660517,-0.5316864827148403,1.2413624399063872
-0.7376358772489527,-0.875403363103171,0.37300926593023565,-0.16762271732392425,-1.1647320064063122,-0.7490285462508767,-1.2798904838259215,-1.439118702151422,-0.9599527398550317,-1.1483805260628581,1.5700604008701284
-1.314503280313791,-1.1654713504924683,-0.6071375873063147,0.07923841357741651,-0.12576189768058385,-0.4003504322892216,-0.561026911855787,-0.06526014811524845,-0.8939576551118029,0.7898007530309115,-0.5664763453941885
0.8775928513325939,-1.0687820213627024,1.0264405014212694,-1.0316366754786166,-0.4287948460589213,1.6336052324870995,0.22740410256307014,-0.8709817061214185,-1.157937994084712,-0.7078847808142741,0.09091957653329293
0.5314724094936911,-0.7787140339734051,0.4546881703666149,-0.7436320227603859,0.09069020830394313,-0.6328025082636584,-1.1639447464113837,-1.153328576875731,-1.6858986720305307,-1.2364796751125748,1.159187949665452
-0.1607684741841144,0.47824724471355023,0.2096514570574771,0.14095369630275165,-0.16905231887748895,-0.05167231832756655,-0.49145946940706436,-0.8813114696855914,-1.4879134178008473,-1.588876271311442,1.323536930147322
-0.1607684741841144,0.47824724471355023,0.04629364818471899,0.3260995444787573,-0.4287948460589213,0.23889277664047934,-0.3059462895438038,-0.8813114696855914,-1.3559232483143926,-1.500777122261725,1.4878859106291935
0.06997848704182111,0.7683152321028474,0.1279725526210978,0.5523889144716528,-0.3422140036651105,0.12266673865326098,-0.28275714206089625,-0.7539110523940243,-1.2899281635711668,-1.500777122261725,1.4878859106291935
1.1083398125585295,-0.6820247048436395,0.04629364818471899,1.23125702445034,-0.2989235824682051,1.168701080538226,0.06508007018271719,0.7266883918053323,-1.157937994084712,-1.588876271311442,-0.23777838443044702
-1.4298767609267593,1.2517618777516761,-0.9338532050518316,0.24381250084497694,0.17727105069775392,0.5294578716085252,0.38972813494342307,-0.23742287418496152,0.6899243787256494,-0.7959839298639905,-0.07342940394857704
0.8775928513325939,-1.2621606796222342,0.1279725526210978,-0.3321968045914847,0.22056147189465902,-0.6909155272572675,-0.9088641240994005,0.148221632211156,-0.6299773161388937,-0.44358733366512343,-0.8951743063579298
1.9159541768493034,-0.7787140339734051,0.5363670748029942,-0.9904931536617264,0.004109365910132342,-0.22601137530839407,-0.72335094423614,-0.6368403986666301,-1.2899281635711668,-1.2364796751125748,-0.07342940394857704
-0.39151543541004996,-0.39195671745434213,0.37300926593023565,-1.0110649145701716,-0.8184086368310695,-0.22601137530839407,-1.094377303962661,-1.5596326104001943,0.29395387026628855,-1.1483805260628581,1.4057114203882586
1.6852072156233688,-1.1654713504924683,0.2913303614938564,0.4083865881125376,-0.90498947922488,0.18077975764687015,-0.7001617967532324,-0.2511958922705126,-1.7518937567737565,-1.0602813770131412,1.077013459424517
-1.5452502415397265,-1.5522286670115315,-0.03538525625166028,-1.0110649145701716,-0.3422140036651105,-0.6909155272572675,-0.14362225716345087,-0.7401380343084732,0.3599489550095144,-0.35548818461540654,-0.6486508356351234
-0.7376358772489527,-1.745607325271063,0.618045979239373,-1.0110649145701716,-0.25563316127129976,-1.0395936412189226,-1.419025368723367,-1.3461508300737899,-0.3659969771659845,0.6136024549314787,0.6661410082198408
-0.39151543541004996,-0.6820247048436395,0.5363670748029942,0.2849560226618671,-0.21234274007439433,0.8200229665765711,-0.5146486168899719,-0.38203956408349604,0.09596861603660517,-0.5316864827148403,0.33744304725609936
2.1467011380752377,0.1881792573242526,2.0882662590941985,-0.8670625882110562,0.004109365910132342,-1.4463847741741869,-1.5581602536208123,-0.020497839337140642,-0.8939576551118029,0.6136024549314787,0.17309406677422937
-0.1607684741841144,-0.9720926922329369,0.2913303614938564,-0.9493496318448365,-0.8184086368310695,0.4132318336213069,-0.28275714206089625,-1.5148703016220866,0.29395387026628855,-1.0602813770131412,1.816583871592935
0.18535196765478837,-1.0687820213627024,0.2096514570574771,0.09981017448586167,0.3937231566822806,0.4132318336213069,-0.3291354370267114,-0.2098768380138212,-0.5639822313956678,0.08500756063317735,0.33744304725609936
-0.2761419547970827,-0.875403363103171,-0.03538525625166028,-0.8464908273026112,-0.4720852672558264,0.4132318336213069,0.2505932500459777,-0.6299538896238737,-0.30000189242275865,-1.1483805260628581,-0.31995287467138345
-1.1991297997008237,-0.005199400935278622,-0.2804219695607981,-0.9082061100279463,-0.8616990580279749,-0.22601137530839407,-0.5378377643728794,-1.4701079928439786,0.8219145482121041,0.9659990511303452,1.5700604008701284
0.8775928513325939,-0.39195671745434213,0.8630826925485108,-0.43505560913371,-0.3855044248620159,0.8200229665765711,0.20421495508016257,-0.9260737784637374,-0.8939576551118029,-1.0602813770131412,0.8304899887017108
-1.314503280313791,-1.1654713504924683,-0.11706416068803956,-0.9699213927532815,-0.4287948460589213,-1.6207238311550143,-1.1175664514455685,-0.9226305239423209,0.4259440397527402,-0.0911907374662564,0.33744304725609936
0.18535196765478837,-0.6820247048436395,0.6997248836757523,-0.1264791955070341,-0.3855044248620159,0.0645537196596518,-0.3291354370267114,-0.19954707444961015,-0.3659969771659845,0.2612058587326111,0.2552685570151644
-0.5068889160230172,-0.5853353757138736,0.37300926593023565,0.6552477190138781,-0.08247147648367845,0.0064407006660426236,-0.23637884709508114,-0.18233080184264264,-1.4879134178008473,-1.6769754203611589,0.33744304725609936
1.2237132931714978,0.5749365738433161,0.8630826925485108,0.12038193539430667,-0.8184086368310695,0.7037969285893527,-0.2595679945779887,-0.8778682151642131,-1.553908502544076,-1.0602813770131412,1.5700604008701284
-0.04539499357114716,-0.6820247048436395,0.5363670748029942,0.07923841357741651,-0.6019565308465427,0.2970057956340885,-0.3755137319925265,-0.5679753082387602,-0.10201663819307528,0.349305007782328,1.159187949665452
-1.8913706833786292,0.28486858645401847,0.2096514570574771,-0.16762271732392425,-0.645246952043448,0.6456839095957436,0.181025807597255,-1.4081294114588652,-0.3659969771659845,-1.588876271311442,1.4878859106291935
-1.4298767609267593,1.348451206881442,0.04629364818471899,-0.7230602618519408,-1.0348607428155963,-0.05167231832756655,-0.9320532715823081,-1.5975084101355457,0.16196370077983394,-0.9721822279634242,1.816583871592935
-0.04539499357114716,-0.005199400935278622,0.04629364818471899,0.3260995444787573,-0.4720852672558264,-0.05167231832756655,0.923078527050297,1.0779003529875149,0.8879096329553328,-0.5316864827148403,-1.2238722673216713
-0.04539499357114716,1.6385191942707398,0.2096514570574771,-0.18819447823236923,-0.5586661096496373,-0.4003504322892216,0.4361064299092382,-0.9605063236776724,-0.5639822313956678,-0.7959839298639905,1.4878859106291935
-0.2761419547970827,0.09148992819448672,0.4546881703666149,0.1718113376654193,-0.645246952043448,-0.7490285462508767,-0.9088641240994005,-0.8572086880358675,-0.30000189242275865,2.727982032124682,1.89875836183387
-0.04539499357114716,-0.6820247048436395,0.6997248836757523,-0.9699213927532815,-0.039181055286773056,-0.6328025082636584,-0.2595679945779887,-0.49911021781089027,-0.6959724008821225,3.344676075472699,0.2552685570151644
-0.04539499357114716,-0.2952673883245763,-0.7704953961790733,-0.8876343491195011,-0.039181055286773056,0.23889277664047934,0.6216196097724987,0.07935654178328606,2.207811327819876,0.7898007530309115,0.17309406677422937
-0.5068889160230172,-0.6820247048436395,0.04629364818471899,2.0849851021508097,-0.25563316127129976,1.2268140995318353,0.11145836514853233,1.0296947896879907,-0.5639822313956678,-0.9721822279634242,0.008745086292357939
-1.1991297997008237,0.47824724471355023,-0.8521743006154523,-0.18819447823236923,0.30714231428846983,-0.34223741329561247,-0.72335094423614,0.27217879498134484,-0.43199206190921324,0.2612058587326111,-1.3060467575626062
1.5698337350103995,0.1881792573242526,0.8630826925485108,1.3341158289925652,-0.12576189768058385,0.9943620235573987,0.38972813494342307,0.2515192678529609,-1.0259478245982576,-1.4126779732120083,1.159187949665452
-0.5068889160230172,-0.39195671745434213,-0.11706416068803956,-1.021350795024394,-0.21234274007439433,-0.6909155272572675,-0.14362225716345087,-1.1912043766110443,0.3599489550095144,-1.2364796751125748,0.9948389691835822
0.7622193707196266,-0.9720926922329369,0.94476159698489,-0.27048152186614954,-0.21234274007439433,1.8660573084615364,0.48248472487505334,-0.3751530550407014,-1.223933078827941,-0.9721822279634242,0.008745086292357939
-1.8913706833786292,0.5265919092784331,-1.0972110139245899,-0.8670625882110562,-0.5586661096496373,-1.0395936412189226,-1.465403663689182,-1.2979452667742657,0.9539047176985587,-0.0911907374662564,1.4057114203882586
0.3007254482677556,-1.358850008752,-0.03538525625166028,-1.0110649145701716,2.514953795330643,-0.8652545842380951,-1.9291866133473332,-1.1085662680976234,-0.03602155344984944,1.3183956473292127,0.7483154984607757
0.41609892888072386,-1.4555393378817658,1.0264405014212694,-0.9493496318448365,-0.08247147648367845,0.7619099475829619,-0.6074052068216022,-0.8675384516000403,-1.4879134178008473,-0.35548818461540654,0.41961753749703434
-0.39151543541004996,0.09148992819448672,-0.688816491742694,-0.7024885009434957,4.1599898008130465,-1.562610812161405,-0.6074052068216022,-0.3751530550407014,-1.2899281635711668,-0.44358733366512343,-0.5664763453941885
-0.7376358772489527,0.6716259029730814,-0.19874306512441883,-0.6819167400350507,-0.4287948460589213,0.12266673865326098,-1.0479990089968458,-1.5183135561434649,0.491939124495969,0.349305007782328,1.816583871592935
2.4928215799141418,0.9616938903623791,1.5981928324759238,-0.7847755445772759,2.428372952936832,-0.9233676032317042,-1.419025368723367,-1.3013885212956822,-1.7518937567737565,0.7017016039811945,1.89875836183387
-0.2761419547970827,-0.39195671745434213,0.37300926593023565,1.4061169921721228,-0.5153756884527319,-1.562610812161405,-1.465403663689182,0.024264469440967173,-0.6299773161388937,0.7017016039811945,1.89875836183387
-0.2761419547970827,-1.1654713504924683,0.04629364818471899,-0.9904931536617264,-0.3855044248620159,0.3551188146276977,-0.5146486168899719,-1.3392643210309954,-1.223933078827941,1.6707922435280802,1.159187949665452
-1.314503280313791,-1.2621606796222342,-0.4437797784335562,-0.455627370042155,-0.039181055286773056,1.2849271185254445,0.3201606924947004,-0.8572086880358675,0.16196370077983394,-1.941272867510309,0.5017920277379693
-0.2761419547970827,0.47824724471355023,0.5363670748029942,-0.6716308595808281,-0.21234274007439433,0.0064407006660426236,-1.1871338938942912,-1.5940651556141294,-0.5639822313956678,-0.8840830789137074,2.2274563227976114
-1.314503280313791,-0.7787140339734051,-0.2804219695607981,-0.7024885009434957,0.004109365910132342,0.18077975764687015,-0.28275714206089625,-0.3544935279123557,0.9539047176985587,0.08500756063317735,-0.5664763453941885
-0.04539499357114716,-0.1018887300650445,0.2913303614938564,0.4701018708378725,0.3937231566822806,0.9943620235573987,1.2709157392939106,0.712915373719743,-0.5639822313956678,0.2612058587326111,-0.8951743063579298
-0.04539499357114716,-0.1018887300650445,0.6997248836757523,0.2849560226618671,0.35043273548537524,1.3430401375190537,1.456428919157171,0.6096177380779382,-0.4979871466524391,-0.003091588416539527,-0.9773487965988648
-0.7376358772489527,-0.7787140339734051,-0.6071375873063147,-0.9904931536617264,0.04739978710703774,0.4132318336213069,-0.42189202695834166,-0.760797561436819,1.877835904103741,0.9659990511303452,0.33744304725609936
-0.1607684741841144,-1.4555393378817658,1.92490845022144,0.14095369630275165,0.437013577879186,1.4592661755062721,0.29697154501179285,0.5820717019067978,-1.553908502544076,-0.5316864827148403,-0.9773487965988648
-0.04539499357114716,-0.6820247048436395,0.2913303614938564,0.22324073993653196,-0.3422140036651105,-0.4584634512828308,-0.7001617967532324,-0.5955213444099006,-1.4219183330576213,2.9041803302241145,0.7483154984607757
-0.1607684741841144,0.28486858645401847,-0.11706416068803956,1.7661228080699112,-0.3422140036651105,-1.6788368501486235,-1.3494579262746442,0.11378908699722103,-0.3659969771659845,-1.3245788241622913,1.5700604008701284
-0.7376358772489527,-0.7787140339734051,-0.3621008739971774,1.210685263541895,-0.4720852672558264,-0.8071415652444859,-1.0248098615139383,-0.05148713002969741,-0.10201663819307528,-1.3245788241622913,1.077013459424517
-0.2761419547970827,-0.2952673883245763,0.04629364818471899,-0.5996296964012704,0.35043273548537524,-0.7490285462508767,0.08826921766562476,-0.14101174758591303,0.4259440397527402,-0.1792898865159733,-0.15560389418951204
0.06997848704182111,-0.5853353757138736,0.4546881703666149,0.017523130852081365,-0.4720852672558264,0.5294578716085252,0.08826921766562476,-0.8813114696855914,-0.5639822313956678,-1.4126779732120083,1.5700604008701284
-0.5068889160230172,-0.48864604658410776,0.1279725526210978,-0.27048152186614954,-0.2989235824682051,0.47134485261491604,0.22740410256307014,-0.5610887991959655,-0.10201663819307528,-0.7959839298639905,0.33744304725609936
0.8775928513325939,-0.1018887300650445,-0.3621008739971774,-0.7024885009434957,0.5668848414699019,0.12266673865326098,-0.5146486168899719,-0.175444292799848,-0.6959724008821225,-1.0602813770131412,-0.6486508356351234
-0.2761419547970827,0.5749365738433161,-0.7704953961790733,-0.5379144136759353,-0.5153756884527319,-0.34223741329561247,-0.885674976616493,-1.198090885653839,-0.6299773161388937,-0.7959839298639905,1.4057114203882586
-0.5068889160230172,-1.1654713504924683,0.6997248836757523,-1.0110649145701716,-0.4287948460589213,-0.34223741329561247,-0.561026911855787,-1.0293714141055423,-0.10201663819307528,0.2612058587326111,0.33744304725609936
-1.1991297997008237,0.1881792573242526,0.6997248836757523,-0.9904931536617264,-0.4287948460589213,-0.9233676032317042,-0.561026911855787,-1.749011609076875,-0.6299773161388937,-0.26738903556568966,1.6522348911110634
0.18535196765478837,0.09148992819448672,0.1279725526210978,-0.9287778709363915,-0.4287948460589213,0.4132318336213069,-0.6537835017874173,-0.8950844877711807,0.7559194634688782,1.142197349229779,0.8304899887017108
-0.1607684741841144,-0.6820247048436395,0.2096514570574771,0.5421030340174305,-1.1214415852094068,-0.8652545842380951,-1.1871338938942912,-0.8021166156935485,-0.03602155344984944,-2.3817686127588935,2.309630813038546
-0.04539499357114716,-0.5853353757138736,0.618045979239373,0.16152545721119682,-0.5153756884527319,0.23889277664047934,-0.49145946940706436,-0.46123441807553883,-0.10201663819307528,-0.26738903556568966,0.7483154984607757
0.9929663319455622,-0.1018887300650445,1.2714772147304068,-0.43505560913371,-0.3855044248620159,0.6456839095957436,0.04189092269980963,-0.9054142513353535,-1.0259478245982576,-0.9721822279634242,0.8304899887017108
-0.5068889160230172,-0.2952673883245763,0.2913303614938564,-0.2910532827745945,-0.2989235824682051,0.3551188146276977,0.22740410256307014,-0.5817483263243495,-0.10201663819307528,-0.7959839298639905,0.41961753749703434
-0.1607684741841144,-1.4555393378817658,0.94476159698489,-0.3527685654999297,-0.12576189768058385,0.9943620235573987,-0.14362225716345087,-0.7470245433512679,-0.8939576551118029,0.43740415683204487,0.5839665179789058
-0.1607684741841144,-0.39195671745434213,0.2913303614938564,1.1078264589996696,-0.12576189768058385,1.6917182514807088,0.8303219371186668,0.8713050817038668,-0.7619674856253483,0.349305007782328,-0.5664763453941885
0.3007254482677556,-0.1985780591948104,0.2913303614938564,-0.08533567369014393,-0.90498947922488,-0.22601137530839407,-0.7465400917190476,-1.0224849050627476,-0.8939576551118029,-1.4126779732120083,1.6522348911110634
-1.775997202765662,0.1881792573242526,-1.4239266316701067,-0.3527685654999297,-0.7318277944372586,0.12266673865326098,-0.8624858291335854,-1.1326690497473473,0.6899243787256494,-1.1483805260628581,0.9948389691835822
0.3007254482677556,0.9616938903623791,0.5363670748029942,-0.7642037836688309,-0.16905231887748895,1.110588061544617,1.4796180666400787,-0.6953757255303272,-1.0919429093414863,0.08500756063317735,0.6661410082198408
0.6468458901066594,-0.875403363103171,-0.19874306512441883,1.7661228080699112,-0.039181055286773056,0.23889277664047934,1.2941048867768181,1.6563671125816912,-0.6299773161388937,0.08500756063317735,-1.1416977770807362
-0.6222623966359855,0.3815579155837844,-0.11706416068803956,-0.9082061100279463,-0.6885373732403534,-0.6328025082636584,-0.8392966816506778,-1.569962373964367,0.09596861603660517,-0.6197856317645573,1.9809328520748049
0.8775928513325939,-0.875403363103171,-0.11706416068803956,2.640422646678826,0.04739978710703774,-0.16789835631478492,1.2941048867768181,2.1866283088763434,-0.6299773161388937,0.08500756063317735,-1.0595232868397997
-0.39151543541004996,-0.1985780591948104,-0.19874306512441883,-0.47619913095060007,-0.6885373732403534,0.0645537196596518,-1.0479990089968458,-1.2153071582608064,0.16196370077983394,1.142197349229779,1.6522348911110634
-1.0837563190878554,-0.39195671745434213,-1.7506422494156237,-0.9287778709363915,-0.4720852672558264,1.4592661755062721,2.5463188508538264,-0.0721466571580431,0.9539047176985587,-0.44358733366512343,-0.8129998161169948
-3.045105489508306,-0.6336800402787566,-0.8521743006154523,-0.16762271732392425,-0.21234274007439433,1.6917182514807088,0.45929557739214577,1.0641273349019256,1.481865395644377,-0.44358733366512343,-2.127791659971959
1.4544602543974323,-0.39195671745434213,-0.11706416068803956,0.9432523717321091,-0.6885373732403534,-0.05167231832756655,-0.7465400917190476,0.09657281439025354,-0.5639822313956678,-0.6197856317645573,0.9948389691835822
-1.1991297997008237,-0.48864604658410776,-1.0972110139245899,-0.805347305485721,-0.12576189768058385,0.23889277664047934,0.38972813494342307,-0.5266562539820305,0.09596861603660517,-0.8840830789137074,-0.31995287467138345
0.7622193707196266,0.47824724471355023,0.2096514570574771,-0.6819167400350507,0.22056147189465902,-0.5165764702764399,-0.2595679945779887,-0.9708360872418452,0.8219145482121041,0.349305007782328,1.7344093813519985
-0.2761419547970827,0.9616938903623791,0.2096514570574771,0.6758194799223232,0.6534656838637127,0.4132318336213069,1.7810769839178768,1.3120416604423033,0.7559194634688782,0.6136024549314787,-0.9773487965988648
-0.5068889160230172,-1.2621606796222342,-0.3621008739971774,-0.8464908273026112,-0.08247147648367845,-0.8071415652444859,-0.5146486168899719,-0.7332515252656786,-0.6299773161388937,-0.9721822279634242,-0.31995287467138345
-0.39151543541004996,0.3815579155837844,0.04629364818471899,-0.04419215187325378,-0.08247147648367845,-0.4584634512828308,-1.0711881564797534,-0.6712729438805651,0.5579342092391948,0.9659990511303452,1.159187949665452
0.7622193707196266,-0.5853353757138736,-0.11706416068803956,-0.7230602618519408,-0.039181055286773056,-0.34223741329561247,-0.8624858291335854,-0.8399924154289,-0.7619674856253483,0.9659990511303452,0.5839665179789058
-0.5068889160230172,-0.48864604658410776,-0.11706416068803956,-0.8259190663941661,-0.3422140036651105,0.2970057956340885,-0.4450811744412492,-1.0500309412339262,0.8219145482121041,0.349305007782328,0.9948389691835822
-0.853009357861921,-0.5853353757138736,-0.19874306512441883,-0.9287778709363915,-0.2989235824682051,0.2970057956340885,-0.190000552129266,-0.6402836531880466,1.6798506498740604,0.8778999020806283,0.2552685570151644
-0.39151543541004996,1.9285871816600368,-2.5674312937794155,-1.0316366754786166,-0.12576189768058385,-0.16789835631478492,-0.885674976616493,-0.5266562539820305,-0.3659969771659845,-0.1792898865159733,-0.6486508356351234
-0.2761419547970827,-0.48864604658410776,-0.2804219695607981,-0.27048152186614954,0.6101752626668073,-0.34223741329561247,0.38972813494342307,-0.8158896337791378,0.22795878552305976,-0.003091588416539527,1.323536930147322
-0.5068889160230172,-1.1654713504924683,-0.688816491742694,-0.9287778709363915,0.4803039990760914,-0.8071415652444859,-0.28275714206089625,-0.9914956143702292,0.22795878552305976,-0.44358733366512343,0.41961753749703434
0.6468458901066594,-1.1654713504924683,-0.11706416068803956,-0.9287778709363915,0.8266273686513342,-0.6909155272572675,0.06508007018271719,-0.8434356699502782,-0.8939576551118029,-0.1792898865159733,0.6661410082198408
-0.39151543541004996,0.3815579155837844,-0.2804219695607981,-0.7436320227603859,0.22056147189465902,-0.8652545842380951,-0.23637884709508114,-1.4287889385872492,-0.43199206190921324,0.2612058587326111,1.816583871592935
-0.1607684741841144,-1.5522286670115315,0.2096514570574771,-0.7436320227603859,-0.2989235824682051,0.47134485261491604,-0.28275714206089625,-0.5163264904178577,-0.8279625703685771,1.5826930944783633,-0.40212736491231843
-0.2761419547970827,-0.7787140339734051,-1.5872844405428652,-0.3116250436830395,5.978187491083072,0.0064407006660426236,0.714376199704129,0.058697014654902145,-1.7518937567737565,-0.35548818461540654,-0.9773487965988648
1.339086773784465,0.5749365738433161,-0.688816491742694,0.09981017448586167,-0.4720852672558264,0.18077975764687015,-0.7929183866848627,-0.7952301066507539,-1.883883926260211,-2.2936694637091763,1.323536930147322
-0.04539499357114716,-0.6820247048436395,-0.19874306512441883,-0.6202014573097155,0.004109365910132342,0.2970057956340885,-0.3755137319925265,-0.8572086880358675,-0.8279625703685771,1.4064947963789296,0.2552685570151644
-0.04539499357114716,-0.48864604658410776,-0.19874306512441883,-0.6407732182181606,0.04739978710703774,0.2970057956340885,-0.35232458450961895,-0.8709817061214185,-0.8939576551118029,1.3183956473292127,0.2552685570151644
-0.2761419547970827,-0.005199400935278622,0.6997248836757523,0.4701018708378725,-0.08247147648367845,1.4592661755062721,1.3636723292255408,0.6302772652062838,-0.3659969771659845,-0.0911907374662564,-0.9773487965988648
1.1083398125585295,-0.2952673883245763,0.2913303614938564,-1.0110649145701716,-0.12576189768058385,-1.4463847741741869,-1.3262687787917367,-0.8640951970786239,-0.7619674856253483,-0.9721822279634242,0.6661410082198408
-1.4298767609267593,-1.5522286670115315,-0.03538525625166028,-0.6202014573097155,-0.08247147648367845,-0.8071415652444859,-1.4885928111720896,-1.6629302460420374,-0.16801172293630404,-1.500777122261725,1.89875836183387
-0.2761419547970827,-0.005199400935278622,0.618045979239373,0.22324073993653196,0.004109365910132342,1.401153156512663,1.3172940342597257,0.6165042471207327,-0.3659969771659845,-0.0911907374662564,-0.9773487965988648
-0.04539499357114716,-1.0687820213627024,0.1279725526210978,-0.8464908273026112,-0.25563316127129976,-0.34223741329561247,-1.2335121888601064,-1.439118702151422,-1.883883926260211,0.7017016039811945,1.159187949665452
0.5314724094936911,-0.2952673883245763,-0.4437797784335562,-0.9082061100279463,-0.12576189768058385,-0.9233676032317042,-0.561026911855787,-0.14101174758591303,1.2178850566714678,0.6136024549314787,-0.40212736491231843
-0.39151543541004996,-0.2952673883245763,1.353156119166786,0.34667130538720226,0.04739978710703774,1.110588061544617,1.08540255943065,0.664709810420257,-0.16801172293630404,-0.35548818461540654,-1.1416977770807362
-0.6222623966359855,-0.39195671745434213,0.1279725526210978,-0.7436320227603859,-0.2989235824682051,0.47134485261491604,-0.6537835017874173,-1.1120095226190014,0.9539047176985587,-0.44358733366512343,0.9948389691835822
-0.04539499357114716,0.3815579155837844,-0.11706416068803956,0.5729606753800979,-0.7318277944372586,-0.22601137530839407,-0.7465400917190476,-0.8021166156935485,-1.2899281635711668,-1.3245788241622913,1.4057114203882586
-0.2761419547970827,-0.39195671745434213,-0.4437797784335562,0.16152545721119682,-0.6019565308465427,-0.5165764702764399,-1.0711881564797534,-0.7125919981372947,-0.43199206190921324,-1.500777122261725,1.4057114203882586
-0.6222623966359855,-0.5853353757138736,0.04629364818471899,-0.18819447823236923,-0.6019565308465427,0.0645537196596518,-1.0248098615139383,-1.2635127215603308,0.491939124495969,-1.1483805260628581,2.3918053032794813
-0.9683828384748883,0.3815579155837844,-0.2804219695607981,-0.8259190663941661,-0.5586661096496373,0.3551188146276977,0.11145836514853233,-1.6078381736997187,0.6239292939824236,-0.6197856317645573,1.816583871592935
-0.6222623966359855,-0.875403363103171,-0.3621008739971774,-0.805347305485721,-1.0348607428155963,-0.10978533732117574,-0.9552424190652156,-1.6422707189136536,-1.0259478245982576,0.43740415683204487,1.816583871592935
2.9543155023660126,-0.39195671745434213,-0.3621008739971774,0.5318171535632078,-0.3855044248620159,5.17849939109726,1.6419420990204316,0.055253760133523934,-1.9498790110034399,-0.9721822279634242,0.33744304725609936
-0.5068889160230172,0.6716259029730814,-0.4437797784335562,1.3752593508094553,-0.2989235824682051,-0.9233676032317042,-0.3059462895438038,0.5510824112142411,0.02997353129337933,-0.5316864827148403,0.008745086292357939
-0.1607684741841144,1.7352085234005057,-0.5254586828699355,-0.14705095641547908,-0.2989235824682051,0.0064407006660426236,-0.9552424190652156,-0.8606519425572456,-0.2340068076795299,-0.44358733366512343,1.4878859106291935
-0.6222623966359855,0.1881792573242526,-0.3621008739971774,-0.7847755445772759,0.09069020830394313,-0.10978533732117574,0.11145836514853233,-1.4563349747583894,0.16196370077983394,-0.26738903556568966,1.89875836183387
-0.9683828384748883,-0.875403363103171,-0.3621008739971774,-0.9904931536617264,0.04739978710703774,1.8660573084615364,0.343349839977608,-0.7539110523940243,2.2738064125631046,0.8778999020806283,0.41961753749703434
-1.0837563190878554,-0.39195671745434213,-0.4437797784335562,-0.9493496318448365,-0.6019565308465427,0.0645537196596518,-0.9784315665481231,-1.6870330276917613,-0.7619674856253483,1.3183956473292127,1.89875836183387
0.5314724094936911,-1.3105053441871173,-0.03538525625166028,-0.9904931536617264,-0.16905231887748895,-1.21393269819975,-1.6972951385182578,-1.2635127215603308,-0.6299773161388937,-1.0602813770131412,0.9948389691835822
-0.2761419547970827,1.4934852005760908,0.37300926593023565,0.6758194799223232,0.5235944202729967,1.8079442894679272,2.453562260922196,1.563399240504059,0.22795878552305976,0.43740415683204487,-1.2238722673216713
-1.1991297997008237,-0.9720926922329369,0.2913303614938564,-0.9699213927532815,-0.4287948460589213,-0.9233676032317042,-1.465403663689182,-1.8109901904619503,-0.6959724008821225,-0.003091588416539527,1.7344093813519985
-1.1991297997008237,-0.9720926922329369,0.2913303614938564,-0.9904931536617264,-0.4287948460589213,-0.22601137530839407,-0.9552424190652156,-1.5045405380579138,-0.2340068076795299,-0.0911907374662564,1.159187949665452
-1.4298767609267593,0.3815579155837844,-0.11706416068803956,0.4906736317463179,-0.12576189768058385,-0.16789835631478492,-0.7465400917190476,-0.3889260731262907,0.29395387026628855,-0.1792898865159733,0.5017920277379693
-0.2761419547970827,-1.1654713504924683,0.1279725526210978,-0.8464908273026112,-0.16905231887748895,-0.5165764702764399,-0.7465400917190476,-1.4356754476300055,-0.03602155344984944,2.2874862868760975,1.4878859106291935
-2.0067441639915975,-0.6820247048436395,-0.4437797784335562,-0.9287778709363915,0.04739978710703774,0.7619099475829619,0.2505932500459777,-0.726365016222884,2.0098260735901956,-0.003091588416539527,-0.15560389418951204
0.7622193707196266,0.09148992819448672,0.2096514570574771,2.0129839389712516,0.17727105069775392,-0.34223741329561247,-0.3059462895438038,1.0365812987307852,-0.8939576551118029,0.43740415683204487,-0.15560389418951204
-0.9683828384748883,-0.1985780591948104,-0.03538525625166028,-0.3219109241372622,-0.25563316127129976,-1.155819679206141,-1.3262687787917367,-1.5320865742290541,0.6239292939824236,0.08500756063317735,1.7344093813519985
-1.314503280313791,-0.1985780591948104,-0.2804219695607981,-0.8464908273026112,-0.2989235824682051,-0.28412439430200326,-0.7465400917190476,-1.3220480484240278,1.877835904103741,0.2612058587326111,1.5700604008701284
0.3007254482677556,-1.0687820213627024,-0.19874306512441883,-0.8876343491195011,-0.3855044248620159,-1.155819679206141,-0.7929183866848627,-0.9605063236776724,-0.3659969771659845,0.08500756063317735,1.159187949665452
0.06997848704182111,-1.0687820213627024,-0.2804219695607981,-0.805347305485721,0.04739978710703774,-1.2720457171933592,-0.4682703219241568,-0.7814570885652029,-0.2340068076795299,0.17310670968289424,0.8304899887017108
-0.04539499357114716,-0.2952673883245763,-0.4437797784335562,-0.18819447823236923,-0.4720852672558264,0.4132318336213069,-0.2595679945779887,-1.1395555587901418,-0.4979871466524391,-0.9721822279634242,1.6522348911110634
-0.2761419547970827,-1.0687820213627024,-0.4437797784335562,-0.8464908273026112,-0.16905231887748895,1.5754922134934903,0.9462676745332046,-0.6024078534526952,-0.30000189242275865,-0.6197856317645573,-0.31995287467138345
-1.1991297997008237,-1.0687820213627024,0.2096514570574771,-0.9493496318448365,-0.4287948460589213,-1.3882717551805777,-1.5581602536208123,-0.6092943624954898,1.547860480387606,1.6707922435280802,-0.15560389418951204
-0.5068889160230172,-0.39195671745434213,-0.3621008739971774,-1.0110649145701716,-0.3422140036651105,-0.9814806222253134,-0.35232458450961895,-1.0982365045334122,0.6899243787256494,-0.6197856317645573,0.7483154984607757
-0.1607684741841144,-0.6820247048436395,0.04629364818471899,-0.9287778709363915,0.13398062950084852,0.0645537196596518,-0.5842160593386946,-0.9914956143702292,-1.157937994084712,0.08500756063317735,0.33744304725609936
-0.1607684741841144,-0.48864604658410776,-0.03538525625166028,0.44953010992942755,0.09069020830394313,0.5875708906021344,0.8998893795673895,0.3203843582808691,-0.5639822313956678,0.2612058587326111,-0.40212736491231843
-0.04539499357114716,-0.48864604658410776,-0.11706416068803956,0.5523889144716528,0.004109365910132342,0.7037969285893527,0.5056738723579609,0.2515192678529609,-0.7619674856253483,0.2612058587326111,-0.07342940394857704
-0.39151543541004996,-0.5853353757138736,-0.4437797784335562,-0.455627370042155,0.5668848414699019,-0.34223741329561247,0.3201606924947004,-0.6953757255303272,0.22795878552305976,-0.7078847808142741,1.2413624399063872
-2.0067441639915975,-1.1171266859275855,-0.9338532050518316,-0.04419215187325378,0.04739978710703774,0.4132318336213069,0.20421495508016257,-0.13412523854315664,-0.10201663819307528,0.5255033058817618,-0.5664763453941885
-0.2761419547970827,1.396795871446325,-0.688816491742694,-0.7333461423061632,-0.5153756884527319,-0.6909155272572675,-1.1639447464113837,-1.0224849050627476,-0.9599527398550317,-0.7078847808142741,0.6661410082198408
0.06997848704182111,0.9616938903623791,-0.3621008739971774,1.5912628403481284,0.09069020830394313,0.9943620235573987,1.2013482968451878,1.3946797689557242,-1.2899281635711668,0.9659990511303452,-0.8951743063579298
0.41609892888072386,-0.1018887300650445,-0.4437797784335562,1.9101251344290264,0.004109365910132342,-1.6788368501486235,-2.230645530625132,0.9849324809098828,-0.16801172293630404,-0.8840830789137074,0.2552685570151644
0.8775928513325939,-1.0687820213627024,-0.5254586828699355,-0.27048152186614954,0.17727105069775392,-0.6909155272572675,-0.9088641240994005,0.148221632211156,-0.7619674856253483,-0.1792898865159733,-0.8951743063579298
-0.7376358772489527,0.1881792573242526,-0.19874306512441883,-0.9699213927532815,0.09069020830394313,-0.9233676032317042,-0.28275714206089625,-1.3082750303384385,0.8219145482121041,0.43740415683204487,1.6522348911110634
-0.39151543541004996,-0.1985780591948104,-0.11706416068803956,0.15123957675697433,0.5668848414699019,-0.05167231832756655,-0.7697292392019551,-0.4302451273830203,-0.10201663819307528,-0.6197856317645573,0.41961753749703434
0.06997848704182111,0.7683152321028474,-0.4437797784335562,1.5706910794396836,0.09069020830394313,0.9362490045637895,1.2013482968451878,1.3877932599129679,-1.2899281635711668,0.9659990511303452,-0.8951743063579298
-0.04539499357114716,-0.9720926922329369,-0.7704953961790733,0.7992500453729937,0.5235944202729967,1.6917182514807088,1.1781591493622803,0.4856605753077493,-0.43199206190921324,0.17310670968289424,0.008745086292357939
-0.1607684741841144,-0.9720926922329369,-0.7704953961790733,0.9021088499152191,0.4803039990760914,1.6917182514807088,1.1085917069135576,0.4822173207863711,-0.4979871466524391,0.08500756063317735,0.008745086292357939
-0.2761419547970827,-1.1654713504924683,-1.0155321094882108,0.16152545721119682,0.3937231566822806,0.47134485261491604,0.45929557739214577,0.017377960398172534,-0.30000189242275865,0.2612058587326111,0.17309406677422937
-0.5068889160230172,-1.0687820213627024,-0.5254586828699355,0.8198218062814387,0.04739978710703774,-0.5165764702764399,-0.8392966816506778,0.747347918933678,0.9539047176985587,0.08500756063317735,-0.5664763453941885
0.41609892888072386,-0.5853353757138736,-0.4437797784335562,0.2643842617534221,0.6101752626668073,0.3551188146276977,-0.12043310968054331,-0.09969269332918343,-0.7619674856253483,0.8778999020806283,0.5839665179789058
-0.9683828384748883,-0.5853353757138736,-0.4437797784335562,-0.9904931536617264,-0.5153756884527319,0.7037969285893527,-1.094377303962661,-1.7800008997693935,0.16196370077983394,-0.9721822279634242,1.6522348911110634
-0.1607684741841144,0.7683152321028474,-0.4437797784335562,0.4906736317463179,-0.5153756884527319,-0.34223741329561247,-1.303079631308829,-0.7849003430865811,-1.553908502544076,-0.8840830789137074,1.5700604008701284
-0.39151543541004996,1.445140536011208,-0.4437797784335562,1.097540578545447,-0.6019565308465427,-0.22601137530839407,-1.1639447464113837,-0.5473157811104145,-1.157937994084712,-0.9721822279634242,1.4878859106291935
-1.0837563190878554,-0.7787140339734051,-0.4437797784335562,1.4164028726263456,-0.3422140036651105,-0.34223741329561247,-0.12043310968054331,0.16199465029674529,0.7559194634688782,0.7017016039811945,0.9948389691835822
-1.775997202765662,0.3815579155837844,-0.8521743006154523,0.768392404010326,-0.8616990580279749,-0.5165764702764399,-0.42189202695834166,-0.726365016222884,-0.10201663819307528,0.349305007782328,1.323536930147322
-0.04539499357114716,-0.7787140339734051,-0.4437797784335562,1.3752593508094553,0.09069020830394313,1.110588061544617,-0.02767651974891306,0.6096177380779382,-0.03602155344984944,-1.0602813770131412,0.09091957653329293
-0.9683828384748883,-0.5853353757138736,-0.03538525625166028,1.292972307175675,-0.5586661096496373,-0.5746894892700491,-0.9320532715823081,-0.07903316620083774,-0.16801172293630404,-0.6197856317645573,0.5839665179789058
0.3007254482677556,-0.9720926922329369,1.2714772147304068,-0.9493496318448365,-0.5586661096496373,-1.3301587361869684,-1.5117819586549972,-1.0569174502766827,-0.9599527398550317,0.349305007782328,0.5839665179789058
-0.9683828384748883,-0.7787140339734051,-0.6071375873063147,-0.9904931536617264,-0.5586661096496373,0.18077975764687015,-1.627727696069535,-1.463221483801184,-0.3659969771659845,-0.9721822279634242,0.7483154984607757
0.8775928513325939,-0.7787140339734051,-0.6071375873063147,-0.2293380000492594,-0.5586661096496373,-0.5165764702764399,-1.419025368723367,-1.0431444321911316,-1.4219183330576213,-0.003091588416539527,1.4057114203882586
-0.7376358772489527,0.1881792573242526,-1.0155321094882108,-0.9904931536617264,-0.6019565308465427,-0.22601137530839407,-0.6074052068216022,-1.6835897731703833,-1.4879134178008473,-0.6197856317645573,1.323536930147322
-0.9683828384748883,0.09148992819448672,-0.688816491742694,-0.9287778709363915,-0.5586661096496373,-0.28412439430200326,-0.5378377643728794,-2.014142207224182,-0.7619674856253483,-0.5316864827148403,2.145281832556675
-0.2761419547970827,-0.9720926922329369,-0.4437797784335562,-0.8670625882110562,-0.21234274007439433,1.0524750425510079,0.552052167323776,-0.5920780898885223,-0.43199206190921324,-0.35548818461540654,-0.31995287467138345
0.18535196765478837,-0.5853353757138736,-0.4437797784335562,0.963824132640554,-0.2989235824682051,-0.16789835631478492,-0.4682703219241568,-0.08247642072221595,-0.9599527398550317,0.5255033058817618,0.7483154984607757
-1.4298767609267593,-1.2621606796222342,-0.6071375873063147,-0.07504979323592144,0.22056147189465902,0.9362490045637895,0.04189092269980963,-0.14789825662870767,1.811840819360515,0.08500756063317735,0.33744304725609936
0.06997848704182111,-0.005199400935278622,-0.7704953961790733,-0.7847755445772759,-0.5153756884527319,0.8200229665765711,-0.3755137319925265,-1.7111358093415234,-1.4219183330576213,-0.5316864827148403,2.145281832556675
-1.0837563190878554,-0.875403363103171,-1.0155321094882108,-0.8670625882110562,-0.039181055286773056,1.2849271185254445,-0.05086566723182062,-0.1306819840217402,0.8219145482121041,-0.44358733366512343,-0.8951743063579298
1.1083398125585295,-0.5853353757138736,-0.6071375873063147,0.6346759581054331,0.04739978710703774,0.18077975764687015,-0.12043310968054331,1.1054463891586552,0.3599489550095144,0.349305007782328,-0.31995287467138345
0.18535196765478837,1.1550725486219109,-0.688816491742694,-0.8464908273026112,0.17727105069775392,0.9362490045637895,1.2013482968451878,-0.7057054890945383,-1.2899281635711668,0.5255033058817618,0.6661410082198408
-0.853009357861921,-0.005199400935278622,-0.5254586828699355,-0.24990976095770437,-0.6885373732403534,1.2268140995318353,0.06508007018271719,-1.1602150859185258,-0.2340068076795299,-0.6197856317645573,1.5700604008701284
0.8775928513325939,0.7683152321028474,1.2714772147304068,1.1078264589996696,0.004109365910132342,3.0283176883337197,1.9434010162982298,1.587502022153783,-1.223933078827941,-0.5316864827148403,-1.1416977770807362
-0.39151543541004996,-0.005199400935278622,0.04629364818471899,-0.47619913095060007,-0.25563316127129976,-0.34223741329561247,-0.3755137319925265,-0.9226305239423209,0.5579342092391948,-0.0911907374662564,1.2413624399063872
0.06997848704182111,-0.875403363103171,0.1279725526210978,0.20266897902808698,-0.039181055286773056,0.9362490045637895,-0.28275714206089625,-0.1685577837570916,-0.6299773161388937,-0.44358733366512343,0.09091957653329293
-0.5068889160230172,-0.5853353757138736,-0.11706416068803956,-0.2087662391408142,0.004109365910132342,0.8781359855701802,0.4361064299092382,-0.21676334705657763,1.2178850566714678,0.5255033058817618,0.5017920277379693
-0.04539499357114716,-0.48864604658410776,-0.2804219695607981,0.21295485948230947,-0.08247147648367845,0.4132318336213069,0.9694568220161122,0.2790653040241395,0.3599489550095144,0.6136024549314787,0.008745086292357939
-0.5068889160230172,0.3815579155837844,-0.19874306512441883,-0.8259190663941661,-0.3855044248620159,-0.05167231832756655,-0.2595679945779887,-1.3048317758170602,-0.8939576551118029,-0.35548818461540654,0.9948389691835822
2.262074618688207,1.058383219492145,0.1279725526210978,-0.8464908273026112,2.1686304257554005,-0.7490285462508767,-1.3262687787917367,-1.2497397034747415,-1.6199035872873018,0.43740415683204487,1.6522348911110634
-0.2761419547970827,-0.39195671745434213,-0.2804219695607981,1.1078264589996696,-0.8616990580279749,-1.3882717551805777,-1.3958362212404594,0.0070481968339996875,-0.43199206190921324,0.5255033058817618,1.816583871592935
0.06997848704182111,0.09148992819448672,-0.2804219695607981,0.4701018708378725,-0.8616990580279749,0.0064407006660426236,-0.5842160593386946,-0.8090031247363432,-1.2899281635711668,-1.0602813770131412,1.4057114203882586
0.06997848704182111,-0.005199400935278622,-0.2804219695607981,0.4906736317463179,-0.8616990580279749,0.12266673865326098,-0.561026911855787,-0.8262193973433107,-1.3559232483143926,-0.9721822279634242,1.4057114203882586
-0.1607684741841144,0.9616938903623791,-0.6071375873063147,0.7478206431018811,-0.4287948460589213,0.0064407006660426236,-1.0711881564797534,-0.6506134167522194,-1.4219183330576213,-1.0602813770131412,1.4878859106291935
1.339086773784465,-0.005199400935278622,-0.2804219695607981,0.5112453926547629,-0.6885373732403534,0.0064407006660426236,-0.5146486168899719,-0.6437269077094248,-1.7518937567737565,-0.6197856317645573,1.4057114203882586
-0.39151543541004996,-0.2952673883245763,0.94476159698489,0.3878148272040924,0.09069020830394313,0.9943620235573987,1.1781591493622803,0.6784828285058081,0.02997353129337933,0.349305007782328,-1.2238722673216713
-0.2761419547970827,-0.1985780591948104,1.0264405014212694,0.3878148272040924,0.04739978710703774,0.7619099475829619,1.1317808543964651,0.6922558465913974,0.02997353129337933,0.43740415683204487,-1.2238722673216713
0.6468458901066594,0.09148992819448672,-0.4437797784335562,0.8815370890067737,-0.6019565308465427,0.47134485261491604,0.01870177521690207,0.45122803009381435,-0.6299773161388937,-0.1792898865159733,0.008745086292357939
-0.6222623966359855,-0.875403363103171,-0.3621008739971774,-0.08533567369014393,-0.16905231887748895,0.5294578716085252,1.2013482968451878,-0.25808240131330723,-0.03602155344984944,-0.1792898865159733,-0.23777838443044702
-0.853009357861921,0.47824724471355023,-0.11706416068803956,0.3878148272040924,0.2638518930915644,0.9943620235573987,1.0622134119477424,0.9573864447387043,1.2838801414146965,1.4064947963789296,-0.8951743063579298
-1.4298767609267593,0.3815579155837844,-0.03538525625166028,0.3055277835703123,-0.3855044248620159,-0.5746894892700491,-0.9784315665481231,-0.38203956408349604,0.3599489550095144,-0.003091588416539527,0.41961753749703434
0.9929663319455622,1.7352085234005057,-1.2605688227973484,-0.5379144136759353,0.35043273548537524,-0.9814806222253134,0.1346475126314399,0.044923996569351095,-0.4979871466524391,0.17310670968289424,0.17309406677422937
2.262074618688207,-0.875403363103171,-0.2804219695607981,-0.18819447823236923,-0.775118215634164,-0.05167231832756655,-0.3987028794754341,-0.4715641816397499,-1.6858986720305307,-0.1792898865159733,0.5017920277379693
2.262074618688207,-0.1018887300650445,-0.688816491742694,-0.18819447823236923,-0.9482799004217854,0.9943620235573987,-0.885674976616493,-0.4440181454685714,-2.14786426523312,-0.003091588416539527,0.6661410082198408
-1.1991297997008237,-0.9720926922329369,-0.4437797784335562,-0.9493496318448365,-0.5153756884527319,-1.504497793167796,-1.0016207140310307,-0.9880523598488127,0.09596861603660517,0.2612058587326111,0.5017920277379693
-1.1991297997008237,-1.2621606796222342,-0.11706416068803956,-0.9699213927532815,-0.3855044248620159,-1.21393269819975,-0.42189202695834166,-0.8331059063861054,-0.03602155344984944,0.08500756063317735,-0.31995287467138345
0.3007254482677556,0.3815579155837844,-0.2804219695607981,0.8198218062814387,-0.21234274007439433,1.6336052324870995,1.2709157392939106,0.9057376269178018,-0.4979871466524391,-0.003091588416539527,-0.31995287467138345
-0.7376358772489527,-0.48864604658410776,0.1279725526210978,-1.0727801972955067,0.22056147189465902,-0.6328025082636584,-0.6074052068216022,-0.7539110523940243,1.151889971928242,-0.5316864827148403,0.33744304725609936
2.377448099301174,0.1881792573242526,0.1279725526210978,-0.27048152186614954,-0.6019565308465427,-0.16789835631478492,0.2505932500459777,0.27217879498134484,-0.30000189242275865,-0.35548818461540654,0.7483154984607757
-0.9683828384748883,-1.358850008752,-1.3422477272337274,-0.06476391278169895,-0.4287948460589213,0.12266673865326098,-0.23637884709508114,-0.020497839337140642,-0.9599527398550317,0.7017016039811945,-0.6486508356351234
-0.04539499357114716,-0.39195671745434213,-0.3621008739971774,0.7375347626476585,-0.16905231887748895,1.2268140995318353,0.45929557739214577,0.712915373719743,-0.5639822313956678,0.17310670968289424,-0.40212736491231843
-0.1607684741841144,-0.6820247048436395,1.1897983102940275,1.8278380907952465,0.17727105069775392,-0.22601137530839407,1.3404831817426333,1.9387139833359657,-1.6199035872873018,2.2874862868760975,-1.470395738044476
-0.853009357861921,0.1881792573242526,-0.2804219695607981,-0.7847755445772759,-0.645246952043448,0.8781359855701802,0.5984304622895912,-1.4769945018867352,1.2838801414146965,-0.5316864827148403,1.7344093813519985
0.41609892888072386,0.8650045612326133,0.5363670748029942,1.1695417417250047,-0.6019565308465427,-0.05167231832756655,1.7810769839178768,0.8644185726610721,-0.6299773161388937,0.17310670968289424,-0.6486508356351234
-0.1607684741841144,3.47561644773629,-0.2804219695607981,-0.9699213927532815,-0.6885373732403534,-0.9814806222253134,-1.419025368723367,-1.5802921375285783,-0.2340068076795299,0.9659990511303452,1.89875836183387
0.8775928513325939,-0.005199400935278622,1.2714772147304068,2.9284272993970566,0.6101752626668073,-0.28412439430200326,0.181025807597255,2.8133006317700056,-1.223933078827941,-0.44358733366512343,-1.7169192087672827
-0.6222623966359855,0.09148992819448672,-0.4437797784335562,-0.24990976095770437,0.5668848414699019,-0.4003504322892216,-1.303079631308829,-1.1808746130468715,0.29395387026628855,0.6136024549314787,1.7344093813519985
-0.7376358772489527,-0.005199400935278622,-0.4437797784335562,-0.3321968045914847,-0.8616990580279749,-0.7490285462508767,-0.7465400917190476,-1.6491572279564481,-1.4219183330576213,1.3183956473292127,2.06310734231574
0.3007254482677556,-0.9720926922329369,0.4546881703666149,1.7661228080699112,0.22056147189465902,0.7619099475829619,0.4361064299092382,1.955930255942933,1.0198998024417874,2.551783734025248,-1.2238722673216713
-0.5068889160230172,0.3815579155837844,-0.5254586828699355,-0.2087662391408142,-0.5153756884527319,-0.9814806222253134,-0.35232458450961895,-0.7539110523940243,1.0858948871850131,1.93508969067723,1.5700604008701284
0.3007254482677556,-1.0687820213627024,0.5363670748029942,1.776408688524134,0.04739978710703774,0.7037969285893527,0.4361064299092382,1.9490437469001385,0.9539047176985587,2.551783734025248,-1.2238722673216713
-1.1991297997008237,-0.39195671745434213,-0.6071375873063147,0.8506794476441064,-0.2989235824682051,1.6336052324870995,0.5752413148066836,-0.013611330294346004,0.8879096329553328,0.08500756063317735,0.5017920277379693
0.3007254482677556,-0.9720926922329369,0.4546881703666149,1.9204110148832492,0.04739978710703774,0.5875708906021344,0.48248472487505334,1.952487001421555,0.9539047176985587,2.4636845849755313,-1.2238722673216713
1.1083398125585295,0.09148992819448672,-0.3621008739971774,-0.5687720550386028,-0.08247147648367845,0.3551188146276977,-0.4682703219241568,-0.7780138340437864,0.29395387026628855,-1.2364796751125748,0.7483154984607757
-0.7376358772489527,-0.24692272375969332,-0.5254586828699355,-0.9493496318448365,-0.3855044248620159,-0.28412439430200326,-1.1871338938942912,-1.876412026368442,-0.9599527398550317,0.8778999020806283,1.89875836183387
1.5698337350103995,0.5749365738433161,-0.3621008739971774,-0.14705095641547908,1.3028220018172931,-0.9233676032317042,-1.0479990089968458,-0.8296626518646889,-1.6199035872873018,-0.8840830789137074,1.5700604008701284
-0.39151543541004996,-0.39195671745434213,-0.4437797784335562,-0.9904931536617264,-0.5153756884527319,-0.5165764702764399,-1.256701336343014,-1.5527461013573998,0.3599489550095144,-1.4126779732120083,1.4057114203882586
0.06997848704182111,-0.39195671745434213,-0.8521743006154523,0.24381250084497694,-0.21234274007439433,-0.8652545842380951,-0.9320532715823081,-0.45779116355416066,-0.6299773161388937,3.168477777373265,0.6661410082198408
-0.1607684741841144,1.1550725486219109,-0.9338532050518316,0.5935324362885431,0.2638518930915644,-0.6328025082636584,-0.561026911855787,0.6784828285058081,0.16196370077983394,-0.35548818461540654,-0.9773487965988648
-0.1607684741841144,0.1881792573242526,0.8630826925485108,2.5889932444077135,0.4803039990760914,1.749831270474318,2.0129684587469527,1.9869195466354899,-0.5639822313956678,0.349305007782328,-1.2238722673216713
-0.04539499357114716,-1.0687820213627024,-0.11706416068803956,-0.9287778709363915,-0.25563316127129976,0.0064407006660426236,-0.72335094423614,-1.2153071582608064,-0.2340068076795299,1.4945939454286465,1.159187949665452
0.3007254482677556,-0.2952673883245763,-0.4437797784335562,-0.9699213927532815,-0.25563316127129976,-0.22601137530839407,-0.6074052068216022,-0.7057054890945383,-0.10201663819307528,0.349305007782328,0.41961753749703434
-1.0837563190878554,-0.1018887300650445,-0.5254586828699355,-0.18819447823236923,-0.4720852672558264,-1.21393269819975,-0.9320532715823081,-1.105123013576207,-0.6299773161388937,-1.4126779732120083,0.9948389691835822
-0.9683828384748883,-1.1654713504924683,-0.9338532050518316,-0.8876343491195011,-0.16905231887748895,0.0645537196596518,-0.72335094423614,-1.1326690497473473,0.29395387026628855,-1.500777122261725,0.6661410082198408
-0.1607684741841144,0.1881792573242526,0.8630826925485108,2.640422646678826,0.4803039990760914,1.749831270474318,2.0129684587469527,1.9869195466354899,-0.5639822313956678,0.349305007782328,-1.2238722673216713
-0.2761419547970827,-1.2621606796222342,-0.11706416068803956,0.017523130852081365,-0.5586661096496373,1.401153156512663,-0.21318969961217357,-0.6437269077094248,-0.03602155344984944,1.93508969067723,1.2413624399063872
0.5314724094936911,0.5749365738433161,-0.2804219695607981,0.7169630017392135,0.4803039990760914,-0.05167231832756655,0.9462676745332046,0.6027312290351435,-0.30000189242275865,-0.44358733366512343,-0.15560389418951204
-0.9683828384748883,-1.0687820213627024,-0.3621008739971774,0.7786782844645485,-0.08247147648367845,-0.10978533732117574,-0.9088641240994005,0.5407526476500681,-0.4979871466524391,-1.1483805260628581,-1.1416977770807362
-0.1607684741841144,1.831897852530271,-0.3621008739971774,-0.23962388050348188,-0.5153756884527319,-0.34223741329561247,-0.07405481471472819,-1.1120095226190014,0.6239292939824236,-0.26738903556568966,1.9809328520748049
-0.2761419547970827,-0.6820247048436395,-0.3621008739971774,-0.1161933150528116,-0.7318277944372586,0.47134485261491604,-0.72335094423614,-0.9191872694209428,-1.7518937567737565,-0.5316864827148403,0.7483154984607757
1.339086773784465,-0.39195671745434213,1.1897983102940275,0.1820972181196418,0.04739978710703774,-1.2720457171933592,-0.07405481471472819,0.8162130093615861,0.22795878552305976,1.846990541627513,-0.4843018551532534
-1.4298767609267593,0.5749365738433161,-0.2804219695607981,0.20266897902808698,-0.3422140036651105,-0.6909155272572675,-1.1175664514455685,-0.3889260731262907,0.3599489550095144,-0.003091588416539527,0.41961753749703434
-1.1991297997008237,2.508723156438632,-2.730789102652174,-0.9287778709363915,-0.5586661096496373,0.2970057956340885,-0.7001617967532324,-1.5871786465713729,0.4259440397527402,-1.2364796751125748,1.4878859106291935
0.5314724094936911,-0.48864604658410776,-0.7704953961790733,-1.0316366754786166,-0.645246952043448,-0.34223741329561247,-1.1871338938942912,-1.5596326104001943,-1.9498790110034399,-0.9721822279634242,1.323536930147322
-0.9683828384748883,1.058383219492145,-1.6689633449792445,-0.9699213927532815,-0.16905231887748895,1.4592661755062721,0.8071327896357593,-0.9123007603781481,-0.8939576551118029,0.2612058587326111,0.008745086292357939
-0.853009357861921,-1.6972626607061805,-0.19874306512441883,-0.9493496318448365,-0.3855044248620159,1.168701080538226,0.181025807597255,-0.8916412332498024,1.4158703109011512,-0.7078847808142741,0.41961753749703434
-1.1991297997008237,0.3815579155837844,-1.0972110139245899,-0.6819167400350507,-0.8184086368310695,-1.0395936412189226,-0.3291354370267114,-1.5252000651862594,1.0858948871850131,2.551783734025248,2.7205032642432228
0.8775928513325939,-0.5853353757138736,-0.4437797784335562,1.2518287853587848,0.437013577879186,1.9241703274551456,0.1346475126314399,1.553069476939848,-1.3559232483143926,-1.6769754203611589,-1.1416977770807362
-0.04539499357114716,-0.875403363103171,0.5363670748029942,0.8095359258272161,0.3937231566822806,0.3551188146276977,-0.7929183866848627,0.5269796295644789,-1.4219183330576213,0.6136024549314787,-0.07342940394857704
-0.1607684741841144,-0.39195671745434213,-0.2804219695607981,-0.42476972867948737,-0.16905231887748895,4.0743520302186855,0.9694568220161122,-0.6540566712735976,-1.0259478245982576,0.8778999020806283,0.5839665179789058
-0.04539499357114716,-1.0687820213627024,0.04629364818471899,-0.805347305485721,-0.25563316127129976,0.18077975764687015,-0.6074052068216022,-1.3048317758170602,0.29395387026628855,-0.35548818461540654,1.89875836183387
-0.7376358772489527,0.1881792573242526,-0.19874306512441883,-0.8876343491195011,-0.4720852672558264,0.2970057956340885,-0.72335094423614,-1.600951664656924,0.4259440397527402,-0.8840830789137074,1.89875836183387
0.06997848704182111,0.09148992819448672,0.618045979239373,0.3878148272040924,0.004109365910132342,0.9943620235573987,0.7839436421528517,0.5441959021714464,-0.4979871466524391,0.17310670968289424,-0.8129998161169948
-0.04539499357114716,-0.875403363103171,0.04629364818471899,-0.8259190663941661,-0.25563316127129976,0.3551188146276977,-0.6769726492703249,-1.3048317758170602,0.3599489550095144,-0.35548818461540654,1.89875836183387
-0.2761419547970827,-0.39195671745434213,-0.5254586828699355,0.9021088499152191,0.04739978710703774,1.110588061544617,1.8970227213324147,1.2500630790571898,-1.0259478245982576,-0.35548818461540654,-1.470395738044476
-0.2761419547970827,-1.1654713504924683,0.2096514570574771,-0.9904931536617264,-0.645246952043448,-0.4584634512828308,-1.0248098615139383,-1.704249300298729,0.22795878552305976,-1.3245788241622913,2.145281832556675
-0.1607684741841144,-1.1654713504924683,0.2096514570574771,-0.805347305485721,-0.039181055286773056,-0.6328025082636584,-0.14362225716345087,-0.3269474917412154,0.6899243787256494,0.8778999020806283,-0.07342940394857704
-0.39151543541004996,0.1881792573242526,-0.5254586828699355,-0.3939120873168198,-0.3422140036651105,0.12266673865326098,-0.9320532715823081,-1.2153071582608064,0.02997353129337933,0.9659990511303452,1.6522348911110634
-0.39151543541004996,-0.5853353757138736,-1.1788899183609691,-0.9904931536617264,0.7833369474544288,0.0645537196596518,1.247726591811003,-0.2821851829630694,-0.9599527398550317,0.08500756063317735,-0.8951743063579298
-0.7376358772489527,0.7683152321028474,0.94476159698489,0.922680610823664,0.6101752626668073,-0.7490285462508767,1.08540255943065,1.1433221888940066,0.7559194634688782,0.6136024549314787,-0.6486508356351234
-0.7376358772489527,0.8650045612326133,-0.7704953961790733,0.03809489176052635,-0.6019565308465427,-0.9233676032317042,-1.1871338938942912,-1.5320865742290541,-1.0259478245982576,-2.0293720165600257,2.309630813038546
0.8775928513325939,0.28486858645401847,-0.7704953961790733,-0.8464908273026112,-0.3855044248620159,0.23889277664047934,0.29697154501179285,-0.8572086880358675,-0.9599527398550317,-0.44358733366512343,0.9948389691835822
-1.0837563190878554,0.3815579155837844,-0.4437797784335562,-0.24990976095770437,-0.2989235824682051,-0.05167231832756655,-1.0016207140310307,-1.4287889385872492,0.16196370077983394,0.7017016039811945,2.06310734231574
-1.1991297997008237,-0.5853353757138736,-0.2804219695607981,-0.9904931536617264,0.04739978710703774,0.0645537196596518,-0.14362225716345087,-0.6161808715382845,0.4259440397527402,-0.35548818461540654,-0.15560389418951204
-1.6606237221526938,1.6385191942707398,-0.5254586828699355,0.09981017448586167,-0.5586661096496373,-0.8652545842380951,-0.8161075341677703,-1.497654029015119,0.16196370077983394,-1.941272867510309,2.309630813038546
-0.853009357861921,0.7683152321028474,-0.6071375873063147,0.45981599038365023,-0.4720852672558264,-1.21393269819975,-1.1407555989284761,-1.198090885653839,-0.8939576551118029,-1.941272867510309,1.9809328520748049
0.7622193707196266,-0.6820247048436395,-0.11706416068803956,-0.2293380000492594,0.437013577879186,0.23889277664047934,-0.561026911855787,0.0483672510907293,-0.5639822313956678,0.2612058587326111,-0.31995287467138345
0.06997848704182111,-0.005199400935278622,-0.03538525625166028,-0.9699213927532815,-0.2989235824682051,-1.0977066602125318,-0.9088641240994005,-1.1671015949613204,-0.8279625703685771,-0.8840830789137074,0.9126644789426457
1.1083398125585295,-0.7787140339734051,-1.0972110139245899,-0.9287778709363915,-0.4287948460589213,-0.5746894892700491,-1.256701336343014,-1.001825377934402,-1.0919429093414863,-0.26738903556568966,0.9126644789426457
-0.1607684741841144,-0.005199400935278622,-0.19874306512441883,0.3055277835703123,-0.21234274007439433,-1.6207238311550143,-1.303079631308829,-0.4302451273830203,-1.0259478245982576,-0.1792898865159733,0.6661410082198408
1.339086773784465,-0.7787140339734051,0.8630826925485108,-1.0110649145701716,0.4803039990760914,-0.6328025082636584,-0.6074052068216022,-0.760797561436819,-0.6959724008821225,-1.500777122261725,0.5017920277379693
-0.9683828384748883,-0.005199400935278622,-0.5254586828699355,1.9718404171543618,-0.4287948460589213,-0.22601137530839407,-0.07405481471472819,0.10001606891163176,-0.03602155344984944,-0.44358733366512343,1.9809328520748049
-0.1607684741841144,-0.39195671745434213,0.2096514570574771,0.5112453926547629,-0.16905231887748895,0.4132318336213069,-0.3291354370267114,0.3238276128022473,0.9539047176985587,0.2612058587326111,0.2552685570151644
-0.6222623966359855,-0.5853353757138736,-0.4437797784335562,-0.7230602618519408,-0.16905231887748895,0.18077975764687015,-0.8161075341677703,-1.311718284859855,-0.3659969771659845,-1.0602813770131412,0.8304899887017108
-0.9683828384748883,-0.39195671745434213,-0.4437797784335562,-0.40419796777104233,-0.3422140036651105,1.5173791944998813,-0.07405481471472819,-0.8021166156935485,0.6899243787256494,0.43740415683204487,0.5839665179789058
0.9929663319455622,1.445140536011208,5.437101340985746,2.887283777580167,-0.6019565308465427,0.4132318336213069,0.6216196097724987,1.2500630790571898,0.6239292939824236,0.08500756063317735,1.159187949665452
-0.5068889160230172,0.1881792573242526,0.2096514570574771,-0.805347305485721,0.2638518930915644,-0.9814806222253134,0.08826921766562476,-0.3648232914765286,1.2178850566714678,0.349305007782328,-0.07342940394857704
-0.853009357861921,0.47824724471355023,-0.2804219695607981,-0.5996296964012704,-0.4287948460589213,-0.28412439430200326,-0.3059462895438038,-1.5734056284857836,0.7559194634688782,-0.7959839298639905,2.06310734231574
-0.1607684741841144,0.09148992819448672,0.94476159698489,1.7249792862530213,0.35043273548537524,-0.28412439430200326,1.0158351169819273,1.6873564032742097,-0.3659969771659845,0.7017016039811945,-1.2238722673216713
0.06997848704182111,0.47824724471355023,-0.19874306512441883,-0.3527685654999297,-0.25563316127129976,-0.8071415652444859,-1.0248098615139383,-1.4425619566728,-0.10201663819307528,-0.0911907374662564,2.309630813038546
-0.39151543541004996,-1.1654713504924683,0.04629364818471899,-0.9287778709363915,-0.7318277944372586,-0.34223741329561247,-0.09724396219763574,-0.932960287506532,0.8879096329553328,1.3183956473292127,0.7483154984607757
-0.9683828384748883,-0.7787140339734051,-0.11706416068803956,-0.5996296964012704,-0.645246952043448,-0.5165764702764399,-0.4450811744412492,-0.8434356699502782,1.2178850566714678,1.6707922435280802,0.5017920277379693
0.7622193707196266,0.47824724471355023,-0.4437797784335562,-0.2087662391408142,-0.16905231887748895,-0.8071415652444859,0.41291728242633063,0.02082121491958897,1.0858948871850131,0.7017016039811945,0.2552685570151644
0.3007254482677556,0.7683152321028474,-0.4437797784335562,-0.7230602618519408,-0.4287948460589213,0.0064407006660426236,-0.5146486168899719,-1.5252000651862594,-0.03602155344984944,-0.44358733366512343,2.3918053032794813
-0.5068889160230172,-0.1985780591948104,-0.688816491742694,0.984395893548999,0.004109365910132342,1.8079442894679272,0.9694568220161122,0.7817804641476129,-0.16801172293630404,0.5255033058817618,-0.5664763453941885
0.18535196765478837,-0.5853353757138736,-0.7704953961790733,1.0461111762743343,-0.21234274007439433,2.3309614604104096,0.6911870522212215,0.4443415210510197,-1.4219183330576213,0.6136024549314787,-0.07342940394857704
-0.39151543541004996,-0.875403363103171,-0.4437797784335562,-0.9287778709363915,0.004109365910132342,-0.7490285462508767,-1.094377303962661,-1.173988104004077,-0.10201663819307528,0.17310670968289424,0.9126644789426457
-0.6222623966359855,-0.6820247048436395,-0.19874306512441883,-0.9699213927532815,-0.12576189768058385,-0.28412439430200326,-0.4682703219241568,-0.760797561436819,1.9438309888469696,1.6707922435280802,0.33744304725609936
1.2237132931714978,0.6716259029730814,-0.4437797784335562,1.4369746335347906,-0.6019565308465427,-1.2720457171933592,-1.7204842860011653,-0.20299032897102656,-1.3559232483143926,-0.5316864827148403,1.9809328520748049
0.9929663319455622,0.9616938903623791,-0.8521743006154523,1.0049676544574444,-0.6885373732403534,-0.4003504322892216,-0.9784315665481231,-0.7401380343084732,-1.7518937567737565,-0.7078847808142741,2.4739797935204164
-0.04539499357114716,-0.875403363103171,-0.03538525625166028,-0.9493496318448365,-0.645246952043448,-0.7490285462508767,-1.1639447464113837,-1.3495940845951682,-0.7619674856253483,1.142197349229779,1.4057114203882586
0.41609892888072386,0.47824724471355023,0.04629364818471899,-0.805347305485721,-0.08247147648367845,1.5173791944998813,0.7839436421528517,-1.4873242654509462,0.3599489550095144,0.349305007782328,2.2274563227976114
-0.2761419547970827,0.09148992819448672,-0.3621008739971774,-0.8464908273026112,-0.4287948460589213,0.18077975764687015,-0.8161075341677703,-1.9280608441893443,-0.7619674856253483,-0.6197856317645573,2.556154283761351
0.7622193707196266,-0.7787140339734051,0.618045979239373,-0.9699213927532815,0.17727105069775392,-0.5165764702764399,-0.14362225716345087,-0.8468789244716564,-0.03602155344984944,0.2612058587326111,0.41961753749703434
0.06997848704182111,0.47824724471355023,2.3333029724033363,0.3260995444787573,-0.3422140036651105,0.6456839095957436,-0.12043310968054331,-0.8124463792577215,0.22795878552305976,-0.5316864827148403,2.309630813038546
-0.9683828384748883,-0.48864604658410776,-1.505605536106486,0.7786782844645485,0.09069020830394313,3.8418999542442487,1.618752951537524,0.6612665558988405,-0.9599527398550317,-1.6769754203611589,-1.2238722673216713
-1.0837563190878554,-0.48864604658410776,-0.7704953961790733,-0.43505560913371,-0.3422140036651105,1.5173791944998813,0.343349839977608,-0.8262193973433107,0.7559194634688782,0.08500756063317735,0.5839665179789058
-0.2761419547970827,0.3815579155837844,0.618045979239373,0.2643842617534221,0.09069020830394313,1.168701080538226,0.9462676745332046,0.5441959021714464,0.02997353129337933,-0.26738903556568966,-0.9773487965988648
-1.775997202765662,0.7683152321028474,-0.5254586828699355,0.07923841357741651,-0.775118215634164,0.2970057956340885,-0.12043310968054331,-0.6643864348378087,1.151889971928242,-0.7959839298639905,0.8304899887017108
2.377448099301174,-0.1018887300650445,-0.4437797784335562,-1.0522084363870619,-0.9482799004217854,-0.34223741329561247,-0.21318969961217357,-1.359923848159341,-1.223933078827941,-1.2364796751125748,1.4878859106291935
0.8775928513325939,-0.48864604658410776,-0.3621008739971774,0.5523889144716528,0.30714231428846983,1.749831270474318,0.20421495508016257,0.8644185726610721,-0.5639822313956678,-1.500777122261725,-0.6486508356351234
0.06997848704182111,4.539199068163714,-1.6689633449792445,0.07923841357741651,-0.4287948460589213,-0.9233676032317042,-2.0219432032789637,-0.2305363651421669,-0.6959724008821225,-2.117471165609743,0.41961753749703434
0.3007254482677556,0.6716259029730814,-0.5254586828699355,-0.5790579354928254,-0.5153756884527319,-0.4003504322892216,-0.07405481471472819,-1.4081294114588652,0.4259440397527402,-0.9721822279634242,2.06310734231574
0.41609892888072386,0.28486858645401847,0.1279725526210978,0.2643842617534221,0.004109365910132342,0.5875708906021344,0.9462676745332046,0.5889582109495924,-0.3659969771659845,0.349305007782328,-0.7308253258760599
-0.5068889160230172,-0.005199400935278622,0.8630826925485108,0.24381250084497694,0.09069020830394313,0.8200229665765711,0.9694568220161122,0.5132066114789279,-0.30000189242275865,-0.0911907374662564,-1.1416977770807362
0.41609892888072386,-0.48864604658410776,1.0264405014212694,0.09981017448586167,-0.4287948460589213,-1.0395936412189226,-1.2103230413771988,-0.34416376434818285,-0.6299773161388937,2.551783734025248,0.9126644789426457
-0.2761419547970827,-0.5853353757138736,-0.2804219695607981,1.8072663298868012,-0.039181055286773056,0.8781359855701802,-0.02767651974891306,1.1192194072442445,-0.3659969771659845,-1.0602813770131412,0.008745086292357939
0.41609892888072386,-0.39195671745434213,-0.4437797784335562,-0.8259190663941661,-0.6019565308465427,-0.28412439430200326,-1.0479990089968458,-0.8227761428219325,-0.6299773161388937,-0.8840830789137074,0.2552685570151644
-0.7376358772489527,-0.1018887300650445,1.1081194058576482,-0.9699213927532815,4.333151485600668,-0.4003504322892216,-0.7465400917190476,-0.5335427630248252,0.22795878552305976,0.17310670968289424,-0.40212736491231843
-0.39151543541004996,-0.005199400935278622,-0.688816491742694,-0.2293380000492594,-0.7318277944372586,1.110588061544617,-0.21318969961217357,-1.0500309412339262,-0.16801172293630404,-0.44358733366512343,1.323536930147322
0.41609892888072386,-0.1018887300650445,-0.19874306512441883,-0.9699213927532815,-0.645246952043448,-0.4584634512828308,-1.3262687787917367,-1.6767032641275885,-1.0919429093414863,-1.4126779732120083,1.7344093813519985
1.1083398125585295,-0.005199400935278622,-0.688816491742694,-0.5173426527674903,-0.9482799004217854,-0.4584634512828308,-0.885674976616493,-1.4460052111942165,-1.4219183330576213,-1.0602813770131412,1.9809328520748049
1.4544602543974323,-0.1985780591948104,-0.5254586828699355,-0.3321968045914847,-0.6885373732403534,0.47134485261491604,-0.3291354370267114,-0.5748618172815548,-0.2340068076795299,-1.4126779732120083,0.5017920277379693
-0.2761419547970827,-0.48864604658410776,0.2913303614938564,0.5318171535632078,-0.4287948460589213,0.6456839095957436,0.36653898746051555,0.6784828285058081,0.02997353129337933,-0.0911907374662564,-0.9773487965988648
-0.9683828384748883,0.47824724471355023,-1.0972110139245899,-0.8464908273026112,-0.645246952043448,0.8200229665765711,0.5056738723579609,-0.6506134167522194,1.4158703109011512,0.349305007782328,0.33744304725609936
0.5314724094936911,-0.7787140339734051,-0.3621008739971774,2.7947108534921643,-0.2989235824682051,1.9822833464487546,2.3144273760247507,2.265823162868386,-0.6299773161388937,-0.0911907374662564,-1.1416977770807362
0.5314724094936911,-0.7787140339734051,-0.3621008739971774,2.876997897125944,-0.2989235824682051,1.9822833464487546,2.3144273760247507,2.265823162868386,-0.6299773161388937,-0.0911907374662564,-1.1416977770807362
-0.7376358772489527,1.831897852530271,-1.1788899183609691,0.4906736317463179,-0.7318277944372586,-0.6328025082636584,0.11145836514853233,-0.6161808715382845,0.16196370077983394,-0.35548818461540654,1.4057114203882586
0.41609892888072386,-1.358850008752,-0.11706416068803956,-0.9904931536617264,-1.0348607428155963,0.7619099475829619,-0.49145946940706436,-0.5542022901532091,-1.0259478245982576,1.5826930944783633,-0.4843018551532534
-1.314503280313791,-0.5853353757138736,-0.9338532050518316,2.20841566760148,-0.08247147648367845,0.23889277664047934,-0.6305943543045097,1.6391508399747237,0.29395387026628855,-0.0911907374662564,-1.3060467575626062
1.4544602543974323,-0.7787140339734051,-0.4437797784335562,-1.0316366754786166,-0.9915703216186909,0.8200229665765711,-1.1639447464113837,-1.0913499954906558,-1.8178888415169852,-1.1483805260628581,0.41961753749703434
-1.1991297997008237,-1.358850008752,-1.505605536106486,0.03809489176052635,-0.16905231887748895,-0.4584634512828308,-0.3291354370267114,-0.058373639072492045,-0.8939576551118029,0.9659990511303452,-0.5664763453941885
-2.3528646058305003,-0.6820247048436395,-1.0155321094882108,0.8815370890067737,-0.3855044248620159,-1.0395936412189226,-0.5842160593386946,-0.18921731088543728,3.0657474294818323,-0.0911907374662564,1.323536930147322
0.7622193707196266,0.5749365738433161,-0.7704953961790733,-0.42476972867948737,-0.645246952043448,-1.7369498691422327,-2.392969563005485,-0.967392832720467,-1.223933078827941,-1.1483805260628581,0.9948389691835822
-0.2761419547970827,3.47561644773629,-0.4437797784335562,-0.3116250436830395,-0.6019565308465427,-0.9233676032317042,-1.3726470737575518,-1.1808746130468715,-0.5639822313956678,1.142197349229779,1.89875836183387
0.18535196765478837,1.9285871816600368,-1.7506422494156237,-0.2910532827745945,0.17727105069775392,-0.6909155272572675,-1.1871338938942912,0.06558352369769678,-2.213859349976349,-1.2364796751125748,-1.3060467575626062
0.8775928513325939,0.8650045612326133,0.04629364818471899,-0.5584861745843802,-0.775118215634164,0.4132318336213069,0.5752413148066836,-1.2015341401752553,-1.223933078827941,-1.4126779732120083,1.4878859106291935
1.339086773784465,-0.2952673883245763,-0.5254586828699355,0.7786782844645485,-0.4287948460589213,-1.155819679206141,-1.2103230413771988,0.09312955986887535,-1.3559232483143926,-1.1483805260628581,0.5017920277379693
0.8775928513325939,0.9616938903623791,-0.4437797784335562,-0.3527685654999297,-0.7318277944372586,-1.6207238311550143,-0.5842160593386946,-1.0982365045334122,-1.2899281635711668,-0.7078847808142741,1.6522348911110634
0.06997848704182111,-0.1985780591948104,-0.5254586828699355,-0.3527685654999297,-0.645246952043448,-0.8652545842380951,-1.3262687787917367,-0.9983821234129855,-0.4979871466524391,-0.8840830789137074,0.7483154984607757
1.1083398125585295,-1.2621606796222342,0.04629364818471899,-0.9904931536617264,-0.4720852672558264,-0.22601137530839407,-1.0248098615139383,-0.9742793417632617,-0.8279625703685771,2.023188839726947,0.5839665179789058
-1.0837563190878554,3.6206504414309384,-2.730789102652174,-0.06476391278169895,-0.5586661096496373,-1.562610812161405,-2.462537005454207,-0.06526014811524845,0.8219145482121041,0.17310670968289424,-0.07342940394857704
1.1083398125585295,0.28486858645401847,0.5363670748029942,-0.8876343491195011,-0.8184086368310695,-0.8652545842380951,-1.1639447464113837,-0.9260737784637374,-0.30000189242275865,-0.0911907374662564,1.077013459424517
1.4544602543974323,-1.0687820213627024,-1.0155321094882108,-0.8876343491195011,-0.4287948460589213,-0.6328025082636584,-0.42189202695834166,0.058697014654902145,-0.10201663819307528,0.2612058587326111,-0.40212736491231843
-0.04539499357114716,-0.9720926922329369,-0.4437797784335562,-0.9904931536617264,-0.8184086368310695,-0.16789835631478492,-0.5842160593386946,-0.9983821234129855,-0.30000189242275865,-0.35548818461540654,0.33744304725609936
0.6468458901066594,-0.005199400935278622,0.2096514570574771,1.7866945689783567,0.09069020830394313,0.0064407006660426236,0.552052167323776,1.0365812987307852,-0.3659969771659845,0.6136024549314787,0.008745086292357939
0.5314724094936911,-0.48864604658410776,-0.5254586828699355,-0.6819167400350507,-0.4720852672558264,0.23889277664047934,-0.3987028794754341,-0.8296626518646889,-1.0259478245982576,0.8778999020806283,0.5839665179789058
-0.1607684741841144,-0.5853353757138736,-0.9338532050518316,-0.9699213927532815,-0.3422140036651105,-1.7369498691422327,-0.3059462895438038,-0.967392832720467,-0.6299773161388937,-1.0602813770131412,0.5017920277379693
0.6468458901066594,-0.2952673883245763,-0.4437797784335562,0.27467014220764463,-0.775118215634164,-1.21393269819975,-1.3726470737575518,-0.485337199725301,-1.6858986720305307,-1.0602813770131412,0.7483154984607757
0.7622193707196266,0.1881792573242526,-1.0155321094882108,0.13066781584852916,-0.8616990580279749,-0.10978533732117574,0.1346475126314399,-0.4646776725969553,-1.8178888415169852,-1.2364796751125748,0.41961753749703434
0.41609892888072386,-0.1985780591948104,-0.7704953961790733,0.22324073993653196,-0.9915703216186909,-0.9233676032317042,-0.16681140464635844,-0.6988189800517437,-0.3659969771659845,-0.003091588416539527,1.816583871592935
-0.6222623966359855,0.3815579155837844,-0.11706416068803956,-0.9082061100279463,-0.3855044248620159,-1.3301587361869684,-1.419025368723367,-1.3289345574668223,0.6899243787256494,-0.26738903556568966,1.4057114203882586
0.9929663319455622,-0.39195671745434213,-0.2804219695607981,-0.9287778709363915,-0.21234274007439433,-1.155819679206141,-0.8161075341677703,-0.3062879646128315,0.4259440397527402,0.349305007782328,-0.15560389418951204
0.18535196765478837,-0.39195671745434213,0.1279725526210978,-1.0110649145701716,-0.6019565308465427,0.4132318336213069,-0.7697292392019551,-1.3461508300737899,-0.2340068076795299,-1.0602813770131412,0.9126644789426457
-1.1991297997008237,-0.005199400935278622,-0.4437797784335562,-0.3527685654999297,-0.08247147648367845,0.9943620235573987,0.48248472487505334,-0.6161808715382845,1.0198998024417874,-0.44358733366512343,0.09091957653329293
-0.04539499357114716,-0.875403363103171,3.0684131123307488,2.383275635323263,-0.16905231887748895,-0.8071415652444859,-0.5378377643728794,1.3946797689557242,-2.279854434719575,0.08500756063317735,-0.8951743063579298
-0.2761419547970827,-0.875403363103171,0.1279725526210978,-0.9082061100279463,-0.3855044248620159,0.12266673865326098,-0.7001617967532324,-1.2841722486886764,-0.10201663819307528,1.6707922435280802,1.159187949665452
-0.5068889160230172,-0.005199400935278622,0.2096514570574771,-0.9493496318448365,0.30714231428846983,-0.4003504322892216,1.1317808543964651,-0.578305071802933,0.7559194634688782,-0.35548818461540654,0.17309406677422937
-1.4298767609267593,-0.005199400935278622,-0.5254586828699355,-0.4144838482252649,-0.12576189768058385,0.9943620235573987,0.48248472487505334,-0.6092943624954898,1.0198998024417874,-0.44358733366512343,0.09091957653329293
-1.4298767609267593,-0.005199400935278622,-0.4437797784335562,-0.3527685654999297,-0.08247147648367845,0.9943620235573987,0.48248472487505334,-0.6161808715382845,1.0198998024417874,-0.44358733366512343,0.09091957653329293
-0.04539499357114716,-0.875403363103171,-0.11706416068803956,0.34667130538720226,0.13398062950084852,0.12266673865326098,-0.7001617967532324,-0.16167127471429696,-0.4979871466524391,-0.44358733366512343,0.09091957653329293
0.41609892888072386,-1.1654713504924683,-0.3621008739971774,-1.0110649145701716,-0.645246952043448,0.2970057956340885,-0.3291354370267114,-1.4494484657155948,-0.4979871466524391,-0.7959839298639905,1.2413624399063872
-0.2761419547970827,-1.0687820213627024,-0.4437797784335562,-0.9904931536617264,-0.5153756884527319,1.168701080538226,-0.6769726492703249,-1.5148703016220866,-1.2899281635711668,0.2612058587326111,1.077013459424517
-0.2761419547970827,-0.875403363103171,-0.4437797784335562,1.210685263541895,-0.16905231887748895,1.110588061544617,-0.004487372266005494,0.389249448708739,-0.10201663819307528,-1.0602813770131412,0.17309406677422937
-1.1991297997008237,-0.7787140339734051,-0.7704953961790733,-0.9287778709363915,-0.5586661096496373,1.749831270474318,0.7375653471870366,-1.1567718313971094,2.6037818362792398,0.6136024549314787,1.4057114203882586
-0.2761419547970827,1.058383219492145,0.37300926593023565,0.7786782844645485,0.30714231428846983,0.8200229665765711,2.059346753712768,1.4050095325199354,0.6899243787256494,0.7017016039811945,-0.9773487965988648
-0.04539499357114716,-1.5522286670115315,-0.2804219695607981,1.4369746335347906,0.13398062950084852,-0.16789835631478492,-1.1407555989284761,0.9470566811745315,0.02997353129337933,-1.2364796751125748,-0.5664763453941885
-0.2761419547970827,0.13983459275936966,-0.7704953961790733,-0.8876343491195011,-0.2989235824682051,-0.34223741329561247,0.06508007018271719,-0.25808240131330723,1.0198998024417874,1.054098200180062,-0.15560389418951204
-0.2761419547970827,-0.1985780591948104,-0.7704953961790733,0.2643842617534221,-0.3422140036651105,-0.4003504322892216,-0.004487372266005494,0.4856605753077493,1.0198998024417874,0.9659990511303452,-0.15560389418951204
0.18535196765478837,0.3815579155837844,-0.5254586828699355,0.24381250084497694,-0.8184086368310695,0.12266673865326098,-0.35232458450961895,-0.7366947797870569,-0.30000189242275865,0.9659990511303452,1.6522348911110634
0.6468458901066594,0.7683152321028474,-0.8521743006154523,-0.8259190663941661,-1.251312848800123,-0.22601137530839407,-1.58134940110372,-1.5802921375285783,-1.7518937567737565,-1.1483805260628581,1.5700604008701284
-0.1607684741841144,0.6716259029730814,1.1897983102940275,0.5935324362885431,0.437013577879186,0.0064407006660426236,0.6911870522212215,0.8575320636183158,-1.0259478245982576,-0.1792898865159733,-0.9773487965988648
-0.5068889160230172,0.9616938903623791,-0.7704953961790733,0.2643842617534221,0.04739978710703774,0.3551188146276977,0.3201606924947004,0.7748939551048566,-0.5639822313956678,0.9659990511303452,-1.1416977770807362
-0.04539499357114716,-1.358850008752,-1.2605688227973484,-0.9287778709363915,0.04739978710703774,-0.28412439430200326,-1.094377303962661,-0.7401380343084732,0.491939124495969,0.43740415683204487,0.5017920277379693
0.18535196765478837,-1.1654713504924683,-0.688816491742694,1.7249792862530213,-0.08247147648367845,-0.4584634512828308,0.2737823975288853,1.4497718412980432,-1.883883926260211,-0.26738903556568966,-1.1416977770807362
-0.04539499357114716,-1.1654713504924683,-1.2605688227973484,-0.8464908273026112,0.004109365910132342,-0.22601137530839407,-0.5378377643728794,-0.5266562539820305,0.491939124495969,0.5255033058817618,0.17309406677422937
0.41609892888072386,-0.39195671745434213,-0.2804219695607981,-0.9699213927532815,-0.3855044248620159,-1.3882717551805777,-0.9784315665481231,-1.600951664656924,-1.553908502544076,-1.1483805260628581,1.5700604008701284
0.9929663319455622,0.3815579155837844,2.251624067966957,1.210685263541895,-0.21234274007439433,1.8079442894679272,1.1781591493622803,1.4291123141696975,-1.2899281635711668,0.43740415683204487,-1.0595232868397997
0.18535196765478837,0.09148992819448672,-0.03538525625166028,-1.0316366754786166,-0.21234274007439433,-0.8652545842380951,-0.4682703219241568,-1.1395555587901418,0.09596861603660517,0.08500756063317735,0.6661410082198408
0.3007254482677556,-0.1018887300650445,-0.7704953961790733,1.3752593508094553,-0.08247147648367845,0.7619099475829619,-0.4450811744412492,1.194971006714909,-1.0259478245982576,0.6136024549314787,-0.4843018551532534
-0.04539499357114716,1.6385191942707398,-0.4437797784335562,4.1421611929953155,-0.645246952043448,-0.4584634512828308,-0.35232458450961895,3.154182829388015,-0.8939576551118029,-0.6197856317645573,0.008745086292357939
-0.6222623966359855,-0.7787140339734051,-0.6071375873063147,-0.24990976095770437,-0.25563316127129976,4.248691087199513,0.714376199704129,-0.3476070188695611,-0.8279625703685771,2.2874862868760975,0.09091957653329293
-0.2761419547970827,0.7683152321028474,-0.4437797784335562,0.03809489176052635,-0.7318277944372586,-1.3301587361869684,-1.0248098615139383,-1.1188960316617962,-0.03602155344984944,-1.941272867510309,1.816583871592935
-0.5068889160230172,0.8650045612326133,-1.0972110139245899,-0.06476391278169895,3.077729270890413,1.5173791944998813,1.0622134119477424,0.27562204950272307,0.29395387026628855,-0.5316864827148403,-0.8951743063579298
-0.5068889160230172,0.9616938903623791,-1.0972110139245899,-0.1264791955070341,3.077729270890413,1.2849271185254445,1.0158351169819273,0.27562204950272307,0.29395387026628855,-0.5316864827148403,-0.8951743063579298
-0.5068889160230172,0.7683152321028474,-1.0972110139245899,-0.04419215187325378,3.121019692087318,1.5173791944998813,0.8071327896357593,0.2790653040241395,0.29395387026628855,-0.5316864827148403,-0.8951743063579298
-0.2761419547970827,0.1881792573242526,-0.688816491742694,0.42895834902098257,-0.4287948460589213,-0.8071415652444859,-0.3059462895438038,-0.058373639072492045,-0.8939576551118029,-0.9721822279634242,0.17309406677422937
-0.39151543541004996,-0.6820247048436395,1.4348350236031653,2.403847396231708,-0.039181055286773056,-0.05167231832756655,-0.28275714206089625,2.0213520918494248,0.02997353129337933,-0.1792898865159733,-1.470395738044476
0.8775928513325939,0.28486858645401847,-0.5254586828699355,0.5935324362885431,-1.0781511640125014,1.2849271185254445,0.4361064299092382,0.21708672263902595,-0.7619674856253483,-0.9721822279634242,0.33744304725609936
-1.1991297997008237,2.8954804729576944,-2.730789102652174,-0.9082061100279463,-1.1214415852094068,-0.10978533732117574,-0.9552424190652156,-1.5871786465713729,0.6239292939824236,-0.9721822279634242,1.4878859106291935
-0.39151543541004996,-0.1985780591948104,0.4546881703666149,-0.9287778709363915,-1.1214415852094068,-1.3301587361869684,-1.6509168435524426,-0.9983821234129855,0.3599489550095144,2.2874862868760975,0.5839665179789058
2.1467011380752377,0.1881792573242526,0.04629364818471899,-0.2293380000492594,-1.2080224276032177,-0.6909155272572675,-0.23637884709508114,0.3272708673236255,-0.4979871466524391,-0.003091588416539527,0.5017920277379693
-0.5068889160230172,0.09148992819448672,-0.11706416068803956,-0.7230602618519408,-1.381184112390839,-0.05167231832756655,-1.1175664514455685,-1.27728573964592,0.29395387026628855,1.4945939454286465,1.5700604008701284
-0.1607684741841144,-1.4555393378817658,-0.11706416068803956,-0.455627370042155,-1.251312848800123,-0.16789835631478492,-0.885674976616493,-0.10657920237197807,-0.4979871466524391,-0.44358733366512343,-0.4843018551532534
-0.04539499357114716,-0.875403363103171,-0.03538525625166028,-0.2087662391408142,0.04739978710703774,0.4132318336213069,-0.16681140464635844,-0.3303907462625936,-0.4979871466524391,0.6136024549314787,0.33744304725609936
-0.9683828384748883,-0.2952673883245763,0.5363670748029942,-0.04419215187325378,0.2638518930915644,1.2268140995318353,0.343349839977608,0.06558352369769678,-0.2340068076795299,3.432775224522416,-0.07342940394857704
-0.5068889160230172,-0.39195671745434213,-0.8521743006154523,-0.805347305485721,0.004109365910132342,-0.28412439430200326,-0.09724396219763574,-1.0293714141055423,-0.4979871466524391,0.43740415683204487,0.6661410082198408
-1.0837563190878554,-0.9720926922329369,-0.4437797784335562,-0.16762271732392425,-0.2989235824682051,0.8781359855701802,0.04189092269980963,-0.7366947797870569,-0.2340068076795299,-0.44358733366512343,0.5839665179789058
0.41609892888072386,0.47824724471355023,-0.9338532050518316,-0.2910532827745945,-0.645246952043448,-1.4463847741741869,-1.4885928111720896,-1.0431444321911316,-1.4879134178008473,0.2612058587326111,1.323536930147322
-0.5068889160230172,0.09148992819448672,-0.7704953961790733,-0.5584861745843802,-0.3855044248620159,-0.22601137530839407,-0.9784315665481231,-1.5045405380579138,-1.9498790110034399,1.4945939454286465,1.6522348911110634
0.5314724094936911,0.28486858645401847,-0.688816491742694,0.15123957675697433,-0.6019565308465427,-0.28412439430200326,0.01870177521690207,-0.4646776725969553,-1.9498790110034399,-1.0602813770131412,0.41961753749703434
0.18535196765478837,0.09148992819448672,0.2913303614938564,-0.8876343491195011,-0.4720852672558264,-0.05167231832756655,-0.2595679945779887,-1.105123013576207,0.4259440397527402,-0.1792898865159733,1.4057114203882586
0.06997848704182111,-0.875403363103171,2.1699451635305778,-0.3939120873168198,-0.3855044248620159,-1.6788368501486235,-0.35232458450961895,-0.42680187286160387,-1.8178888415169852,0.8778999020806283,-0.15560389418951204
-0.6222623966359855,0.3815579155837844,-1.3422477272337274,2.4347050375943757,0.6101752626668073,0.9362490045637895,1.2245374443280954,1.84918936577975,-0.43199206190921324,-0.0911907374662564,-1.470395738044476
-0.2761419547970827,-1.8906413189657116,-0.03538525625166028,-0.9287778709363915,-0.4287948460589213,-1.0395936412189226,-0.6537835017874173,-0.2511958922705126,0.491939124495969,1.054098200180062,-0.8951743063579298
-0.04539499357114716,-0.9720926922329369,-0.11706416068803956,0.2643842617534221,0.04739978710703774,-1.0395936412189226,-0.6537835017874173,0.4099089758370847,1.481865395644377,-0.44358733366512343,-0.15560389418951204
-0.04539499357114716,2.3153444981791003,-0.6071375873063147,-0.04419215187325378,-0.3422140036651105,-0.4584634512828308,-0.16681140464635844,-1.3048317758170602,-0.5639822313956678,-1.941272867510309,1.9809328520748049
0.3007254482677556,-0.005199400935278622,-0.4437797784335562,0.5318171535632078,-0.6885373732403534,-0.5746894892700491,1.247726591811003,-0.14101174758591303,-0.2340068076795299,-0.26738903556568966,1.323536930147322
-1.314503280313791,-1.2621606796222342,1.1081194058576482,1.1283982199081146,-0.4720852672558264,0.8200229665765711,-0.21318969961217357,0.2652922859385502,-1.0919429093414863,-1.3245788241622913,-0.07342940394857704
-1.1991297997008237,-0.05354406550016156,-0.2804219695607981,-0.10590743459858892,-0.12576189768058385,0.3551188146276977,0.2737823975288853,-0.40958560025463636,0.8879096329553328,-0.6197856317645573,0.17309406677422937
-1.6606237221526938,2.4120338273088664,-1.4239266316701067,-0.6613449791266055,-0.4287948460589213,-0.05167231832756655,-0.21318969961217357,-1.8006604268977773,0.02997353129337933,0.349305007782328,2.145281832556675
-1.1991297997008237,0.3815579155837844,-0.4437797784335562,-0.3321968045914847,-0.6019565308465427,0.6456839095957436,-0.5146486168899719,-1.4907675199723245,-0.2340068076795299,0.7017016039811945,1.9809328520748049
-0.1607684741841144,-0.5853353757138736,0.4546881703666149,-0.9699213927532815,0.13398062950084852,-0.5165764702764399,0.343349839977608,-0.11346571141477271,2.0098260735901956,-0.1792898865159733,-0.4843018551532534
-0.853009357861921,3.088859131217226,-1.7506422494156237,-0.8464908273026112,0.17727105069775392,-1.3882717551805777,-1.419025368723367,-0.38203956408349604,1.481865395644377,-0.0911907374662564,-0.15560389418951204
-0.39151543541004996,-0.1985780591948104,-0.19874306512441883,-0.9493496318448365,-0.5153756884527319,1.401153156512663,0.181025807597255,-1.497654029015119,-0.2340068076795299,0.43740415683204487,1.4878859106291935
-2.1221176446045646,0.09148992819448672,1.679871736912303,-0.04419215187325378,-0.4720852672558264,1.110588061544617,0.41291728242633063,-1.3874698843305195,0.491939124495969,-1.3245788241622913,1.89875836183387
-0.04539499357114716,-0.6820247048436395,-0.6071375873063147,1.1901135026334495,-0.3422140036651105,1.5173791944998813,0.343349839977608,0.4959903388719221,-1.157937994084712,0.6136024549314787,-0.07342940394857704
-0.39151543541004996,-0.1018887300650445,-0.6071375873063147,1.0461111762743343,-0.6885373732403534,-1.9112889261230603,-1.2798904838259215,0.07935654178328606,-0.8279625703685771,-1.1483805260628581,0.5017920277379693
-1.0837563190878554,0.8650045612326133,-0.11706416068803956,-0.8876343491195011,-0.7318277944372586,0.3551188146276977,-0.8161075341677703,-1.5940651556141294,1.4158703109011512,0.5255033058817618,1.7344093813519985
-0.7376358772489527,-0.6820247048436395,-1.2605688227973484,1.1695417417250047,-0.08247147648367845,1.5173791944998813,0.41291728242633063,0.9504999356959478,-0.3659969771659845,0.2612058587326111,-0.9773487965988648
-0.04539499357114716,0.1881792573242526,-0.3621008739971774,0.05866665266897152,-0.90498947922488,-0.34223741329561247,-0.9784315665481231,-1.060360704798099,-1.0919429093414863,-1.500777122261725,1.89875836183387
0.5314724094936911,1.2517618777516761,-0.3621008739971774,-0.8464908273026112,-0.6019565308465427,-0.5165764702764399,-1.465403663689182,-1.6870330276917613,-1.553908502544076,-1.2364796751125748,1.9809328520748049
-1.6606237221526938,0.1881792573242526,-0.2804219695607981,-0.9699213927532815,-0.7318277944372586,-0.5746894892700491,-1.0248098615139383,-2.1931914423366896,0.7559194634688782,-0.7959839298639905,2.4739797935204164
-0.2761419547970827,0.5749365738433161,-1.0972110139245899,-1.0110649145701716,0.30714231428846983,-0.5165764702764399,-0.5842160593386946,-0.14789825662870767,0.8219145482121041,0.5255033058817618,-1.2238722673216713
-1.4298767609267593,-0.2952673883245763,-1.1788899183609691,-0.7230602618519408,0.13398062950084852,0.4132318336213069,0.6679979047383139,-0.6161808715382845,0.3599489550095144,-0.5316864827148403,-0.15560389418951204
-1.775997202765662,0.1881792573242526,-0.2804219695607981,-0.9699213927532815,-0.7318277944372586,-0.5746894892700491,-1.0248098615139383,-2.1931914423366896,0.7559194634688782,-0.7959839298639905,2.4739797935204164
0.06997848704182111,2.8954804729576944,2.0065873546578192,0.4701018708378725,-0.6019565308465427,-0.34223741329561247,0.7375653471870366,-0.35793678243373395,0.5579342092391948,-0.44358733366512343,1.323536930147322
0.41609892888072386,-0.48864604658410776,-0.688816491742694,2.650708527133049,1.6924357925894415,-0.9233676032317042,-0.6074052068216022,2.2899259445181483,-0.6299773161388937,0.17310670968289424,-1.5525702282854126
0.3007254482677556,-0.7787140339734051,-0.5254586828699355,0.7581065235561034,-0.3855044248620159,-0.9233676032317042,-0.7465400917190476,0.2239732316818206,-1.0259478245982576,-1.0602813770131412,-0.07342940394857704
-0.04539499357114716,-1.2621606796222342,0.618045979239373,1.4369746335347906,-0.08247147648367845,2.592470045881651,1.0622134119477424,1.2500630790571898,0.29395387026628855,2.551783734025248,-0.31995287467138345
0.18535196765478837,-0.5853353757138736,-0.6071375873063147,0.6758194799223232,-0.8184086368310695,0.12266673865326098,-0.35232458450961895,-0.5197697449392359,-0.8939576551118029,-1.3245788241622913,1.5700604008701284
-0.5068889160230172,-1.1654713504924683,0.8630826925485108,-0.9699213927532815,0.22056147189465902,0.23889277664047934,-0.35232458450961895,-1.105123013576207,-0.5639822313956678,2.2874862868760975,0.5839665179789058
-0.04539499357114716,0.28486858645401847,-0.2804219695607981,0.42895834902098257,-0.775118215634164,-0.10978533732117574,-0.35232458450961895,-0.7401380343084732,-0.43199206190921324,1.230296498279496,1.6522348911110634
0.8775928513325939,0.1881792573242526,0.2913303614938564,-0.8876343491195011,1.7790166349832517,-0.4584634512828308,0.923078527050297,0.2033137045534749,-0.6959724008821225,0.08500756063317735,-0.6486508356351234
-0.9683828384748883,-1.1654713504924683,-0.5254586828699355,1.2518287853587848,-0.6885373732403534,0.23889277664047934,-0.9088641240994005,0.07935654178328606,-0.30000189242275865,-1.3245788241622913,0.17309406677422937
0.3007254482677556,-0.6820247048436395,0.1279725526210978,-0.7024885009434957,-0.25563316127129976,0.3551188146276977,1.1317808543964651,-0.8640951970786239,0.8219145482121041,0.6136024549314787,1.5700604008701284
-1.4298767609267593,-0.6820247048436395,-0.7704953961790733,-0.3116250436830395,-0.8184086368310695,0.12266673865326098,0.29697154501179285,-0.9605063236776724,0.6899243787256494,-1.588876271311442,0.7483154984607757
0.6468458901066594,-0.5853353757138736,-0.6071375873063147,0.5935324362885431,-0.8184086368310695,-0.6909155272572675,-0.5842160593386946,-0.23742287418496152,-1.4219183330576213,-0.7078847808142741,0.6661410082198408
-0.5068889160230172,-1.2621606796222342,0.5363670748029942,-0.9493496318448365,0.30714231428846983,1.5173791944998813,0.20421495508016257,-0.9191872694209428,-0.16801172293630404,1.6707922435280802,0.33744304725609936
-0.04539499357114716,-1.2621606796222342,0.618045979239373,1.4369746335347906,-0.08247147648367845,2.592470045881651,1.0390242644648349,1.2500630790571898,0.29395387026628855,2.551783734025248,-0.31995287467138345
-0.6222623966359855,-0.5853353757138736,0.04629364818471899,-0.9699213927532815,-0.4287948460589213,-0.16789835631478492,-0.9552424190652156,-1.439118702151422,-0.8939576551118029,2.1993871378263807,0.8304899887017108
0.18535196765478837,0.1881792573242526,-0.5254586828699355,-0.9082061100279463,1.3028220018172931,-0.6328025082636584,0.181025807597255,-0.12035222045756734,-0.6299773161388937,0.2612058587326111,-0.40212736491231843
-0.2761419547970827,-0.1985780591948104,-0.9338532050518316,2.5169920812281554,0.17727105069775392,-0.6909155272572675,0.04189092269980963,1.8078703115230204,-0.8939576551118029,0.08500756063317735,-1.1416977770807362
0.7622193707196266,-0.39195671745434213,-0.19874306512441883,1.4781181553516805,0.17727105069775392,-0.5165764702764399,0.9926459694990197,1.7390052210951121,-0.9599527398550317,0.349305007782328,-1.2238722673216713
-0.2761419547970827,-1.2621606796222342,0.04629364818471899,-1.0110649145701716,-0.3855044248620159,0.5875708906021344,-1.3494579262746442,-1.4804377564081517,-1.553908502544076,0.08500756063317735,0.9126644789426457
-0.1607684741841144,0.5749365738433161,0.7814037881121315,-0.8876343491195011,-0.21234274007439433,-0.34223741329561247,-0.5378377643728794,-1.256626212517536,0.22795878552305976,-0.44358733366512343,1.6522348911110634
0.9929663319455622,0.6716259029730814,1.0264405014212694,1.210685263541895,1.822307056180157,1.5173791944998813,1.0622134119477424,1.401566277998519,-2.213859349976349,-0.1792898865159733,-1.3060467575626062
-0.1607684741841144,0.28486858645401847,-1.9956789627247613,-0.9287778709363915,-0.2989235824682051,1.0524750425510079,0.08826921766562476,-0.5955213444099006,-0.4979871466524391,-0.44358733366512343,-0.40212736491231843
-2.4682380864434674,3.7656844351255874,-1.9956789627247613,-1.0110649145701716,-1.1214415852094068,-1.7369498691422327,-2.9726982500781736,-2.2620565327645594,0.6899243787256494,-1.3245788241622913,2.4739797935204164
-0.6222623966359855,-0.7787140339734051,-1.2605688227973484,0.963824132640554,-0.039181055286773056,1.2849271185254445,0.5056738723579609,0.988375735431261,-0.6959724008821225,0.43740415683204487,-1.1416977770807362
-0.2761419547970827,-0.005199400935278622,-0.8521743006154523,0.922680610823664,0.13398062950084852,0.5875708906021344,1.2245374443280954,1.2913821333139193,-0.4979871466524391,0.17310670968289424,-1.470395738044476
1.9159541768493034,-0.9720926922329369,-0.2804219695607981,-0.9904931536617264,-0.775118215634164,-0.05167231832756655,-0.9784315665481231,-0.36826654599790676,-2.4118446042060295,-1.1483805260628581,-0.4843018551532534
-0.39151543541004996,0.6716259029730814,0.37300926593023565,0.3055277835703123,-0.4287948460589213,-0.8652545842380951,1.3636723292255408,1.1467654434153849,1.811840819360515,-0.0911907374662564,-1.2238722673216713
-0.04539499357114716,-0.5853353757138736,-0.6071375873063147,-0.9699213927532815,-0.21234274007439433,-0.34223741329561247,1.0390242644648349,-0.9467333055920831,-1.0259478245982576,-1.2364796751125748,0.5017920277379693
-0.6222623966359855,-0.9720926922329369,-0.7704953961790733,-0.5173426527674903,0.30714231428846983,-0.8652545842380951,-0.42189202695834166,-0.020497839337140642,-0.5639822313956678,0.2612058587326111,-1.1416977770807362
-0.2761419547970827,0.1881792573242526,0.94476159698489,0.42895834902098257,-0.3422140036651105,1.110588061544617,1.456428919157171,0.6233907561635273,-0.10201663819307528,-0.0911907374662564,-0.8951743063579298
-0.6222623966359855,0.5749365738433161,-0.5254586828699355,-0.7024885009434957,-0.9482799004217854,0.2970057956340885,0.343349839977608,-0.9777225962846399,1.0198998024417874,0.9659990511303452,1.077013459424517
0.9929663319455622,0.1881792573242526,-0.8521743006154523,-0.805347305485721,0.9564986322420505,-0.4003504322892216,0.01870177521690207,0.01049145135541612,-0.5639822313956678,1.142197349229779,-0.6486508356351234
0.9929663319455622,0.28486858645401847,-0.8521743006154523,-0.805347305485721,0.9997890534389559,-0.34223741329561247,-0.07405481471472819,0.01049145135541612,-0.5639822313956678,1.142197349229779,-0.6486508356351234
-1.314503280313791,-0.15023339462992744,-0.4437797784335562,0.20266897902808698,-0.4287948460589213,0.6456839095957436,0.29697154501179285,-0.27529867392027474,1.0858948871850131,-0.44358733366512343,0.17309406677422937
-1.6606237221526938,-0.24692272375969332,-0.03538525625166028,-0.9699213927532815,0.22056147189465902,-0.34223741329561247,-0.35232458450961895,-1.1395555587901418,1.151889971928242,1.4945939454286465,0.5839665179789058
-0.2761419547970827,-0.1985780591948104,-0.4437797784335562,0.7169630017392135,-0.775118215634164,-1.2720457171933592,-0.3755137319925265,-0.4302451273830203,-0.16801172293630404,-1.3245788241622913,1.2413624399063872
-2.3528646058305003,-1.0687820213627024,-0.4437797784335562,-0.6202014573097155,-0.6885373732403534,-0.7490285462508767,-0.6074052068216022,-1.2359666853891904,1.2178850566714678,-1.3245788241622913,0.5839665179789058
-0.7376358772489527,-0.7787140339734051,-0.03538525625166028,-0.10590743459858892,-0.775118215634164,-0.8071415652444859,-1.4422145162062745,-1.2635127215603308,1.0858948871850131,-0.7078847808142741,2.3918053032794813
0.7622193707196266,-0.005199400935278622,0.618045979239373,-0.9493496318448365,-0.08247147648367845,-1.3882717551805777,-0.2595679945779887,-0.2959582010486586,0.5579342092391948,-0.35548818461540654,-0.23777838443044702
-0.7376358772489527,-0.5853353757138736,-1.0972110139245899,3.06214374530195,-0.4720852672558264,1.3430401375190537,1.08540255943065,2.214174345047522,-0.5639822313956678,0.349305007782328,-1.3060467575626062
0.18535196765478837,0.5749365738433161,-0.6071375873063147,0.9021088499152191,-0.21234274007439433,0.9362490045637895,0.6679979047383139,0.01049145135541612,-0.7619674856253483,-1.2364796751125748,0.8304899887017108
-0.39151543541004996,-0.875403363103171,0.04629364818471899,-0.8876343491195011,-0.7318277944372586,0.23889277664047934,-0.49145946940706436,-1.463221483801184,0.09596861603660517,1.6707922435280802,1.5700604008701284
-0.9683828384748883,-0.6820247048436395,-0.3621008739971774,1.4781181553516805,-0.16905231887748895,-0.4003504322892216,-0.28275714206089625,1.9180544562076198,1.2838801414146965,-0.35548818461540654,-1.6347447185263475
-0.853009357861921,-0.5853353757138736,1.0264405014212694,-0.8464908273026112,4.939217382357343,-0.05167231832756655,-1.465403663689182,-1.8557524992400962,-0.03602155344984944,-1.4126779732120083,2.309630813038546
-0.39151543541004996,0.3815579155837844,1.1897983102940275,0.42895834902098257,-0.8616990580279749,-0.9814806222253134,-1.1407555989284761,-0.8090031247363432,0.16196370077983394,2.6398828830749648,1.7344093813519985
0.3007254482677556,-0.6820247048436395,3.150092016767128,-0.8876343491195011,5.242250330735682,1.749831270474318,-0.3987028794754341,-0.18921731088543728,-1.4879134178008473,0.17310670968289424,-1.1416977770807362
-1.4298767609267593,-0.1985780591948104,-1.2605688227973484,-0.9287778709363915,-0.5153756884527319,-0.9814806222253134,-0.05086566723182062,-0.7057054890945383,0.8219145482121041,-1.2364796751125748,-0.31995287467138345
0.18535196765478837,-1.2621606796222342,-0.4437797784335562,1.8072663298868012,0.22056147189465902,-0.34223741329561247,0.2737823975288853,1.4222258051269028,-1.553908502544076,-0.8840830789137074,-1.3060467575626062
0.6468458901066594,-0.1018887300650445,-0.4437797784335562,-0.8464908273026112,-0.25563316127129976,0.5875708906021344,-0.3755137319925265,-1.1567718313971094,-1.157937994084712,-0.7959839298639905,1.077013459424517
-0.04539499357114716,-0.5853353757138736,-0.2804219695607981,0.963824132640554,1.0430794746358611,1.8660573084615364,1.3172940342597257,0.9470566811745315,-2.0158740957466654,-0.6197856317645573,-1.3060467575626062
-0.7376358772489527,-0.39195671745434213,-0.688816491742694,1.3546875899010102,0.3937231566822806,0.7037969285893527,-0.07405481471472819,1.3051551513995086,0.6899243787256494,0.17310670968289424,-1.3060467575626062
-0.6222623966359855,-0.005199400935278622,-0.3621008739971774,0.1820972181196418,0.22056147189465902,0.2970057956340885,0.1346475126314399,-0.017054584815762438,1.547860480387606,0.8778999020806283,0.33744304725609936
-1.5452502415397265,-1.0687820213627024,-0.8521743006154523,-0.6202014573097155,-0.2989235824682051,-1.4463847741741869,-0.6769726492703249,-0.4681209271183335,0.5579342092391948,0.08500756063317735,-0.4843018551532534
-0.39151543541004996,-0.1985780591948104,0.04629364818471899,-0.9287778709363915,-0.25563316127129976,-0.5746894892700491,1.08540255943065,-0.5610887991959655,0.6239292939824236,-0.26738903556568966,0.09091957653329293
-0.2761419547970827,-0.1018887300650445,-0.03538525625166028,-0.9287778709363915,-0.16905231887748895,-0.6328025082636584,1.0622134119477424,-0.564532053717382,0.6239292939824236,-0.26738903556568966,0.09091957653329293
-1.6606237221526938,1.7352085234005057,-1.505605536106486,-0.7847755445772759,-0.8616990580279749,-0.34223741329561247,-0.16681140464635844,-1.4666647383225624,1.2838801414146965,2.4636845849755313,2.309630813038546
1.1083398125585295,-0.875403363103171,-0.11706416068803956,0.3055277835703123,-1.3378936911939336,0.7037969285893527,-0.3059462895438038,-0.3476070188695611,-1.3559232483143926,-0.8840830789137074,0.33744304725609936
1.1083398125585295,-0.7787140339734051,-0.11706416068803956,-0.18819447823236923,-1.2946032699970282,-0.22601137530839407,-0.8392966816506778,-0.6643864348378087,-1.3559232483143926,-0.8840830789137074,0.33744304725609936
-0.853009357861921,-1.0687820213627024,-0.4437797784335562,-0.7024885009434957,-0.775118215634164,-0.7490285462508767,-0.9088641240994005,-1.0569174502766827,-0.2340068076795299,-1.0602813770131412,0.41961753749703434
0.6468458901066594,-0.7787140339734051,0.1279725526210978,0.03809489176052635,-0.90498947922488,-1.4463847741741869,-2.2538346781080394,-0.4646776725969553,-2.6758249431789385,0.2612058587326111,0.2552685570151644
-0.1607684741841144,1.058383219492145,-0.7704953961790733,-0.6613449791266055,-1.251312848800123,-0.7490285462508767,-1.3262687787917367,-1.015598396019953,-1.0919429093414863,-1.0602813770131412,0.7483154984607757
0.06997848704182111,1.1550725486219109,-1.3422477272337274,1.4369746335347906,-0.5586661096496373,1.401153156512663,1.1317808543964651,1.2913821333139193,-0.7619674856253483,-0.003091588416539527,-0.9773487965988648
-0.6222623966359855,-0.39195671745434213,-0.3621008739971774,1.601548720802351,-0.4720852672558264,1.0524750425510079,-0.07405481471472819,0.6474935378132896,-0.16801172293630404,-0.9721822279634242,0.008745086292357939
0.6468458901066594,-0.1018887300650445,-0.19874306512441883,-0.7230602618519408,-1.381184112390839,-1.155819679206141,0.1346475126314399,-0.981165850806018,-1.0919429093414863,1.4064947963789296,1.159187949665452
-0.853009357861921,-0.1018887300650445,-0.4437797784335562,0.7992500453729937,-0.16905231887748895,1.5173791944998813,-0.28275714206089625,0.5269796295644789,-0.3659969771659845,-0.6197856317645573,-0.31995287467138345
-2.1221176446045646,3.1855484603469923,-1.7506422494156237,-0.9493496318448365,-1.5976362183753658,1.749831270474318,-0.8624858291335854,-2.200077951379446,0.4259440397527402,-1.0602813770131412,2.3918053032794813
-0.1607684741841144,1.348451206881442,0.4546881703666149,1.2724005462672299,-0.25563316127129976,1.5173791944998813,2.569507998336734,1.4291123141696975,0.7559194634688782,0.7898007530309115,-0.7308253258760599
-0.39151543541004996,0.47824724471355023,-0.4437797784335562,0.03809489176052635,-1.2080224276032177,0.3551188146276977,-0.7929183866848627,-0.8847547242070077,0.29395387026628855,-1.500777122261725,1.323536930147322
0.06997848704182111,0.47824724471355023,-0.19874306512441883,0.3672430662956474,-0.25563316127129976,-0.34223741329561247,-0.05086566723182062,-0.5266562539820305,-0.5639822313956678,0.7017016039811945,1.4057114203882586
-0.6222623966359855,-1.2621606796222342,-0.2804219695607981,-0.9287778709363915,-1.0348607428155963,0.18077975764687015,-0.8624858291335854,-0.9639495781990506,1.481865395644377,0.7017016039811945,0.6661410082198408
-0.39151543541004996,0.3815579155837844,0.94476159698489,0.3672430662956474,-1.0348607428155963,-0.22601137530839407,-0.9320532715823081,-0.8434356699502782,0.02997353129337933,1.846990541627513,1.7344093813519985
0.6468458901066594,-0.2952673883245763,-0.3621008739971774,0.1820972181196418,-1.1214415852094068,-0.22601137530839407,-0.561026911855787,-0.14101174758591303,-0.43199206190921324,-1.7650745694108756,0.17309406677422937
0.8775928513325939,-0.1018887300650445,-0.2804219695607981,0.6758194799223232,-1.2080224276032177,-0.6909155272572675,-0.9552424190652156,0.003604942312621482,-0.7619674856253483,-1.7650745694108756,0.33744304725609936
-0.5068889160230172,-0.1018887300650445,0.94476159698489,0.4906736317463179,0.17727105069775392,0.9943620235573987,1.3636723292255408,0.5889582109495924,-0.10201663819307528,-0.0911907374662564,-0.8951743063579298
-0.39151543541004996,-0.2952673883245763,-0.5254586828699355,2.3627038744148177,0.7833369474544288,-0.34223741329561247,0.06508007018271719,1.3671337327845838,0.02997353129337933,-0.003091588416539527,-0.40212736491231843
-1.4298767609267593,-0.875403363103171,-0.19874306512441883,-0.6613449791266055,-0.8184086368310695,-1.3882717551805777,-0.8624858291335854,-1.4287889385872492,1.7458457346172862,-0.7959839298639905,2.145281832556675
0.6468458901066594,0.09148992819448672,1.1897983102940275,1.4164028726263456,-0.3855044248620159,1.5464357039966858,1.0390242644648349,1.4773178774691835,-1.157937994084712,-1.3245788241622913,-1.470395738044476
-0.5068889160230172,0.5749365738433161,0.8630826925485108,0.4701018708378725,-0.12576189768058385,1.110588061544617,1.4796180666400787,0.5924014654709706,-0.10201663819307528,-0.0911907374662564,-0.8951743063579298
-0.2761419547970827,-0.1018887300650445,1.5165139280395445,0.44953010992942755,-0.08247147648367845,1.0524750425510079,1.5028072141229862,0.5820717019067978,-0.10201663819307528,-0.0911907374662564,-0.8951743063579298
-0.2761419547970827,-0.1985780591948104,1.5165139280395445,0.4701018708378725,0.04739978710703774,0.9943620235573987,1.247726591811003,0.5579689202570357,-0.2340068076795299,-0.1792898865159733,-0.8951743063579298
-0.39151543541004996,-0.1985780591948104,1.353156119166786,0.42895834902098257,0.22056147189465902,0.6456839095957436,1.3868614767084484,0.5407526476500681,-0.10201663819307528,-0.1792898865159733,-0.8951743063579298
-0.04539499357114716,-0.2952673883245763,-0.2804219695607981,1.210685263541895,-0.12576189768058385,1.0524750425510079,-0.09724396219763574,0.4994335933933386,-1.0919429093414863,0.7898007530309115,-0.15560389418951204
-0.6222623966359855,0.3815579155837844,-0.6071375873063147,1.2518287853587848,0.13398062950084852,1.6336052324870995,0.7607544946699442,0.7955534822332022,-0.3659969771659845,0.5255033058817618,-0.5664763453941885
-1.5452502415397265,-0.39195671745434213,0.94476159698489,-0.8670625882110562,0.004109365910132342,-0.7490285462508767,-0.561026911855787,-0.5335427630248252,0.16196370077983394,-0.0911907374662564,-0.4843018551532534
-0.2761419547970827,-1.4555393378817658,-0.3621008739971774,1.6426922426192412,0.437013577879186,-0.10978533732117574,-0.9784315665481231,1.1123328982014498,-0.16801172293630404,-0.8840830789137074,-0.9773487965988648
0.18535196765478837,1.058383219492145,-1.0155321094882108,0.984395893548999,2.2552112681492114,-1.2720457171933592,-1.0711881564797534,0.9573864447387043,-1.0919429093414863,-0.1792898865159733,-1.0595232868397997
1.2237132931714978,-0.6820247048436395,0.4546881703666149,-0.805347305485721,0.4803039990760914,-0.8071415652444859,0.01870177521690207,-0.6988189800517437,-0.9599527398550317,0.2612058587326111,0.2552685570151644
0.18535196765478837,0.1881792573242526,-0.4437797784335562,-0.7642037836688309,-0.16905231887748895,-0.8071415652444859,0.923078527050297,-0.7332515252656786,0.02997353129337933,0.7017016039811945,0.6661410082198408
1.4544602543974323,-0.7787140339734051,-0.2804219695607981,-0.9493496318448365,-0.4287948460589213,-1.6207238311550143,-2.0451323507618713,-0.4715641816397499,-1.3559232483143926,2.1112879887766636,-0.23777838443044702
1.6852072156233688,-0.9720926922329369,-0.2804219695607981,-0.9904931536617264,-0.5586661096496373,-0.8652545842380951,-1.8596191708986105,-0.9295170329851156,-1.157937994084712,0.17310670968289424,0.33744304725609936
0.41609892888072386,-1.0687820213627024,0.04629364818471899,0.09981017448586167,-0.16905231887748895,-1.0977066602125318,-0.6074052068216022,-0.3476070188695611,-1.3559232483143926,-0.7959839298639905,0.17309406677422937
-0.04539499357114716,-0.6820247048436395,2.3333029724033363,0.09981017448586167,-0.21234274007439433,-1.6207238311550143,-0.561026911855787,-0.0721466571580431,-1.553908502544076,0.8778999020806283,-0.31995287467138345
0.06997848704182111,-0.6820247048436395,2.3333029724033363,0.07923841357741651,-0.16905231887748895,-1.6207238311550143,-0.6537835017874173,-0.0721466571580431,-1.553908502544076,0.8778999020806283,-0.31995287467138345
-0.04539499357114716,-0.1985780591948104,0.04629364818471899,1.8895533735205818,0.6101752626668073,0.4132318336213069,0.5752413148066836,1.1226626617656228,0.29395387026628855,0.2612058587326111,-0.07342940394857704
0.41609892888072386,-0.005199400935278622,0.37300926593023565,-0.805347305485721,0.2638518930915644,-0.6909155272572675,0.4361064299092382,-0.8916412332498024,-0.43199206190921324,0.2612058587326111,0.41961753749703434
0.6468458901066594,0.5749365738433161,-0.4437797784335562,1.2724005462672299,0.13398062950084852,-0.22601137530839407,0.2737823975288853,1.0262515351666124,0.16196370077983394,-0.003091588416539527,-0.23777838443044702
-0.6222623966359855,1.445140536011208,-0.11706416068803956,0.5935324362885431,-0.16905231887748895,-0.9814806222253134,-0.72335094423614,-0.7125919981372947,0.5579342092391948,-1.4126779732120083,1.89875836183387
-0.04539499357114716,1.2517618777516761,-0.2804219695607981,0.5935324362885431,-0.039181055286773056,-0.4003504322892216,-0.14362225716345087,0.5200931205216842,-0.4979871466524391,0.8778999020806283,-0.5664763453941885
-0.6222623966359855,1.1550725486219109,-0.7704953961790733,-0.16762271732392425,-0.4287948460589213,0.47134485261491604,-0.14362225716345087,-0.6643864348378087,0.29395387026628855,-0.44358733366512343,0.5839665179789058
-2.0067441639915975,0.6716259029730814,-0.6071375873063147,0.1820972181196418,-0.5153756884527319,0.0645537196596518,-0.3987028794754341,-0.657499925795014,1.2178850566714678,-0.7959839298639905,0.7483154984607757
-0.6222623966359855,0.1881792573242526,-1.0972110139245899,-0.455627370042155,-0.2989235824682051,-0.05167231832756655,-0.12043310968054331,-0.760797561436819,-1.2899281635711668,-0.9721822279634242,0.09091957653329293
0.06997848704182111,-0.005199400935278622,-0.4437797784335562,1.292972307175675,-0.16905231887748895,0.9943620235573987,0.04189092269980963,0.49254708435054395,-1.0919429093414863,0.6136024549314787,-0.15560389418951204
0.18535196765478837,0.47824724471355023,-0.4437797784335562,-0.04419215187325378,-0.5586661096496373,0.23889277664047934,1.5491855090888014,-0.6988189800517437,-0.16801172293630404,1.3183956473292127,1.5700604008701284
-0.1607684741841144,-0.1985780591948104,1.2714772147304068,0.44953010992942755,0.2638518930915644,0.7619099475829619,1.3868614767084484,0.6165042471207327,-0.03602155344984944,-0.0911907374662564,-0.8951743063579298
0.5314724094936911,-0.39195671745434213,-0.2804219695607981,-0.7024885009434957,-0.16905231887748895,-0.22601137530839407,-0.7697292392019551,-0.9260737784637374,-0.9599527398550317,0.6136024549314787,0.5839665179789058
-0.1607684741841144,1.7352085234005057,-1.0155321094882108,-0.3939120873168198,-0.5153756884527319,-1.3301587361869684,-1.1407555989284761,-1.2497397034747415,0.4259440397527402,0.43740415683204487,1.9809328520748049
-2.0067441639915975,-0.48864604658410776,-1.2605688227973484,-1.0110649145701716,0.30714231428846983,-1.2720457171933592,-0.885674976616493,-1.4563349747583894,0.16196370077983394,-0.8840830789137074,0.7483154984607757
0.3007254482677556,1.5418298651409739,-0.8521743006154523,-0.02362039096480879,-0.4720852672558264,-0.6328025082636584,-0.8624858291335854,-1.0913499954906558,-0.30000189242275865,0.7017016039811945,2.145281832556675
-2.3528646058305003,-0.1985780591948104,-0.8521743006154523,0.963824132640554,-0.5153756884527319,-0.6909155272572675,-0.6074052068216022,-0.36138003695515036,1.7458457346172862,-1.853173718460592,0.7483154984607757
-0.04539499357114716,0.28486858645401847,-1.1788899183609691,-0.4967708918590451,1.7357262137863463,-0.28412439430200326,-0.16681140464635844,-0.2718554193988965,-2.4118446042060295,-0.44358733366512343,-0.8129998161169948
0.18535196765478837,-1.2621606796222342,-0.3621008739971774,2.156986265330367,0.5235944202729967,0.5875708906021344,-0.6305943543045097,1.3809067508701731,-0.30000189242275865,-1.0602813770131412,-0.7308253258760599
-0.39151543541004996,1.2517618777516761,-0.9338532050518316,-0.2293380000492594,0.2638518930915644,0.8200229665765711,0.11145836514853233,0.2790653040241395,-0.3659969771659845,1.142197349229779,-1.1416977770807362
-0.7376358772489527,0.28486858645401847,-0.8521743006154523,-0.5379144136759353,0.2638518930915644,-0.05167231832756655,-0.561026911855787,0.17232441386091812,-0.2340068076795299,-0.0911907374662564,-1.7990936990082176
1.339086773784465,-0.1018887300650445,-0.03538525625166028,-0.9699213927532815,0.17727105069775392,0.3551188146276977,-0.7929183866848627,-1.2979452667742657,-1.2899281635711668,-0.35548818461540654,1.4878859106291935
-0.1607684741841144,0.8650045612326133,-0.688816491742694,-0.7024885009434957,-0.775118215634164,-0.6328025082636584,-1.2335121888601064,-0.9949388688916073,-0.3659969771659845,-1.1483805260628581,0.9126644789426457
-0.2761419547970827,-0.6820247048436395,1.353156119166786,0.5729606753800979,-0.4287948460589213,0.3551188146276977,1.247726591811003,-0.2925149465272422,-1.553908502544076,0.6136024549314787,0.33744304725609936
0.7622193707196266,-0.1985780591948104,-0.19874306512441883,-0.8876343491195011,-0.6019565308465427,0.0645537196596518,-0.6537835017874173,-1.153328576875731,-1.4879134178008473,-0.5316864827148403,1.077013459424517
0.7622193707196266,0.5749365738433161,-0.4437797784335562,-0.3939120873168198,-0.775118215634164,0.6456839095957436,-0.8624858291335854,-1.4494484657155948,0.02997353129337933,0.08500756063317735,2.145281832556675
-0.5068889160230172,0.3815579155837844,-0.8521743006154523,2.1158427435134772,0.3937231566822806,0.0645537196596518,0.8998893795673895,1.6563671125816912,0.4259440397527402,0.43740415683204487,-1.2238722673216713
-0.1607684741841144,-0.39195671745434213,-0.11706416068803956,0.6346759581054331,-0.9915703216186909,-0.8652545842380951,-0.6537835017874173,-0.40269909121187997,0.9539047176985587,-1.2364796751125748,1.6522348911110634
0.3007254482677556,1.058383219492145,3.7218443478217833,-0.9287778709363915,6.411091703052126,-0.6909155272572675,-1.094377303962661,-0.5748618172815548,-0.16801172293630404,-0.26738903556568966,-0.07342940394857704
1.5698337350103995,0.28486858645401847,0.7814037881121315,0.22324073993653196,0.04739978710703774,-0.9814806222253134,-1.1639447464113837,0.8575320636183158,0.22795878552305976,1.3183956473292127,0.008745086292357939
-1.0837563190878554,-1.0687820213627024,-0.3621008739971774,-0.5790579354928254,-0.6885373732403534,-0.16789835631478492,-0.3291354370267114,-1.6043949191783404,1.4158703109011512,-1.4126779732120083,2.556154283761351
-1.0837563190878554,-0.7787140339734051,-0.8521743006154523,-0.9082061100279463,-0.3855044248620159,0.18077975764687015,-1.0248098615139383,-1.232523430867774,1.0858948871850131,-0.003091588416539527,1.159187949665452
-0.2761419547970827,0.3815579155837844,-0.6071375873063147,-0.27048152186614954,-0.645246952043448,-0.5165764702764399,-0.3987028794754341,-0.623067380581079,1.3498752261579225,2.1112879887766636,1.5700604008701284
-1.0837563190878554,-1.5522286670115315,-0.5254586828699355,-0.2293380000492594,-0.6885373732403534,0.2970057956340885,-0.6305943543045097,-0.5266562539820305,2.3398014973063304,1.6707922435280802,1.2413624399063872
-1.0837563190878554,-0.9720926922329369,-0.3621008739971774,-0.27048152186614954,-0.6019565308465427,1.9241703274551456,-0.004487372266005494,-0.7573543069154407,0.09596861603660517,-0.9721822279634242,0.5839665179789058
-1.6606237221526938,-1.0687820213627024,-0.5254586828699355,-0.6613449791266055,0.13398062950084852,-0.4003504322892216,-0.7697292392019551,-0.5335427630248252,1.7458457346172862,0.5255033058817618,-0.23777838443044702
-0.853009357861921,-0.6820247048436395,-0.2804219695607981,0.07923841357741651,-0.2989235824682051,0.7037969285893527,-0.02767651974891306,-1.070690468362272,0.491939124495969,-1.588876271311442,1.7344093813519985
0.5314724094936911,-0.2952673883245763,-0.6071375873063147,0.2643842617534221,0.09069020830394313,0.9943620235573987,1.618752951537524,0.7163586282411595,-0.4979871466524391,-1.0602813770131412,-1.1416977770807362
-0.7376358772489527,-0.5853353757138736,-0.2804219695607981,1.3341158289925652,0.35043273548537524,4.248691087199513,0.343349839977608,1.2018575157577036,-0.6299773161388937,-0.1792898865159733,-0.8951743063579298
-0.39151543541004996,-0.1018887300650445,-1.1788899183609691,0.14095369630275165,-0.039181055286773056,3.667560897263421,0.8767002320844819,-0.05148713002969741,-0.2340068076795299,-1.3245788241622913,-0.40212736491231843
-0.2761419547970827,1.058383219492145,-0.9338532050518316,-0.3939120873168198,-0.3422140036651105,-1.0395936412189226,-0.9088641240994005,-1.242853194431985,0.3599489550095144,0.349305007782328,1.9809328520748049
-0.9683828384748883,0.28486858645401847,0.37300926593023565,-0.2293380000492594,-0.25563316127129976,0.3551188146276977,-0.8392966816506778,-1.41501592050166,0.29395387026628855,0.6136024549314787,2.06310734231574
1.800580696236336,-0.48864604658410776,-0.11706416068803956,-0.9493496318448365,0.09069020830394313,1.401153156512663,-0.561026911855787,-0.6919324710089491,-0.6299773161388937,0.5255033058817618,0.33744304725609936
-0.9683828384748883,-0.5853353757138736,-0.688816491742694,1.0666829371827793,0.437013577879186,4.481143163173949,0.923078527050297,0.7955534822332022,-0.7619674856253483,-1.1483805260628581,-0.9773487965988648
-0.853009357861921,-0.48864604658410776,-0.5254586828699355,0.7992500453729937,0.3937231566822806,2.2728484414168006,-0.07405481471472819,0.5338661386072735,-0.2340068076795299,-0.7959839298639905,-0.31995287467138345
0.5314724094936911,0.7683152321028474,1.679871736912303,1.5192616771685707,0.35043273548537524,1.6336052324870995,1.2941048867768181,1.6701401306672423,-0.8939576551118029,-0.003091588416539527,-1.6347447185263475
0.8775928513325939,0.8650045612326133,1.4348350236031653,1.1901135026334495,2.0820495833615897,1.3430401375190537,1.0158351169819273,1.3671337327845838,-1.883883926260211,0.17310670968289424,-1.3060467575626062
-0.1607684741841144,-0.1985780591948104,1.4348350236031653,0.42895834902098257,0.6967561050606181,0.8781359855701802,1.3172940342597257,0.5717419383425867,-0.43199206190921324,0.08500756063317735,-0.8129998161169948
0.6468458901066594,-0.5853353757138736,-0.5254586828699355,-0.8876343491195011,0.4803039990760914,0.5875708906021344,-0.9088641240994005,-0.27529867392027474,0.6239292939824236,-0.44358733366512343,-0.5664763453941885
-0.853009357861921,-0.5853353757138736,-0.4437797784335562,2.1878439066930353,0.5668848414699019,1.110588061544617,-0.05086566723182062,0.9849324809098828,0.02997353129337933,-0.9721822279634242,-0.07342940394857704
0.3007254482677556,-0.005199400935278622,-0.19874306512441883,-0.9082061100279463,0.30714231428846983,-0.8652545842380951,-0.9088641240994005,-1.0672472138408937,-0.30000189242275865,0.08500756063317735,0.6661410082198408
-0.39151543541004996,0.6716259029730814,-0.19874306512441883,0.8815370890067737,0.9997890534389559,1.3430401375190537,0.7607544946699442,1.0779003529875149,-0.10201663819307528,-0.003091588416539527,-0.9773487965988648
-0.04539499357114716,4.3458204099041815,-1.0972110139245899,0.14095369630275165,0.35043273548537524,-0.5746894892700491,-1.6741059910353502,-0.18921731088543728,-0.4979871466524391,-1.853173718460592,0.41961753749703434
-0.9683828384748883,-0.005199400935278622,-0.7704953961790733,2.4449909180485982,0.04739978710703774,0.4132318336213069,-0.6074052068216022,1.7803242753518418,-0.6299773161388937,-0.35548818461540654,-1.3882212478035412
0.3007254482677556,-0.7787140339734051,0.2913303614938564,-0.9082061100279463,0.13398062950084852,-0.4003504322892216,-0.190000552129266,-0.5266562539820305,-0.30000189242275865,0.2612058587326111,0.17309406677422937
-0.04539499357114716,0.47824724471355023,-0.19874306512441883,0.3055277835703123,-0.039181055286773056,-0.05167231832756655,0.1346475126314399,-0.5266562539820305,-0.8939576551118029,0.5255033058817618,1.323536930147322
0.41609892888072386,-0.39195671745434213,0.2096514570574771,-0.805347305485721,-0.7318277944372586,-0.8071415652444859,-1.7204842860011653,-1.0431444321911316,-0.43199206190921324,1.230296498279496,1.5700604008701284
-0.7376358772489527,-0.1018887300650445,-0.6071375873063147,1.2724005462672299,0.004109365910132342,0.47134485261491604,-0.23637884709508114,0.45122803009381435,-0.2340068076795299,-1.0602813770131412,0.17309406677422937
-0.5068889160230172,0.9616938903623791,-0.6071375873063147,0.4701018708378725,-0.12576189768058385,-0.4003504322892216,-0.9088641240994005,-0.49911021781089027,-1.3559232483143926,-1.588876271311442,0.6661410082198408
-0.9683828384748883,-0.6820247048436395,-0.2804219695607981,0.5729606753800979,-0.4287948460589213,0.7037969285893527,-0.23637884709508114,-0.03771411194410813,-0.10201663819307528,-0.8840830789137074,0.008745086292357939
0.18535196765478837,0.5749365738433161,-1.914000058288382,-0.4967708918590451,-0.08247147648367845,-1.0395936412189226,-1.7204842860011653,-0.030827602901313488,-1.223933078827941,-0.8840830789137074,-1.1416977770807362
-1.0837563190878554,1.4934852005760908,-1.4239266316701067,0.09981017448586167,-0.645246952043448,-0.8071415652444859,-0.07405481471472819,-0.7849003430865811,0.29395387026628855,-0.26738903556568966,1.323536930147322
0.18535196765478837,-0.2952673883245763,-0.03538525625166028,-0.7847755445772759,-1.0781511640125014,-1.0395936412189226,-1.419025368723367,-1.232523430867774,0.4259440397527402,-0.35548818461540654,1.4057114203882586
-0.1607684741841144,-0.1985780591948104,-0.3621008739971774,0.3672430662956474,-0.3422140036651105,0.2970057956340885,0.9694568220161122,0.344487139930593,0.22795878552305976,0.6136024549314787,-0.15560389418951204
0.18535196765478837,-0.39195671745434213,-0.2804219695607981,1.3135440680841202,-0.4720852672558264,2.1566224034295822,0.8071327896357593,0.5545256657356192,-1.3559232483143926,0.7017016039811945,-0.15560389418951204
1.9159541768493034,-0.48864604658410776,0.04629364818471899,-0.9493496318448365,-0.4720852672558264,1.110588061544617,-0.6305943543045097,-0.6988189800517437,-0.8279625703685771,0.5255033058817618,0.33744304725609936
-2.3528646058305003,3.5723057768660555,-1.7506422494156237,-0.9904931536617264,-1.4244745335877445,-1.795062888135842,-2.949509102595266,-0.45779116355416066,0.8219145482121041,-1.1483805260628581,2.3918053032794813
-0.853009357861921,-0.5853353757138736,0.37300926593023565,-0.6407732182181606,4.246570643206857,-1.3301587361869684,-1.6741059910353502,-1.0293714141055423,-1.6199035872873018,1.3183956473292127,0.6661410082198408
-1.1991297997008237,-0.1018887300650445,-0.6071375873063147,-0.4967708918590451,1.086369895832766,-0.5165764702764399,-1.58134940110372,-1.325491302945406,-0.6299773161388937,-0.9721822279634242,0.7483154984607757
-2.1221176446045646,1.6868638588356226,-1.2605688227973484,-0.8259190663941661,-0.4287948460589213,-0.10978533732117574,-0.72335094423614,-2.1794184242511,0.09596861603660517,2.9922794792738316,2.8026777544841575
-0.39151543541004996,0.47824724471355023,-0.2804219695607981,-0.43505560913371,-0.4287948460589213,-0.05167231832756655,-1.1407555989284761,-1.2084206492180118,0.3599489550095144,1.230296498279496,1.5700604008701284
-0.1607684741841144,0.28486858645401847,-0.2804219695607981,-0.7230602618519408,-0.3422140036651105,-0.28412439430200326,-1.256701336343014,-1.762784627162426,-0.6959724008821225,-1.1483805260628581,1.816583871592935
-0.7376358772489527,1.058383219492145,-0.7704953961790733,-0.2293380000492594,-0.3855044248620159,0.5875708906021344,0.01870177521690207,-0.7057054890945383,0.22795878552305976,-0.5316864827148403,0.5017920277379693
0.3007254482677556,0.8650045612326133,-0.2804219695607981,0.05866665266897152,-0.25563316127129976,0.8200229665765711,0.04189092269980963,-1.232523430867774,-0.16801172293630404,-1.941272867510309,2.4739797935204164
0.41609892888072386,-0.48864604658410776,3.96688106113092,-0.9493496318448365,4.463022749191384,2.040396365442364,-0.6537835017874173,-0.25808240131330723,-1.7518937567737565,-0.6197856317645573,-1.1416977770807362
0.41609892888072386,-0.2952673883245763,-0.11706416068803956,-0.9082061100279463,0.35043273548537524,-0.6328025082636584,-0.7465400917190476,-0.7745705795224083,-0.16801172293630404,-0.0911907374662564,0.41961753749703434
-2.4682380864434674,1.6868638588356226,-1.2605688227973484,-0.8259190663941661,-0.4287948460589213,-0.10978533732117574,-0.72335094423614,-2.1794184242511,0.09596861603660517,2.9922794792738316,2.8026777544841575
-0.7376358772489527,-0.005199400935278622,1.4348350236031653,0.4083865881125376,0.437013577879186,0.8200229665765711,1.5955638040546165,0.6233907561635273,-0.10201663819307528,0.2612058587326111,-0.9773487965988648
-0.5068889160230172,0.6716259029730814,-0.4437797784335562,-0.8876343491195011,-0.3855044248620159,-0.22601137530839407,-0.561026911855787,-2.0657910250451224,-0.4979871466524391,-0.7959839298639905,2.9670267349660278
-0.2761419547970827,0.28486858645401847,-0.4437797784335562,-0.9287778709363915,-0.4720852672558264,-0.4003504322892216,-0.7001617967532324,-1.8695255173256473,-1.2899281635711668,-0.7959839298639905,2.145281832556675
0.6468458901066594,-0.2952673883245763,0.2913303614938564,-0.6819167400350507,0.17727105069775392,-0.6328025082636584,-0.12043310968054331,-0.8296626518646889,-1.0259478245982576,0.349305007782328,0.5017920277379693
0.5314724094936911,0.7683152321028474,0.04629364818471899,1.8278380907952465,0.4803039990760914,0.6456839095957436,0.8303219371186668,1.2810523697497465,-0.3659969771659845,0.7017016039811945,-0.31995287467138345
2.0313276574622705,0.28486858645401847,-0.2804219695607981,-1.0316366754786166,-0.039181055286773056,-1.0977066602125318,-0.6537835017874173,-0.4474613999899878,-1.6199035872873018,-0.8840830789137074,-0.40212736491231843
2.0313276574622705,-0.5853353757138736,-0.03538525625166028,-0.9699213927532815,-0.645246952043448,0.18077975764687015,-0.9784315665481231,-0.48189394520392276,-2.4118446042060295,-1.588876271311442,-0.23777838443044702
0.06997848704182111,-1.358850008752,-0.3621008739971774,0.8198218062814387,0.437013577879186,-0.28412439430200326,-1.0711881564797534,0.458114539136609,-0.03602155344984944,-1.4126779732120083,-0.5664763453941885
-0.39151543541004996,-0.5853353757138736,-0.19874306512441883,-0.4144838482252649,0.004109365910132342,-1.0395936412189226,-0.72335094423614,-0.967392832720467,-0.30000189242275865,-1.588876271311442,0.7483154984607757
-0.2761419547970827,0.3815579155837844,1.1081194058576482,1.9924121780628072,0.7400465262575234,-0.4584634512828308,0.8303219371186668,1.6976861668384209,-0.10201663819307528,0.6136024549314787,-1.3060467575626062
-0.853009357861921,-0.005199400935278622,-0.6071375873063147,-0.9082061100279463,-0.6885373732403534,-0.5746894892700491,-0.8392966816506778,-1.669816755084794,-1.0919429093414863,-0.7078847808142741,1.2413624399063872
-0.7376358772489527,0.1881792573242526,-0.4437797784335562,-0.8876343491195011,-0.4287948460589213,-0.4003504322892216,-0.72335094423614,-1.9091229443216686,-0.3659969771659845,-0.7078847808142741,2.2274563227976114
0.06997848704182111,-0.5853353757138736,-0.4437797784335562,0.3878148272040924,0.17727105069775392,0.47134485261491604,-0.49145946940706436,-0.18233080184264264,0.16196370077983394,0.9659990511303452,0.7483154984607757
2.1467011380752377,0.28486858645401847,-1.0155321094882108,-0.06476391278169895,-0.2989235824682051,-0.4003504322892216,-1.627727696069535,-0.175444292799848,-1.553908502544076,0.2612058587326111,0.33744304725609936
0.5314724094936911,-0.1018887300650445,-0.2804219695607981,-0.9493496318448365,-0.25563316127129976,-0.5165764702764399,-1.2335121888601064,-0.5404292720676198,0.5579342092391948,0.349305007782328,0.09091957653329293
0.18535196765478837,1.7352085234005057,-1.0972110139245899,2.2187015480557024,0.004109365910132342,0.8781359855701802,1.08540255943065,1.7872107843946365,-0.7619674856253483,0.6136024549314787,-0.9773487965988648
-1.314503280313791,-0.48864604658410776,-0.688816491742694,0.41867246856676005,-0.16905231887748895,-1.0977066602125318,-0.6769726492703249,0.3685899215803551,1.6138555651308317,1.054098200180062,-0.23777838443044702
-0.39151543541004996,0.7683152321028474,0.2096514570574771,0.16152545721119682,6.021477912279978,0.9653055140605941,0.3201606924947004,0.5132066114789279,-0.16801172293630404,-0.6197856317645573,-1.0595232868397997
1.5698337350103995,-0.9720926922329369,0.37300926593023565,-0.9904931536617264,-0.25563316127129976,0.3551188146276977,-1.0479990089968458,-1.0913499954906558,-2.0818691804898943,0.9659990511303452,1.159187949665452
-0.7376358772489527,-0.1018887300650445,-0.11706416068803956,0.07923841357741651,0.09069020830394313,0.7037969285893527,0.5056738723579609,-0.3338340007839718,0.09596861603660517,0.9659990511303452,0.33744304725609936
0.06997848704182111,1.1550725486219109,0.2913303614938564,0.6141041971969882,0.30714231428846983,0.0645537196596518,0.2505932500459777,0.7611209370192673,-0.2340068076795299,0.08500756063317735,-1.0595232868397997
-2.2374911252175322,0.6232812384081985,0.04629364818471899,-1.0110649145701716,0.9564986322420505,-0.16789835631478492,0.1346475126314399,-0.8296626518646889,0.29395387026628855,-0.7959839298639905,-0.40212736491231843
0.41609892888072386,-0.48864604658410776,0.4546881703666149,-0.9082061100279463,0.30714231428846983,-0.5165764702764399,-0.72335094423614,-0.7332515252656786,-0.10201663819307528,-0.1792898865159733,0.41961753749703434
-0.5068889160230172,-0.7787140339734051,-1.505605536106486,0.14095369630275165,0.004109365910132342,-0.5165764702764399,-0.561026911855787,0.10001606891163176,-1.3559232483143926,0.7898007530309115,-0.5664763453941885
-0.853009357861921,-0.1018887300650445,-0.11706416068803956,0.05866665266897152,0.09069020830394313,0.7037969285893527,0.552052167323776,-0.33727725530538827,0.16196370077983394,0.9659990511303452,0.33744304725609936
-0.9683828384748883,0.1881792573242526,-0.03538525625166028,-0.7847755445772759,-0.16905231887748895,-0.22601137530839407,-0.23637884709508114,-1.4287889385872492,0.8219145482121041,-0.6197856317645573,1.5700604008701284
-0.853009357861921,0.1881792573242526,-0.11706416068803956,-0.7642037836688309,-0.16905231887748895,0.3551188146276977,0.11145836514853233,-1.4701079928439786,0.7559194634688782,-0.44358733366512343,1.7344093813519985
-1.314503280313791,-1.358850008752,-0.2804219695607981,-0.10590743459858892,-0.039181055286773056,-0.5165764702764399,-0.7465400917190476,0.310054594716658,0.8219145482121041,-0.35548818461540654,-1.0595232868397997
-0.6222623966359855,0.47824724471355023,-1.0972110139245899,2.465562678957043,0.8699177898482396,0.0645537196596518,0.552052167323776,1.828529838651366,-0.3659969771659845,0.17310670968289424,-1.470395738044476
0.18535196765478837,-1.1654713504924683,-0.2804219695607981,-0.6819167400350507,-0.12576189768058385,-0.05167231832756655,-1.094377303962661,-1.1429988133115583,-2.0818691804898943,-0.1792898865159733,0.5017920277379693
1.800580696236336,-0.5853353757138736,-0.2804219695607981,-0.9493496318448365,-0.3422140036651105,0.5875708906021344,-0.35232458450961895,-0.6919324710089491,-0.43199206190921324,0.43740415683204487,0.17309406677422937
-1.6606237221526938,-0.39195671745434213,-1.2605688227973484,-0.7436320227603859,0.17727105069775392,-0.7490285462508767,0.181025807597255,-0.5920780898885223,0.29395387026628855,-0.26738903556568966,-0.23777838443044702
0.9929663319455622,0.28486858645401847,0.2096514570574771,-0.3321968045914847,-0.8616990580279749,-1.155819679206141,-1.1639447464113837,-0.7814570885652029,-0.5639822313956678,-0.0911907374662564,1.159187949665452
-1.4298767609267593,-0.923748027668054,-1.1788899183609691,0.24381250084497694,0.09069020830394313,0.0645537196596518,-0.6305943543045097,0.2033137045534749,0.4259440397527402,-0.7078847808142741,-0.8951743063579298
-0.2761419547970827,1.445140536011208,-0.7704953961790733,1.23125702445034,-0.25563316127129976,1.110588061544617,0.5056738723579609,0.8368725364899319,-0.3659969771659845,0.43740415683204487,-0.6486508356351234
0.8775928513325939,1.058383219492145,1.0264405014212694,1.1901135026334495,1.6491453713925361,1.168701080538226,0.7607544946699442,1.356803969220411,-1.883883926260211,0.17310670968289424,-1.3060467575626062
0.41609892888072386,2.8954804729576944,-0.5254586828699355,-0.02362039096480879,-0.6019565308465427,0.2970057956340885,-0.4450811744412492,-1.001825377934402,-0.16801172293630404,0.349305007782328,1.9809328520748049
-0.9683828384748883,0.5749365738433161,-0.11706416068803956,-0.43505560913371,-0.08247147648367845,-1.2720457171933592,-0.49145946940706436,-0.932960287506532,1.2838801414146965,-0.44358733366512343,0.9948389691835822
0.7622193707196266,0.6716259029730814,1.1897983102940275,1.3341158289925652,0.437013577879186,1.5173791944998813,0.9114839533088432,1.460101604862216,-1.4879134178008473,0.2612058587326111,-1.470395738044476
0.5314724094936911,0.9616938903623791,-0.8521743006154523,0.12038193539430667,0.17727105069775392,-0.9814806222253134,-0.8161075341677703,-0.25808240131330723,-0.6299773161388937,0.5255033058817618,0.5017920277379693
-1.6606237221526938,-0.923748027668054,-1.1788899183609691,0.24381250084497694,0.09069020830394313,0.0645537196596518,-0.6305943543045097,0.2033137045534749,0.4259440397527402,-0.7078847808142741,-0.8951743063579298
-0.6222623966359855,-0.1018887300650445,1.4348350236031653,0.34667130538720226,0.13398062950084852,0.0064407006660426236,1.456428919157171,0.5820717019067978,-0.2340068076795299,0.43740415683204487,-0.9773487965988648
-0.39151543541004996,0.09148992819448672,1.5165139280395445,0.4083865881125376,0.13398062950084852,0.0064407006660426236,1.2709157392939106,0.5924014654709706,-0.2340068076795299,0.17310670968289424,-0.8951743063579298
-0.5068889160230172,-1.0687820213627024,-0.2804219695607981,-0.6407732182181606,-0.5153756884527319,-0.10978533732117574,-0.28275714206089625,-0.7814570885652029,-1.0919429093414863,-0.003091588416539527,-0.15560389418951204
-0.1607684741841144,-0.9720926922329369,-0.19874306512441883,0.963824132640554,-0.4720852672558264,0.4132318336213069,0.1346475126314399,0.664709810420257,-0.7619674856253483,-0.003091588416539527,-0.6486508356351234
-0.04539499357114716,0.8650045612326133,2.7416974945852326,-0.9082061100279463,5.588573700310923,-1.0977066602125318,-0.9088641240994005,-0.4646776725969553,-0.8939576551118029,0.6136024549314787,-0.23777838443044702
-0.853009357861921,-0.39195671745434213,-0.6071375873063147,-0.8670625882110562,-0.5586661096496373,1.5173791944998813,-0.07405481471472819,-1.2015341401752553,-0.03602155344984944,2.8160811811743987,1.077013459424517
0.18535196765478837,0.3815579155837844,-0.3621008739971774,0.34667130538720226,-0.90498947922488,0.0064407006660426236,-0.3059462895438038,-0.7470245433512679,-0.30000189242275865,1.4064947963789296,1.816583871592935
0.06997848704182111,-0.1018887300650445,-0.688816491742694,0.3260995444787573,-0.6885373732403534,-0.9814806222253134,-0.4682703219241568,-0.9054142513353535,-0.6959724008821225,-0.9721822279634242,1.9809328520748049
-0.39151543541004996,0.09148992819448672,1.5981928324759238,-0.8670625882110562,-0.25563316127129976,0.3551188146276977,1.2709157392939106,-0.5473157811104145,0.4259440397527402,0.8778999020806283,-0.15560389418951204
-0.39151543541004996,0.09148992819448672,1.5165139280395445,-0.8670625882110562,-0.5153756884527319,0.3551188146276977,1.2941048867768181,-0.5369860175462416,0.3599489550095144,0.8778999020806283,-0.15560389418951204
-0.853009357861921,-0.5853353757138736,-0.688816491742694,1.2724005462672299,-0.4720852672558264,1.110588061544617,-0.05086566723182062,0.35137364897338763,0.09596861603660517,-0.7959839298639905,0.09091957653329293
-0.6222623966359855,-0.5853353757138736,-0.5254586828699355,-0.2910532827745945,-0.4287948460589213,2.679639574372065,0.45929557739214577,-0.34072050982676644,-0.9599527398550317,2.375585435925814,0.09091957653329293
-1.4298767609267593,-0.48864604658410776,-0.688816491742694,0.42895834902098257,-0.12576189768058385,-0.22601137530839407,-0.8392966816506778,0.17232441386091812,-0.03602155344984944,-0.6197856317645573,-0.15560389418951204
-0.04539499357114716,-1.6489179961412974,-0.5254586828699355,0.5523889144716528,-0.08247147648367845,0.5875708906021344,-0.7697292392019551,0.25840577689575556,0.02997353129337933,-1.0602813770131412,-0.5664763453941885
0.5314724094936911,-0.48864604658410776,0.618045979239373,1.7866945689783567,0.09069020830394313,2.214735422423191,1.989779311264045,1.666696876145864,-0.2340068076795299,1.93508969067723,-0.9773487965988648
-0.853009357861921,-0.7787140339734051,-1.3422477272337274,-0.8876343491195011,0.09069020830394313,0.6456839095957436,-0.190000552129266,-0.9605063236776724,0.6899243787256494,-0.5316864827148403,0.6661410082198408
0.06997848704182111,-0.7787140339734051,0.618045979239373,-0.9904931536617264,0.6101752626668073,0.0645537196596518,-0.7697292392019551,-0.2133200925351994,-1.3559232483143926,-0.8840830789137074,-1.1416977770807362
-0.1607684741841144,-0.875403363103171,-0.11706416068803956,-0.455627370042155,-0.21234274007439433,-0.5165764702764399,-1.419025368723367,-0.7091487436159165,-1.9498790110034399,0.7017016039811945,-0.07342940394857704
-0.1607684741841144,-0.005199400935278622,0.04629364818471899,0.6141041971969882,0.09069020830394313,-0.16789835631478492,-0.6074052068216022,0.261849031417172,0.3599489550095144,0.43740415683204487,0.33744304725609936
1.339086773784465,0.8650045612326133,-0.19874306512441883,-0.24990976095770437,-0.3422140036651105,-1.8531759071294511,-0.23637884709508114,-0.6643864348378087,-1.9498790110034399,2.023188839726947,1.2413624399063872
-0.9683828384748883,-0.1985780591948104,-0.3621008739971774,-0.5790579354928254,-0.21234274007439433,0.12266673865326098,0.15783666011434747,-1.497654029015119,0.16196370077983394,-0.8840830789137074,1.816583871592935
-0.5068889160230172,-0.39195671745434213,1.2714772147304068,-0.02362039096480879,0.30714231428846983,-0.5746894892700491,-0.3987028794754341,0.14133512316836136,-1.223933078827941,4.313766715019584,-0.07342940394857704
-0.5068889160230172,-0.2952673883245763,1.92490845022144,-1.0110649145701716,0.6967561050606181,-0.8071415652444859,-0.35232458450961895,-0.485337199725301,-1.2899281635711668,-0.7959839298639905,-0.8951743063579298
-0.853009357861921,-0.2952673883245763,1.1897983102940275,2.033555699879697,0.2638518930915644,-0.5746894892700491,-1.0016207140310307,1.3877932599129679,-0.8279625703685771,-0.35548818461540654,-1.1416977770807362
-0.04539499357114716,-1.358850008752,0.1279725526210978,-0.9082061100279463,0.04739978710703774,0.2970057956340885,-0.4682703219241568,-0.9226305239423209,-0.8279625703685771,2.023188839726947,0.41961753749703434
-0.39151543541004996,0.9616938903623791,-0.6071375873063147,-0.14705095641547908,-0.16905231887748895,-0.10978533732117574,-0.5842160593386946,-1.07413372288365,-0.8939576551118029,0.08500756063317735,1.4057114203882586
-1.6606237221526938,-1.2621606796222342,-0.11706416068803956,-0.7024885009434957,-0.3855044248620159,-1.4463847741741869,-1.998754055796056,-1.7249088274271127,-1.0259478245982576,0.7898007530309115,1.6522348911110634
-0.04539499357114716,-0.5853353757138736,-0.11706416068803956,-0.0030486300563636226,0.35043273548537524,0.2970057956340885,0.343349839977608,0.003604942312621482,0.02997353129337933,0.7017016039811945,0.17309406677422937
0.41609892888072386,-0.6820247048436395,-0.3621008739971774,-0.5790579354928254,-0.08247147648367845,0.23889277664047934,-0.35232458450961895,-0.8124463792577215,-1.2899281635711668,0.9659990511303452,0.5839665179789058
-0.39151543541004996,1.7352085234005057,-0.7704953961790733,1.1489699808165597,0.22056147189465902,1.2268140995318353,0.7839436421528517,0.7198018827625376,-0.7619674856253483,0.6136024549314787,-0.6486508356351234
-0.39151543541004996,-0.9720926922329369,1.1897983102940275,2.4861344398654883,0.35043273548537524,1.2268140995318353,1.0622134119477424,2.2692664173898023,-1.4219183330576213,1.054098200180062,-1.7169192087672827
-0.7376358772489527,0.3815579155837844,-1.7506422494156237,-0.2293380000492594,0.35043273548537524,-1.6788368501486235,-0.9320532715823081,0.15510814125395064,-0.2340068076795299,0.08500756063317735,-1.0595232868397997
0.41609892888072386,1.1550725486219109,-0.7704953961790733,0.5318171535632078,0.3937231566822806,0.5875708906021344,0.3201606924947004,0.8506455545755212,0.02997353129337933,0.2612058587326111,-1.1416977770807362
-1.0837563190878554,-0.48864604658410776,-0.7704953961790733,-0.8876343491195011,-0.3855044248620159,-0.16789835631478492,-0.5146486168899719,-1.0431444321911316,0.09596861603660517,0.17310670968289424,0.6661410082198408
-0.5068889160230172,-0.9720926922329369,1.1897983102940275,2.4861344398654883,0.35043273548537524,1.2268140995318353,1.0622134119477424,2.2692664173898023,-1.4219183330576213,1.054098200180062,-1.7169192087672827
-0.5068889160230172,0.8650045612326133,-1.7506422494156237,-0.0030486300563636226,0.437013577879186,-1.6788368501486235,-1.0711881564797534,0.5407526476500681,-0.8939576551118029,-0.26738903556568966,-1.7990936990082176
0.18535196765478837,-0.48864604658410776,0.6997248836757523,-0.9904931536617264,0.6967561050606181,0.0064407006660426236,-0.8624858291335854,-0.2098768380138212,-1.0259478245982576,-0.7959839298639905,-1.1416977770807362
0.8775928513325939,-0.875403363103171,0.2913303614938564,1.4781181553516805,-0.5586661096496373,0.9943620235573987,0.3201606924947004,1.194971006714909,-0.10201663819307528,2.6398828830749648,-0.15560389418951204
-0.9683828384748883,-0.005199400935278622,-0.5254586828699355,-0.37334032640837483,0.004109365910132342,0.8781359855701802,0.22740410256307014,-0.8709817061214185,0.491939124495969,0.6136024549314787,0.8304899887017108
-0.7376358772489527,0.3815579155837844,0.94476159698489,-0.6202014573097155,-0.7318277944372586,0.12266673865326098,-1.0016207140310307,-1.311718284859855,0.3599489550095144,0.9659990511303452,1.4878859106291935
-0.5068889160230172,-0.1985780591948104,-0.6071375873063147,-0.9904931536617264,0.2638518930915644,-0.7490285462508767,0.8998893795673895,-0.25808240131330723,-0.6959724008821225,0.43740415683204487,-1.0595232868397997
-1.0837563190878554,-0.2952673883245763,-0.5254586828699355,-0.9082061100279463,-0.7318277944372586,0.12266673865326098,-1.303079631308829,-1.5802921375285783,0.02997353129337933,-0.26738903556568966,1.323536930147322
-0.853009357861921,-0.005199400935278622,-0.2804219695607981,0.3775289467498699,-0.645246952043448,-0.10978533732117574,0.04189092269980963,-0.2856284374844858,0.16196370077983394,-0.26738903556568966,0.33744304725609936
0.06997848704182111,-0.875403363103171,0.37300926593023565,-0.9802072732075041,-0.9915703216186909,-0.28412439430200326,-0.7465400917190476,-1.1429988133115583,-0.5639822313956678,-0.9721822279634242,0.6661410082198408
-0.5068889160230172,0.09148992819448672,1.92490845022144,-1.0110649145701716,0.6101752626668073,-1.155819679206141,-0.3987028794754341,-0.47845069068254453,-0.8939576551118029,-0.7078847808142741,-0.8951743063579298
-0.04539499357114716,-0.1018887300650445,-0.9338532050518316,2.4449909180485982,-0.5153756884527319,-1.0977066602125318,-0.49145946940706436,1.7596647482234962,-0.8279625703685771,0.349305007782328,-1.1416977770807362
0.7622193707196266,-0.1985780591948104,0.37300926593023565,-0.04419215187325378,-1.0781511640125014,-0.6909155272572675,-0.28275714206089625,-0.14101174758591303,-0.43199206190921324,1.142197349229779,0.41961753749703434
-0.5068889160230172,-0.7787140339734051,-0.9338532050518316,0.3055277835703123,-0.6019565308465427,1.0524750425510079,0.8071327896357593,0.0862430508260807,0.29395387026628855,0.7898007530309115,0.33744304725609936
0.5314724094936911,0.47824724471355023,-0.9338532050518316,-0.9287778709363915,-0.21234274007439433,0.2970057956340885,0.923078527050297,-0.31661772817700434,-0.3659969771659845,-0.0911907374662564,-0.5664763453941885
0.5314724094936911,0.5749365738433161,-0.9338532050518316,-0.9287778709363915,-0.08247147648367845,0.47134485261491604,0.8998893795673895,-0.32006098269842076,-0.3659969771659845,-0.26738903556568966,-0.5664763453941885
-0.853009357861921,7.923325587705517,-1.4239266316701067,-0.3116250436830395,-0.5586661096496373,-1.562610812161405,-0.6537835017874173,-1.105123013576207,1.0198998024417874,-0.1792898865159733,1.4878859106291935
-0.6222623966359855,-0.39195671745434213,-0.3621008739971774,-0.8876343491195011,0.2638518930915644,0.7619099475829619,1.1085917069135576,-0.13412523854315664,0.09596861603660517,0.08500756063317735,-0.9773487965988648
-0.7376358772489527,-0.39195671745434213,-0.9338532050518316,0.4083865881125376,0.30714231428846983,0.5875708906021344,0.2737823975288853,0.5717419383425867,0.22795878552305976,0.2612058587326111,-1.0595232868397997
0.6468458901066594,-1.1654713504924683,-0.5254586828699355,1.9718404171543618,0.17727105069775392,-0.5746894892700491,-0.05086566723182062,1.587502022153783,-1.9498790110034399,-0.5316864827148403,-1.5525702282854126
0.41609892888072386,-1.0687820213627024,-0.4437797784335562,2.3935615157774857,0.17727105069775392,-0.10978533732117574,0.38972813494342307,2.0385683644563923,-1.6858986720305307,-0.5316864827148403,-1.3060467575626062
0.06997848704182111,-0.875403363103171,0.1279725526210978,1.5604051989854608,-0.3422140036651105,0.8200229665765711,-0.4450811744412492,0.5751851928640032,-1.2899281635711668,1.230296498279496,0.09091957653329293
-0.04539499357114716,-1.1654713504924683,0.2096514570574771,-0.9493496318448365,-0.5153756884527319,-0.16789835631478492,-0.9088641240994005,-1.105123013576207,-1.157937994084712,0.7898007530309115,0.5839665179789058
-0.04539499357114716,0.1881792573242526,-0.5254586828699355,1.1695417417250047,-0.775118215634164,-0.7490285462508767,-0.9320532715823081,-0.22364985609937227,-1.553908502544076,-0.9721822279634242,0.9126644789426457
-0.39151543541004996,1.445140536011208,-1.2605688227973484,1.4884040358059032,-0.6019565308465427,-0.5746894892700491,-0.14362225716345087,0.6406070287704949,0.22795878552305976,0.17310670968289424,0.09091957653329293
-0.2761419547970827,-1.0687820213627024,0.2096514570574771,-0.8259190663941661,-0.4287948460589213,0.18077975764687015,-0.6305943543045097,-1.1120095226190014,-0.9599527398550317,0.43740415683204487,0.6661410082198408
-0.5068889160230172,1.2517618777516761,-2.6491101982157947,0.03809489176052635,0.09069020830394313,-0.8652545842380951,-1.5581602536208123,-0.058373639072492045,-0.03602155344984944,-0.6197856317645573,-0.4843018551532534
0.6468458901066594,0.7683152321028474,-0.11706416068803956,-0.8259190663941661,-0.4287948460589213,-0.4584634512828308,-0.42189202695834166,-0.6299538896238737,-0.30000189242275865,-0.003091588416539527,0.5017920277379693
-0.853009357861921,-1.0687820213627024,-1.0155321094882108,-0.8259190663941661,1.908887898573968,0.5294578716085252,-0.16681140464635844,-0.42680187286160387,-0.8279625703685771,-0.7078847808142741,-0.7308253258760599
-1.5452502415397265,-0.005199400935278622,-1.0155321094882108,-0.8876343491195011,-0.6019565308465427,-0.6909155272572675,-1.2103230413771988,-1.2118639037394283,1.481865395644377,-0.6197856317645573,1.5700604008701284
-0.2761419547970827,2.1219658399195684,-0.6071375873063147,1.1078264589996696,-0.7318277944372586,-0.16789835631478492,-0.6305943543045097,-0.26496891035610187,0.491939124495969,2.551783734025248,1.89875836183387
0.3007254482677556,1.5418298651409739,-0.5254586828699355,0.5112453926547629,0.4803039990760914,1.4592661755062721,0.5288630198408685,-0.4199153638188475,-0.2340068076795299,-1.1483805260628581,0.9948389691835822
0.06997848704182111,0.9616938903623791,-0.4437797784335562,0.4906736317463179,0.6967561050606181,-0.7490285462508767,0.6679979047383139,0.43745501200822506,-0.2340068076795299,2.023188839726947,0.008745086292357939
-0.7376358772489527,-0.39195671745434213,-0.4437797784335562,1.292972307175675,0.13398062950084852,1.110588061544617,-0.09724396219763574,0.4856605753077493,-0.03602155344984944,-1.0602813770131412,0.09091957653329293
-0.853009357861921,-0.005199400935278622,-0.5254586828699355,0.42895834902098257,0.09069020830394313,0.3551188146276977,0.5752413148066836,0.4099089758370847,0.09596861603660517,0.17310670968289424,-0.5664763453941885
0.8775928513325939,-0.1985780591948104,-0.11706416068803956,-0.9493496318448365,0.09069020830394313,-0.6909155272572675,-1.419025368723367,-1.2015341401752553,-1.553908502544076,-0.26738903556568966,1.159187949665452
0.7622193707196266,-1.1654713504924683,0.37300926593023565,1.3958311117179,-0.12576189768058385,2.0694528749391683,0.5984304622895912,1.1261059162870009,-0.30000189242275865,2.9041803302241145,-0.15560389418951204
-0.39151543541004996,0.7683152321028474,-1.4239266316701067,-0.9493496318448365,0.35043273548537524,-1.3882717551805777,-0.7001617967532324,0.06558352369769678,-0.03602155344984944,-0.8840830789137074,-1.7169192087672827
-0.2761419547970827,0.6716259029730814,-1.1788899183609691,0.9432523717321091,0.6101752626668073,-1.155819679206141,-1.2798904838259215,0.7198018827625376,-0.43199206190921324,-0.9721822279634242,-0.5664763453941885
-1.314503280313791,-0.2952673883245763,-0.6071375873063147,1.3546875899010102,0.13398062950084852,1.0234185330542032,-0.3987028794754341,1.0744570984660984,-0.7619674856253483,-0.35548818461540654,-0.9773487965988648
0.6468458901066594,0.8650045612326133,-0.6071375873063147,0.7581065235561034,0.17727105069775392,-0.10978533732117574,-0.07405481471472819,0.7886669731904076,-0.43199206190921324,-0.26738903556568966,-0.15560389418951204
-1.314503280313791,-0.2952673883245763,-1.0155321094882108,-0.9082061100279463,-0.08247147648367845,-0.8071415652444859,-0.6769726492703249,-0.8158896337791378,0.6899243787256494,0.8778999020806283,0.33744304725609936
-1.1991297997008237,-0.48864604658410776,-1.0155321094882108,-0.9082061100279463,-0.08247147648367845,-0.8071415652444859,-0.6305943543045097,-0.8296626518646889,0.6899243787256494,0.7017016039811945,0.33744304725609936
-1.6606237221526938,-0.15023339462992744,-0.4437797784335562,0.3878148272040924,0.2638518930915644,-0.4584634512828308,-1.0711881564797534,0.18265417742509096,-0.03602155344984944,-0.9721822279634242,-0.15560389418951204
-1.314503280313791,-0.2952673883245763,-0.5254586828699355,1.0049676544574444,0.17727105069775392,1.3430401375190537,-0.49145946940706436,0.7335749008481269,-0.6299773161388937,0.08500756063317735,-0.6486508356351234
-1.314503280313791,-0.2952673883245763,-0.6071375873063147,1.3546875899010102,0.13398062950084852,1.0234185330542032,-0.72335094423614,1.0744570984660984,-0.7619674856253483,-0.35548818461540654,-0.9773487965988648
-1.0837563190878554,-0.48864604658410776,-0.4437797784335562,0.5523889144716528,0.004109365910132342,0.12266673865326098,0.11145836514853233,0.18265417742509096,0.22795878552305976,0.349305007782328,0.008745086292357939
-0.7376358772489527,0.1881792573242526,-0.11706416068803956,-0.9699213927532815,0.2638518930915644,-0.16789835631478492,1.1085917069135576,-0.3889260731262907,0.5579342092391948,-0.44358733366512343,-0.40212736491231843
-0.39151543541004996,0.47824724471355023,-0.7704953961790733,1.7661228080699112,0.09069020830394313,-0.8652545842380951,-0.9552424190652156,0.2652922859385502,-0.8939576551118029,-1.6769754203611589,0.7483154984607757
0.6468458901066594,-0.1985780591948104,-0.3621008739971774,-0.455627370042155,0.09069020830394313,-1.21393269819975,-1.4885928111720896,-0.7883435976079592,-0.8939576551118029,-0.35548818461540654,0.6661410082198408
0.18535196765478837,-0.7787140339734051,0.5363670748029942,-0.9904931536617264,0.5235944202729967,-0.28412439430200326,-1.0248098615139383,-0.19610381992823192,-1.0919429093414863,-0.9721822279634242,-1.1416977770807362
-0.39151543541004996,-0.6820247048436395,0.6997248836757523,-0.9904931536617264,0.5668848414699019,-0.10978533732117574,-0.8392966816506778,-0.3751530550407014,-0.4979871466524391,-0.9721822279634242,-0.7308253258760599
0.5314724094936911,-0.2952673883245763,-0.5254586828699355,-0.43505560913371,0.04739978710703774,-1.0977066602125318,-1.3494579262746442,-0.7091487436159165,-0.8279625703685771,-0.26738903556568966,0.5839665179789058
-0.04539499357114716,-0.1018887300650445,-0.7704953961790733,-0.27048152186614954,2.2552112681492114,0.0645537196596518,-0.23637884709508114,0.11378908699722103,-0.30000189242275865,-0.003091588416539527,-0.8129998161169948
-0.1607684741841144,-0.39195671745434213,-0.2804219695607981,0.8815370890067737,1.0430794746358611,0.5294578716085252,0.9694568220161122,0.988375735431261,-2.213859349976349,-0.26738903556568966,-1.3882212478035412
-0.5068889160230172,-1.358850008752,-0.4437797784335562,0.4083865881125376,0.4803039990760914,-0.8071415652444859,-1.2798904838259215,0.15855139577532884,0.4259440397527402,-1.1483805260628581,-0.4843018551532534
-0.5068889160230172,2.1219658399195684,-1.0972110139245899,-0.7230602618519408,0.5668848414699019,-0.9233676032317042,-0.5842160593386946,-0.22364985609937227,-0.10201663819307528,-0.7959839298639905,-1.1416977770807362
-0.2761419547970827,1.2517618777516761,-0.5254586828699355,0.984395893548999,2.774696322512075,-0.8652545842380951,-0.7929183866848627,1.009035262559645,-0.7619674856253483,-0.7078847808142741,-1.3060467575626062
-0.5068889160230172,-0.2952673883245763,-0.4437797784335562,-0.2087662391408142,-0.6885373732403534,-0.34223741329561247,-0.9088641240994005,-1.2221936673036011,-0.6959724008821225,0.7898007530309115,1.816583871592935
1.339086773784465,-0.2952673883245763,0.1279725526210978,-0.9904931536617264,0.35043273548537524,-1.2720457171933592,-0.02767651974891306,-0.04460062098690277,-0.7619674856253483,0.5255033058817618,-0.8951743063579298
-0.2761419547970827,-0.6820247048436395,0.04629364818471899,-0.06476391278169895,0.004109365910132342,-0.28412439430200326,0.06508007018271719,-0.27529867392027474,0.16196370077983394,-0.9721822279634242,0.33744304725609936
-0.6222623966359855,0.09148992819448672,-0.8521743006154523,1.7044075253445758,-0.3855044248620159,-0.6328025082636584,-0.885674976616493,0.5132066114789279,-0.7619674856253483,-0.9721822279634242,0.008745086292357939
0.06997848704182111,0.8650045612326133,-0.8521743006154523,0.7375347626476585,0.4803039990760914,1.110588061544617,0.6679979047383139,0.6509367923346677,0.22795878552305976,-0.6197856317645573,-0.4843018551532534
-1.314503280313791,0.28486858645401847,-0.4437797784335562,-0.37334032640837483,-0.6885373732403534,-0.7490285462508767,-1.1871338938942912,-1.0913499954906558,0.7559194634688782,-0.9721822279634242,0.9126644789426457
0.06997848704182111,1.6385191942707398,-0.5254586828699355,-0.24990976095770437,-0.4720852672558264,-1.0395936412189226,-1.3262687787917367,-1.105123013576207,-0.4979871466524391,-1.1483805260628581,1.5700604008701284
0.06997848704182111,0.1881792573242526,0.94476159698489,-0.9287778709363915,-0.2989235824682051,0.0645537196596518,-0.35232458450961895,-1.1016797590548286,-0.8279625703685771,-0.1792898865159733,0.41961753749703434
-1.775997202765662,-0.48864604658410776,1.8432295457850616,-1.0316366754786166,-0.21234274007439433,0.6456839095957436,0.08826921766562476,-0.8950844877711807,-0.2340068076795299,1.142197349229779,-0.7308253258760599
-0.04539499357114716,0.1881792573242526,-0.6071375873063147,2.9592849407597246,-0.3855044248620159,0.5875708906021344,0.29697154501179285,1.1984142612362874,-1.0259478245982576,-0.9721822279634242,1.4057114203882586
-0.1607684741841144,-0.005199400935278622,0.6997248836757523,-0.4967708918590451,-0.4720852672558264,0.47134485261491604,-0.7465400917190476,-1.232523430867774,-0.10201663819307528,-0.9721822279634242,1.323536930147322
-2.1221176446045646,-0.24692272375969332,-0.9338532050518316,-0.6613449791266055,-0.12576189768058385,0.6456839095957436,0.36653898746051555,-0.485337199725301,3.6597031921708765,2.375585435925814,0.5839665179789058
0.8775928513325939,1.1550725486219109,-0.5254586828699355,-0.9699213927532815,0.30714231428846983,-0.6909155272572675,1.2941048867768181,-0.7401380343084732,0.16196370077983394,-0.9721822279634242,0.8304899887017108
-1.5452502415397265,-0.6820247048436395,-0.688816491742694,-0.9699213927532815,-0.25563316127129976,-0.9814806222253134,-1.4422145162062745,-1.2841722486886764,0.7559194634688782,0.6136024549314787,0.5839665179789058
-0.9683828384748883,-0.7787140339734051,-0.688816491742694,-0.805347305485721,-0.21234274007439433,-0.28412439430200326,-0.9784315665481231,-1.0362579231483369,0.491939124495969,0.6136024549314787,0.41961753749703434
-0.853009357861921,-1.0687820213627024,-0.3621008739971774,-0.9904931536617264,-0.21234274007439433,-0.16789835631478492,-1.0479990089968458,-1.1808746130468715,0.4259440397527402,0.7017016039811945,0.5017920277379693
0.7622193707196266,-0.6820247048436395,-0.3621008739971774,-0.9082061100279463,0.004109365910132342,0.0064407006660426236,-0.7001617967532324,-0.8813114696855914,-0.30000189242275865,-0.35548818461540654,0.5839665179789058
0.5314724094936911,-0.1985780591948104,-0.11706416068803956,-0.9699213927532815,-0.21234274007439433,-0.34223741329561247,-1.0016207140310307,-1.3805833752877248,-0.8279625703685771,-0.35548818461540654,1.159187949665452
-0.7376358772489527,0.6716259029730814,-1.0972110139245899,2.506706200773934,0.9997890534389559,-0.10978533732117574,0.48248472487505334,1.8216433296085714,-0.30000189242275865,0.08500756063317735,-1.470395738044476
-0.39151543541004996,1.445140536011208,-0.19874306512441883,-0.47619913095060007,0.004109365910132342,-0.9233676032317042,0.1346475126314399,-1.2290801763463957,-0.30000189242275865,-1.3245788241622913,1.159187949665452
-0.39151543541004996,1.1550725486219109,-0.19874306512441883,-0.4967708918590451,0.004109365910132342,-0.7490285462508767,0.22740410256307014,-1.2221936673036011,-0.30000189242275865,-1.588876271311442,1.159187949665452
0.6468458901066594,-0.005199400935278622,1.353156119166786,1.2724005462672299,0.13398062950084852,0.7619099475829619,-0.35232458450961895,1.2087440248004602,-1.223933078827941,-0.44358733366512343,-1.3060467575626062
-0.6222623966359855,-0.48864604658410776,-0.9338532050518316,2.37298975486904,0.35043273548537524,0.4132318336213069,0.3201606924947004,1.6322643309319291,-0.4979871466524391,0.9659990511303452,-1.0595232868397997
-0.7376358772489527,0.5749365738433161,-0.688816491742694,1.2724005462672299,0.5668848414699019,-0.10978533732117574,0.7839436421528517,1.3430309511348217,-0.3659969771659845,0.6136024549314787,-1.5525702282854126
-0.2761419547970827,1.5418298651409739,-0.11706416068803956,-0.5996296964012704,2.125340004558495,-1.2720457171933592,-1.4422145162062745,-1.463221483801184,-0.6299773161388937,1.230296498279496,1.816583871592935
-0.9683828384748883,-1.4555393378817658,0.2096514570574771,-0.8876343491195011,0.2638518930915644,-0.6909155272572675,-1.5117819586549972,-1.394356393373314,-0.6299773161388937,0.08500756063317735,0.7483154984607757
-0.6222623966359855,-1.0687820213627024,-0.8521743006154523,-0.04419215187325378,0.09069020830394313,0.5294578716085252,0.22740410256307014,0.01049145135541612,-0.7619674856253483,0.43740415683204487,-0.4843018551532534
-0.6222623966359855,-0.9720926922329369,-0.9338532050518316,-0.06476391278169895,0.04739978710703774,0.5875708906021344,0.22740410256307014,0.013934705876794327,-0.6959724008821225,0.43740415683204487,-0.4843018551532534
-0.1607684741841144,0.28486858645401847,0.04629364818471899,0.1820972181196418,0.5668848414699019,0.9362490045637895,1.8042661314007844,0.5476391566928628,0.8879096329553328,0.6136024549314787,-0.23777838443044702
-0.2761419547970827,0.47824724471355023,-0.11706416068803956,1.9924121780628072,0.35043273548537524,1.5754922134934903,2.0825359011956754,1.2225170428860495,0.3599489550095144,0.6136024549314787,-0.15560389418951204
-0.6222623966359855,0.5749365738433161,-0.19874306512441883,0.017523130852081365,-1.1214415852094068,-0.9814806222253134,-1.6045385485866275,-1.370253611723552,0.16196370077983394,-1.7650745694108756,2.309630813038546
-0.04539499357114716,0.09148992819448672,-0.11706416068803956,-0.8464908273026112,-0.6019565308465427,-0.9814806222253134,-0.16681140464635844,-0.9777225962846399,-0.9599527398550317,1.142197349229779,0.5017920277379693
0.6468458901066594,0.28486858645401847,-0.6071375873063147,0.5523889144716528,0.09069020830394313,0.7037969285893527,1.5955638040546165,0.8988511178750072,0.4259440397527402,-1.1483805260628581,-1.2238722673216713
-1.314503280313791,-0.2952673883245763,-0.5254586828699355,1.1489699808165597,-0.25563316127129976,-0.6328025082636584,-0.3987028794754341,0.11034583247584283,0.8879096329553328,-1.588876271311442,0.17309406677422937
-0.04539499357114716,-0.1018887300650445,-0.4437797784335562,0.3878148272040924,-0.3422140036651105,-0.5165764702764399,-1.1175664514455685,-0.7883435976079592,0.29395387026628855,-1.3245788241622913,1.5700604008701284
-1.0837563190878554,-0.1985780591948104,-0.7704953961790733,-0.7230602618519408,0.004109365910132342,-0.4584634512828308,-0.12043310968054331,-0.49911021781089027,2.867762175252149,2.1112879887766636,0.5839665179789058
-1.0837563190878554,3.5723057768660555,-0.8521743006154523,-0.18819447823236923,-0.4720852672558264,-0.8652545842380951,-0.21318969961217357,-1.2497397034747415,1.7458457346172862,-0.0911907374662564,1.816583871592935
-0.2761419547970827,-0.48864604658410776,-0.11706416068803956,-0.9082061100279463,-0.21234274007439433,-1.562610812161405,-1.5117819586549972,-1.4804377564081517,0.16196370077983394,-0.8840830789137074,1.7344093813519985
-0.04539499357114716,-0.9720926922329369,0.1279725526210978,-0.10590743459858892,0.35043273548537524,1.0524750425510079,0.1346475126314399,-0.31661772817700434,-0.6299773161388937,0.43740415683204487,0.33744304725609936
-0.04539499357114716,-0.005199400935278622,-0.3621008739971774,1.23125702445034,0.2638518930915644,0.9362490045637895,0.2737823975288853,0.5682986838212085,-1.157937994084712,0.7898007530309115,-0.15560389418951204
-1.0837563190878554,-0.1018887300650445,-0.5254586828699355,0.6346759581054331,0.22056147189465902,0.47134485261491604,-0.02767651974891306,0.1069025779544264,0.3599489550095144,0.349305007782328,0.09091957653329293
-0.853009357861921,-0.2952673883245763,-0.4437797784335562,0.8403935671898838,0.3937231566822806,1.2268140995318353,-0.14362225716345087,0.07247003274049142,0.16196370077983394,-1.2364796751125748,0.2552685570151644
-0.04539499357114716,-0.1985780591948104,-0.3621008739971774,1.23125702445034,0.2638518930915644,1.110588061544617,0.5288630198408685,0.5751851928640032,-1.0919429093414863,0.7898007530309115,-0.15560389418951204
0.3007254482677556,-1.4555393378817658,-0.3621008739971774,1.9718404171543618,0.7833369474544288,1.2268140995318353,-0.5030540431485181,1.2328468064502223,-0.2340068076795299,-0.7078847808142741,-0.7308253258760599
-0.7376358772489527,-0.7787140339734051,-0.688816491742694,1.8689816126121366,0.3937231566822806,-1.562610812161405,-0.3987028794754341,1.3361444420920272,-0.03602155344984944,0.349305007782328,-0.8129998161169948
-1.1991297997008237,-0.39195671745434213,-0.4437797784335562,-0.9287778709363915,-0.3422140036651105,0.2970057956340885,-1.419025368723367,-2.2999323324998726,-0.6299773161388937,-1.7650745694108756,2.7205032642432228
0.8775928513325939,1.9285871816600368,-0.19874306512441883,0.7169630017392135,0.004109365910132342,-1.6788368501486235,1.3172940342597257,1.1536519524581794,-0.8279625703685771,1.054098200180062,-0.9773487965988648
0.6468458901066594,-0.1985780591948104,-0.11706416068803956,-0.455627370042155,-0.6019565308465427,-0.34223741329561247,1.2941048867768181,-0.8434356699502782,-0.6299773161388937,1.5826930944783633,1.5700604008701284
-0.853009357861921,0.1881792573242526,1.1081194058576482,-0.9287778709363915,0.13398062950084852,0.8781359855701802,1.1549700018793727,-0.3751530550407014,-0.03602155344984944,-0.35548818461540654,-0.8951743063579298
-0.7376358772489527,0.3815579155837844,1.353156119166786,0.12038193539430667,0.09069020830394313,1.5173791944998813,1.1317808543964651,0.3479303944520094,-0.03602155344984944,-0.35548818461540654,-0.8129998161169948
-0.6222623966359855,0.5749365738433161,1.5165139280395445,0.07923841357741651,0.04739978710703774,1.6336052324870995,1.1317808543964651,0.35137364897338763,-0.10201663819307528,-0.44358733366512343,-0.8129998161169948
0.6468458901066594,-1.1654713504924683,-0.2804219695607981,1.601548720802351,0.437013577879186,-0.10978533732117574,0.714376199704129,1.5358532043328805,-1.9498790110034399,-0.44358733366512343,-1.5525702282854126
0.41609892888072386,-0.1985780591948104,0.37300926593023565,-0.9082061100279463,0.6534656838637127,-1.3301587361869684,-0.3987028794754341,-0.6437269077094248,-0.10201663819307528,-0.26738903556568966,-0.15560389418951204
0.18535196765478837,0.28486858645401847,0.1279725526210978,-0.8876343491195011,0.7400465262575234,-1.2720457171933592,-0.42189202695834166,-0.6712729438805651,0.16196370077983394,0.08500756063317735,0.09091957653329293
-0.2761419547970827,-0.5853353757138736,0.1279725526210978,-0.9287778709363915,0.17727105069775392,-0.6909155272572675,-1.256701336343014,-1.2394099399105685,-0.16801172293630404,-0.0911907374662564,1.159187949665452
-1.1991297997008237,-0.48864604658410776,-0.19874306512441883,-0.4967708918590451,-0.08247147648367845,0.0064407006660426236,0.48248472487505334,-1.311718284859855,-0.03602155344984944,-1.0602813770131412,1.2413624399063872
-0.6222623966359855,-1.0687820213627024,-0.11706416068803956,-1.0110649145701716,-0.25563316127129976,0.23889277664047934,-0.4450811744412492,-1.6973627912559726,0.7559194634688782,-0.7959839298639905,2.06310734231574
-0.9683828384748883,-0.875403363103171,-0.6071375873063147,-0.9287778709363915,-0.2989235824682051,-0.28412439430200326,-0.7697292392019551,-1.311718284859855,0.8219145482121041,-0.7078847808142741,1.4878859106291935
-0.1607684741841144,-0.6820247048436395,0.04629364818471899,-0.9082061100279463,-0.4720852672558264,0.5875708906021344,-0.3291354370267114,-1.4804377564081517,0.29395387026628855,-1.1483805260628581,1.6522348911110634
-0.2761419547970827,-0.5853353757138736,0.2913303614938564,-0.8876343491195011,-0.25563316127129976,-0.22601137530839407,-0.8392966816506778,-1.2738424851245036,-0.30000189242275865,1.4945939454286465,1.159187949665452
-0.04539499357114716,0.5749365738433161,-0.5254586828699355,-0.14705095641547908,0.6101752626668073,-1.21393269819975,0.7375653471870366,-0.43713163642581493,0.491939124495969,0.7017016039811945,0.8304899887017108
0.3007254482677556,0.5749365738433161,4.293596678876437,-0.9287778709363915,5.545283279114018,0.0645537196596518,-0.885674976616493,-0.3131744736556261,-1.8178888415169852,0.08500756063317735,-1.0595232868397997
-0.6222623966359855,-0.39195671745434213,-0.9338532050518316,1.23125702445034,0.17727105069775392,1.749831270474318,0.9694568220161122,0.9642729537814989,-0.8939576551118029,0.7898007530309115,-1.0595232868397997
0.06997848704182111,0.6716259029730814,0.4546881703666149,-0.7230602618519408,0.09069020830394313,-0.5746894892700491,0.45929557739214577,-0.8468789244716564,0.02997353129337933,0.43740415683204487,0.41961753749703434
-0.04539499357114716,-0.39195671745434213,-0.03538525625166028,-0.5584861745843802,0.13398062950084852,1.9241703274551456,0.552052167323776,-0.18921731088543728,-0.6299773161388937,1.7588913925777963,-0.31995287467138345
-0.5068889160230172,-0.2952673883245763,-0.03538525625166028,-0.8670625882110562,-0.3855044248620159,0.0064407006660426236,-0.561026911855787,-0.7401380343084732,0.22795878552305976,1.4945939454286465,0.008745086292357939
-1.1991297997008237,-0.875403363103171,-0.03538525625166028,-0.3527685654999297,-0.3422140036651105,0.8200229665765711,-0.09724396219763574,-0.9364035420279102,-0.2340068076795299,-0.6197856317645573,0.5839665179789058
0.06997848704182111,-0.39195671745434213,0.5363670748029942,1.9512686562459172,0.2638518930915644,2.679639574372065,1.410050624191356,1.6563671125816912,0.02997353129337933,1.7588913925777963,-0.9773487965988648
-0.39151543541004996,0.28486858645401847,2.251624067966957,1.4575463944432354,0.30714231428846983,-0.22601137530839407,-0.3291354370267114,1.1329924253297956,-0.6959724008821225,0.08500756063317735,-1.0595232868397997
-0.2761419547970827,-0.2952673883245763,-0.11706416068803956,-0.06476391278169895,-0.2989235824682051,-1.155819679206141,-1.6045385485866275,-0.7435812888298515,-1.553908502544076,0.2612058587326111,0.41961753749703434
0.7622193707196266,0.9616938903623791,1.8432295457850616,0.7786782844645485,0.3937231566822806,-1.155819679206141,0.7607544946699442,0.7783372096262348,-0.43199206190921324,1.4064947963789296,-0.5664763453941885
-0.7376358772489527,0.1881792573242526,-0.2804219695607981,-0.7024885009434957,-0.21234274007439433,-0.34223741329561247,-1.2798904838259215,-1.0810202319264448,0.7559194634688782,1.054098200180062,0.9948389691835822
-0.5068889160230172,0.47824724471355023,-0.4437797784335562,-0.3939120873168198,-0.25563316127129976,-0.6328025082636584,-1.303079631308829,-1.2015341401752553,0.4259440397527402,1.3183956473292127,1.6522348911110634
0.8775928513325939,-0.1018887300650445,-0.11706416068803956,-0.9699213927532815,-0.12576189768058385,-0.6909155272572675,-1.5117819586549972,-0.4922237087680956,-0.8939576551118029,1.6707922435280802,-0.07342940394857704
-1.0837563190878554,-0.39195671745434213,0.04629364818471899,-0.805347305485721,-0.3855044248620159,0.2970057956340885,-0.6769726492703249,-1.4838810109295297,-0.03602155344984944,0.08500756063317735,1.4057114203882586
-1.775997202765662,0.47824724471355023,-0.2804219695607981,-0.9699213927532815,0.09069020830394313,-0.5746894892700491,-0.42189202695834166,-1.1498853223543146,0.8219145482121041,1.142197349229779,0.5839665179789058
-0.5068889160230172,-0.6820247048436395,-1.0155321094882108,-0.16762271732392425,2.2119208469523057,-0.8071415652444859,-0.7465400917190476,0.03803748752655645,-0.8279625703685771,-0.26738903556568966,-0.8129998161169948
0.18535196765478837,-0.5853353757138736,-0.2804219695607981,-0.9287778709363915,-0.25563316127129976,-1.21393269819975,-1.7204842860011653,-1.3564805936379627,0.02997353129337933,-1.4126779732120083,1.159187949665452
1.1083398125585295,-0.1018887300650445,0.1279725526210978,-0.9699213927532815,0.17727105069775392,0.0645537196596518,0.06508007018271719,-0.8296626518646889,-0.6959724008821225,-0.35548818461540654,0.5017920277379693
-0.1607684741841144,-0.7787140339734051,-0.7704953961790733,0.12038193539430667,-0.08247147648367845,-0.4003504322892216,-0.8624858291335854,-0.10657920237197807,-0.4979871466524391,-1.4126779732120083,-0.31995287467138345
1.4544602543974323,-0.1018887300650445,-0.03538525625166028,-0.9493496318448365,-0.039181055286773056,-0.5165764702764399,-0.8624858291335854,-1.0775769774050665,-1.4219183330576213,-0.44358733366512343,1.4878859106291935
0.3007254482677556,1.6385191942707398,-0.7704953961790733,-0.6613449791266055,-0.25563316127129976,-0.6328025082636584,-1.1639447464113837,-1.7800008997693935,-1.6858986720305307,-0.9721822279634242,2.309630813038546
-1.1991297997008237,-0.5853353757138736,-0.3621008739971774,-0.9493496318448365,-0.4287948460589213,-0.5746894892700491,-1.6045385485866275,-1.7696711362052207,0.29395387026628855,-1.2364796751125748,1.6522348911110634
-0.6222623966359855,0.1881792573242526,1.1897983102940275,0.3055277835703123,0.30714231428846983,-0.05167231832756655,0.2737823975288853,0.3203843582808691,-0.10201663819307528,0.349305007782328,-0.6486508356351234
1.2237132931714978,0.7683152321028474,1.5981928324759238,1.4369746335347906,0.13398062950084852,1.6336052324870995,0.04189092269980963,1.4222258051269028,-1.6858986720305307,-0.35548818461540654,-1.2238722673216713
1.339086773784465,-0.39195671745434213,-0.03538525625166028,-0.9699213927532815,-0.08247147648367845,-0.4003504322892216,-0.8392966816506778,-1.184317867568288,-1.0919429093414863,-0.5316864827148403,1.5700604008701284
-0.1607684741841144,1.2517618777516761,-0.5254586828699355,-0.6819167400350507,-0.5586661096496373,-0.5746894892700491,-1.2103230413771988,-1.0087118869771967,-0.9599527398550317,-1.3245788241622913,0.9126644789426457
-0.1607684741841144,-0.39195671745434213,-0.19874306512441883,-0.7436320227603859,-0.08247147648367845,0.12266673865326098,-0.561026911855787,-1.2600694670389525,0.6239292939824236,-0.26738903556568966,1.89875836183387
-0.7376358772489527,0.1881792573242526,-0.11706416068803956,-0.9493496318448365,0.35043273548537524,-0.4584634512828308,1.0622134119477424,-0.3889260731262907,0.6899243787256494,-0.5316864827148403,-0.40212736491231843
0.06997848704182111,-0.1985780591948104,0.37300926593023565,0.9432523717321091,-0.08247147648367845,-0.10978533732117574,0.04189092269980963,0.47533081174357644,-0.8939576551118029,0.08500756063317735,-0.23777838443044702
-1.0837563190878554,0.3815579155837844,-1.0972110139245899,1.7455510471614666,0.17727105069775392,-0.34223741329561247,0.15783666011434747,0.988375735431261,0.29395387026628855,-0.7078847808142741,-0.23777838443044702
-0.853009357861921,-0.2952673883245763,-0.2804219695607981,-0.9699213927532815,-0.4287948460589213,0.4132318336213069,-0.7001617967532324,-0.9605063236776724,0.9539047176985587,0.6136024549314787,0.17309406677422937
-1.4298767609267593,-0.48864604658410776,-0.3621008739971774,-0.5790579354928254,-0.9915703216186909,-0.9233676032317042,-1.1175664514455685,-1.070690468362272,0.3599489550095144,0.17310670968289424,0.5017920277379693
-0.2761419547970827,-0.48864604658410776,-0.11706416068803956,-0.8670625882110562,-0.9482799004217854,-0.5165764702764399,-0.8161075341677703,-1.015598396019953,0.6239292939824236,0.9659990511303452,0.9948389691835822
-0.9683828384748883,-1.0687820213627024,-1.0155321094882108,0.017523130852081365,0.17727105069775392,-0.5165764702764399,-0.07405481471472819,0.03803748752655645,-0.7619674856253483,0.43740415683204487,-0.6486508356351234
0.3007254482677556,0.9616938903623791,0.6997248836757523,1.210685263541895,-0.21234274007439433,-0.16789835631478492,1.2941048867768181,0.8437590455327265,-1.0259478245982576,-0.003091588416539527,-0.4843018551532534
-0.2761419547970827,0.28486858645401847,0.2913303614938564,0.05866665266897152,0.2638518930915644,-1.2720457171933592,0.6216196097724987,0.768007446062062,0.29395387026628855,-0.8840830789137074,-1.470395738044476
-0.39151543541004996,0.9616938903623791,1.5981928324759238,-0.9287778709363915,4.1599898008130465,-1.7369498691422327,-1.58134940110372,-0.40958560025463636,-0.3659969771659845,0.2612058587326111,-0.40212736491231843
0.18535196765478837,1.5418298651409739,-0.7704953961790733,1.2724005462672299,0.437013577879186,1.9241703274551456,1.6883203939862468,1.1674249705437305,-0.9599527398550317,0.08500756063317735,-0.8951743063579298
-0.853009357861921,0.9616938903623791,-1.5872844405428652,-0.4144838482252649,0.6101752626668073,-0.4584634512828308,-0.561026911855787,-0.12035222045756734,-0.8279625703685771,-1.3245788241622913,-1.1416977770807362
1.339086773784465,0.47824724471355023,-0.11706416068803956,-0.27048152186614954,-0.21234274007439433,-0.22601137530839407,0.9926459694990197,-0.6712729438805651,-1.8178888415169852,2.1993871378263807,1.323536930147322
-0.9683828384748883,-0.875403363103171,-0.3621008739971774,-0.9699213927532815,0.004109365910132342,-0.34223741329561247,-1.0479990089968458,-1.1912043766110443,0.16196370077983394,0.349305007782328,0.5839665179789058
-0.6222623966359855,-0.005199400935278622,0.04629364818471899,0.44953010992942755,-0.3422140036651105,0.5294578716085252,-0.190000552129266,-0.450904654511366,0.4259440397527402,-1.7650745694108756,1.2413624399063872
-1.775997202765662,1.445140536011208,-1.832321153852003,-0.9904931536617264,-0.7318277944372586,-1.6788368501486235,-1.998754055796056,-1.0431444321911316,2.0758211583334214,-0.0911907374662564,0.5017920277379693
-1.6606237221526938,-0.5853353757138736,0.1279725526210978,0.12038193539430667,-0.7318277944372586,-0.5165764702764399,-1.1639447464113837,-0.9880523598488127,0.6239292939824236,-0.44358733366512343,1.5700604008701284
-0.7376358772489527,0.6232812384081985,-0.5254586828699355,0.8609653280983287,0.437013577879186,0.18077975764687015,1.1549700018793727,0.3685899215803551,0.7559194634688782,0.6136024549314787,0.008745086292357939
-1.4298767609267593,-0.24692272375969332,1.92490845022144,0.984395893548999,0.437013577879186,1.8079442894679272,0.7839436421528517,0.2928383221096905,0.3599489550095144,1.054098200180062,-0.15560389418951204
-1.8913706833786292,-0.7787140339734051,-0.5254586828699355,-0.5584861745843802,0.04739978710703774,-1.0977066602125318,-1.0248098615139383,-0.49566696328951204,1.6138555651308317,0.349305007782328,-0.40212736491231843
-0.7376358772489527,0.09148992819448672,-0.8521743006154523,1.3341158289925652,0.09069020830394313,-0.10978533732117574,1.4796180666400787,0.8024399912759969,-0.5639822313956678,0.6136024549314787,-0.5664763453941885
-0.6222623966359855,-0.1985780591948104,-0.688816491742694,-0.14705095641547908,0.004109365910132342,-1.3882717551805777,-0.09724396219763574,-0.6092943624954898,-1.4879134178008473,1.6707922435280802,0.33744304725609936
-0.9683828384748883,-0.5853353757138736,-0.8521743006154523,-0.18819447823236923,-0.039181055286773056,-1.4463847741741869,-0.35232458450961895,-0.4061423457332582,-1.6858986720305307,1.230296498279496,-0.4843018551532534
0.7622193707196266,0.6716259029730814,0.2913303614938564,-0.7024885009434957,0.8699177898482396,-0.34223741329561247,-1.1175664514455685,-1.4287889385872492,-0.3659969771659845,-0.6197856317645573,1.7344093813519985
-0.2761419547970827,1.058383219492145,-0.4437797784335562,0.6758194799223232,-0.4287948460589213,-1.4463847741741869,-1.0479990089968458,-0.5955213444099006,-0.8279625703685771,-1.2364796751125748,1.2413624399063872
-0.6222623966359855,-0.48864604658410776,-0.03538525625166028,0.20266897902808698,0.2638518930915644,-0.6909155272572675,-0.4450811744412492,0.003604942312621482,0.22795878552305976,-0.26738903556568966,-0.15560389418951204
-0.6222623966359855,-0.5853353757138736,-0.2804219695607981,-0.805347305485721,0.17727105069775392,-0.6909155272572675,-0.3987028794754341,-0.6024078534526952,0.29395387026628855,-0.1792898865159733,-0.15560389418951204
-0.5068889160230172,0.09148992819448672,-1.2605688227973484,1.8689816126121366,-0.25563316127129976,-0.8071415652444859,-0.49145946940706436,1.229403551928844,-0.3659969771659845,0.08500756063317735,-1.1416977770807362
0.7622193707196266,-0.48864604658410776,-0.2804219695607981,-0.9699213927532815,-0.6885373732403534,-0.4584634512828308,-1.3262687787917367,-0.6437269077094248,-0.9599527398550317,1.6707922435280802,-0.07342940394857704
-1.314503280313791,-0.005199400935278622,0.2096514570574771,-0.8464908273026112,-0.21234274007439433,0.18077975764687015,-1.094377303962661,-1.2979452667742657,0.491939124495969,4.313766715019584,1.077013459424517
-0.39151543541004996,-0.1985780591948104,-0.7704953961790733,1.0049676544574444,-0.16905231887748895,0.7037969285893527,-0.16681140464635844,0.7611209370192673,-0.7619674856253483,-0.7959839298639905,-0.40212736491231843
-0.5068889160230172,-0.1018887300650445,-0.3621008739971774,-0.4144838482252649,-0.5153756884527319,1.5754922134934903,0.06508007018271719,-0.4887804542467174,-0.6299773161388937,0.8778999020806283,0.41961753749703434
-1.0837563190878554,-0.5853353757138736,-0.3621008739971774,-0.3527685654999297,-0.3855044248620159,1.9822833464487546,0.15783666011434747,-0.5679753082387602,-0.43199206190921324,2.1993871378263807,0.17309406677422937
-0.04539499357114716,-0.1985780591948104,-0.6071375873063147,-0.805347305485721,-1.1647320064063122,-0.661859017760463,-1.5117819586549972,-1.163658340439904,-0.2340068076795299,-0.1792898865159733,0.9948389691835822
0.8775928513325939,0.7683152321028474,1.1897983102940275,1.5604051989854608,-0.3422140036651105,0.5294578716085252,-0.49145946940706436,1.5186369317259132,-1.0259478245982576,-0.0911907374662564,-1.1416977770807362
0.8775928513325939,0.6716259029730814,1.1081194058576482,1.5192616771685707,-0.3855044248620159,0.4132318336213069,-0.49145946940706436,1.5255234407687077,-1.0259478245982576,0.08500756063317735,-1.1416977770807362
-1.314503280313791,-0.9720926922329369,-0.6071375873063147,-0.7642037836688309,-0.9915703216186909,-0.8071415652444859,-0.9784315665481231,-1.5458595923146434,-0.8279625703685771,0.43740415683204487,1.4057114203882586
-0.2761419547970827,0.7683152321028474,1.1081194058576482,-0.9287778709363915,4.2898610644037625,-0.5165764702764399,-0.3059462895438038,-0.36138003695515036,-0.6959724008821225,0.6136024549314787,-0.40212736491231843
-1.0837563190878554,-1.358850008752,-1.0972110139245899,-0.8876343491195011,-0.25563316127129976,-0.5165764702764399,-0.5378377643728794,-0.9432900510707048,0.3599489550095144,-0.35548818461540654,0.6661410082198408
-1.5452502415397265,-0.48864604658410776,-1.1788899183609691,-0.7642037836688309,-0.08247147648367845,0.23889277664047934,0.552052167323776,-0.5851915808457276,-0.03602155344984944,-0.5316864827148403,-0.15560389418951204
-0.1607684741841144,-1.6489179961412974,-0.6071375873063147,1.8278380907952465,0.30714231428846983,0.5294578716085252,-0.9784315665481231,1.022808280645196,0.02997353129337933,-1.2364796751125748,-0.6486508356351234
0.18535196765478837,-0.39195671745434213,-0.7704953961790733,-0.8464908273026112,0.04739978710703774,-0.34223741329561247,-1.0711881564797534,-0.44057489094719315,0.6899243787256494,-0.5316864827148403,-0.5664763453941885
-1.775997202765662,1.831897852530271,-1.914000058288382,-0.9493496318448365,-0.4287948460589213,-1.3882717551805777,-1.465403663689182,-1.0224849050627476,1.877835904103741,0.43740415683204487,0.5017920277379693
0.7622193707196266,0.09148992819448672,-0.7704953961790733,0.8198218062814387,0.5235944202729967,-0.5746894892700491,-0.5146486168899719,0.6474935378132896,-0.30000189242275865,-0.26738903556568966,0.2552685570151644
-0.9683828384748883,0.47824724471355023,-0.6071375873063147,-0.16762271732392425,0.22056147189465902,-1.0977066602125318,-0.42189202695834166,0.12756210508281032,-0.30000189242275865,-0.7078847808142741,-1.1416977770807362
-1.1991297997008237,0.3815579155837844,-0.8521743006154523,-0.9082061100279463,-0.5586661096496373,0.23889277664047934,-0.3755137319925265,-1.752454863598253,-1.553908502544076,-1.2364796751125748,1.159187949665452
-1.1991297997008237,0.1881792573242526,-0.8521743006154523,-0.9082061100279463,-0.5153756884527319,0.12266673865326098,-0.3755137319925265,-1.749011609076875,-1.553908502544076,-1.3245788241622913,1.2413624399063872
-3.506599411960177,0.28486858645401847,-2.5674312937794155,1.0666829371827793,-0.4287948460589213,-0.8652545842380951,-0.5378377643728794,-0.450904654511366,3.6597031921708765,-0.44358733366512343,1.4878859106291935
-0.7376358772489527,0.7683152321028474,-0.9338532050518316,-0.1367650759612566,-0.3422140036651105,0.5294578716085252,0.181025807597255,-0.6712729438805651,0.16196370077983394,-0.7959839298639905,0.5017920277379693
-0.9683828384748883,0.28486858645401847,-0.5254586828699355,-0.7436320227603859,-0.16905231887748895,-0.9233676032317042,-0.3987028794754341,-1.4701079928439786,0.8219145482121041,-0.7078847808142741,1.7344093813519985
0.06997848704182111,2.3153444981791003,1.679871736912303,0.4083865881125376,-0.4287948460589213,-0.6909155272572675,0.7375653471870366,-0.38548281860487427,0.4259440397527402,-0.1792898865159733,1.323536930147322
0.18535196765478837,2.6054124855683978,-2.322394580470278,0.42895834902098257,-0.4287948460589213,-0.9233676032317042,0.6216196097724987,-0.37859630956211787,0.4259440397527402,-0.26738903556568966,1.323536930147322
-1.1991297997008237,-0.7787140339734051,-1.4239266316701067,-0.9287778709363915,-0.16905231887748895,0.5294578716085252,-0.885674976616493,-1.6078381736997187,0.22795878552305976,-1.0602813770131412,1.323536930147322
-0.9683828384748883,0.09148992819448672,-0.5254586828699355,-0.7436320227603859,-0.08247147648367845,-0.8652545842380951,-0.4682703219241568,-1.4769945018867352,0.7559194634688782,-0.7078847808142741,1.7344093813519985
-1.314503280313791,-0.5853353757138736,-0.3621008739971774,-0.4967708918590451,-0.25563316127129976,-0.4584634512828308,0.20421495508016257,-1.3082750303384385,-0.16801172293630404,-1.1483805260628581,1.2413624399063872
0.3007254482677556,1.7352085234005057,-0.8521743006154523,1.601548720802351,-0.039181055286773056,0.5294578716085252,1.2709157392939106,1.484204386511978,-0.5639822313956678,0.349305007782328,-0.9773487965988648
-0.2761419547970827,-0.6820247048436395,-0.2804219695607981,0.8198218062814387,-0.21234274007439433,1.6917182514807088,0.8535110846015743,0.41679548487987933,-0.8279625703685771,0.08500756063317735,-0.40212736491231843
0.06997848704182111,1.348451206881442,-1.0972110139245899,1.9512686562459172,-0.12576189768058385,1.2849271185254445,1.4796180666400787,1.6150480583249616,-0.7619674856253483,0.43740415683204487,-0.9773487965988648
-1.314503280313791,-0.5853353757138736,-1.0972110139245899,2.074699221696587,-0.08247147648367845,0.3551188146276977,-0.561026911855787,1.6632536216244476,0.16196370077983394,-0.26738903556568966,-1.3882212478035412
-1.8913706833786292,0.28486858645401847,-1.0972110139245899,-0.7230602618519408,-0.8184086368310695,-0.4584634512828308,-0.4682703219241568,-1.6973627912559726,2.4057965820495593,-0.35548818461540654,1.9809328520748049
0.41609892888072386,-0.5853353757138736,0.1279725526210978,-0.08533567369014393,0.35043273548537524,0.12266673865326098,1.0622134119477424,0.3272708673236255,-0.7619674856253483,0.08500756063317735,-0.23777838443044702
-1.4298767609267593,-0.9720926922329369,-0.3621008739971774,-0.7436320227603859,-0.25563316127129976,-1.7369498691422327,-2.0915106457276864,-0.8709817061214185,-0.8279625703685771,-0.35548818461540654,-0.40212736491231843
-0.7376358772489527,-0.39195671745434213,-0.5254586828699355,2.239273308964148,-0.25563316127129976,0.7619099475829619,-0.190000552129266,1.0744570984660984,0.22795878552305976,-0.9721822279634242,-0.07342940394857704
-1.314503280313791,-0.1985780591948104,-0.7704953961790733,2.4449909180485982,0.5668848414699019,-0.6909155272572675,-0.3059462895438038,1.356803969220411,0.6899243787256494,0.08500756063317735,-0.40212736491231843
-0.9683828384748883,-0.7787140339734051,-0.6071375873063147,0.1820972181196418,0.13398062950084852,-0.7490285462508767,-1.0248098615139383,-0.34072050982676644,-0.30000189242275865,-0.6197856317645573,0.33744304725609936
0.8775928513325939,-0.005199400935278622,-1.3422477272337274,-0.8876343491195011,0.004109365910132342,-0.4003504322892216,-0.4682703219241568,-0.3131744736556261,-0.7619674856253483,-0.5316864827148403,-0.4843018551532534
0.18535196765478837,-0.7787140339734051,-0.03538525625166028,-0.24990976095770437,-0.6885373732403534,-0.5746894892700491,-1.419025368723367,-0.6092943624954898,-2.0818691804898943,0.43740415683204487,-0.07342940394857704
-0.2761419547970827,-0.1985780591948104,-0.5254586828699355,1.210685263541895,0.09069020830394313,-0.4003504322892216,-0.5842160593386946,0.7817804641476129,-2.14786426523312,-0.003091588416539527,-0.7308253258760599
0.41609892888072386,-0.6820247048436395,0.2096514570574771,2.0129839389712516,-0.039181055286773056,1.9241703274551456,1.0622134119477424,1.8698488929080956,0.3599489550095144,2.375585435925814,-0.9773487965988648
0.06997848704182111,-0.5853353757138736,-0.11706416068803956,-0.02362039096480879,-0.21234274007439433,-0.8652545842380951,-0.42189202695834166,-0.2856284374844858,-0.16801172293630404,0.5255033058817618,0.5017920277379693
0.6468458901066594,-0.5853353757138736,-0.4437797784335562,0.6346759581054331,0.004109365910132342,-0.7490285462508767,-0.3755137319925265,0.3066113401952798,-0.6299773161388937,0.5255033058817618,0.17309406677422937
0.18535196765478837,-0.7787140339734051,0.1279725526210978,0.5935324362885431,-0.3855044248620159,-0.22601137530839407,-0.7929183866848627,0.03115097848376181,-0.43199206190921324,-0.003091588416539527,0.33744304725609936
-1.4298767609267593,-0.1985780591948104,-2.730789102652174,0.8815370890067737,-0.3422140036651105,-1.2720457171933592,-0.6074052068216022,-0.22020660157799404,1.6138555651308317,-0.26738903556568966,1.4878859106291935
-0.6222623966359855,-0.005199400935278622,-0.2804219695607981,0.14095369630275165,7.0171575998088,1.4592661755062721,0.38972813494342307,0.34104388540921476,-0.6299773161388937,-0.7959839298639905,-0.9773487965988648
-0.5068889160230172,0.09148992819448672,-0.2804219695607981,0.12038193539430667,7.060448021005706,1.5754922134934903,0.4361064299092382,0.34104388540921476,-0.6299773161388937,-0.7959839298639905,-0.9773487965988648
0.41609892888072386,0.5749365738433161,-0.8521743006154523,0.6141041971969882,2.5582442165275485,-0.7490285462508767,0.41291728242633063,1.0779003529875149,-1.223933078827941,0.7898007530309115,-0.8951743063579298
0.3007254482677556,1.058383219492145,0.4546881703666149,1.0666829371827793,-0.5153756884527319,-0.5746894892700491,1.5491855090888014,0.8162130093615861,-0.9599527398550317,0.2612058587326111,-0.4843018551532534
0.06997848704182111,-0.1985780591948104,-0.3621008739971774,-0.3527685654999297,-0.12576189768058385,-0.10978533732117574,-0.5378377643728794,-1.2359666853891904,-0.2340068076795299,-1.588876271311442,1.5700604008701284
-0.853009357861921,-0.39195671745434213,-0.688816491742694,-0.8876343491195011,-0.08247147648367845,-0.6328025082636584,-0.5146486168899719,-0.5817483263243495,1.2838801414146965,0.8778999020806283,0.2552685570151644
-1.0837563190878554,-0.2952673883245763,-0.7704953961790733,0.3055277835703123,-0.08247147648367845,-0.8071415652444859,-0.561026911855787,0.2859518130668959,1.2178850566714678,0.7898007530309115,-0.07342940394857704
-0.853009357861921,-0.39195671745434213,-0.5254586828699355,1.1489699808165597,0.17727105069775392,0.9362490045637895,-0.09724396219763574,0.3341573763664201,0.16196370077983394,-1.0602813770131412,0.17309406677422937
-0.39151543541004996,-0.5853353757138736,-0.5254586828699355,-0.8876343491195011,-0.2989235824682051,0.0645537196596518,-0.49145946940706436,-0.6919324710089491,1.2178850566714678,0.7017016039811945,0.33744304725609936
-0.7376358772489527,-0.1985780591948104,-0.3621008739971774,-0.805347305485721,-0.4287948460589213,-1.0977066602125318,-1.1639447464113837,-1.025928159584164,0.8879096329553328,1.054098200180062,0.9948389691835822
-0.2761419547970827,0.5749365738433161,-0.688816491742694,-0.2293380000492594,-0.3422140036651105,-1.0977066602125318,-0.3755137319925265,-0.623067380581079,1.0858948871850131,1.93508969067723,1.6522348911110634
-1.4298767609267593,-0.5369907111489907,-0.7704953961790733,0.7992500453729937,0.35043273548537524,1.401153156512663,0.06508007018271719,0.5717419383425867,-0.16801172293630404,-0.8840830789137074,-0.31995287467138345
0.3007254482677556,-0.48864604658410776,-0.4437797784335562,-0.8259190663941661,0.004109365910132342,-0.10978533732117574,-0.7929183866848627,-1.315161539381233,-0.4979871466524391,-1.588876271311442,1.159187949665452
-0.5068889160230172,-0.1018887300650445,-0.2804219695607981,-0.8876343491195011,-0.25563316127129976,-0.9233676032317042,-1.1871338938942912,-0.9983821234129855,0.8219145482121041,1.4064947963789296,0.7483154984607757
-0.6222623966359855,1.2517618777516761,-0.9338532050518316,0.2849560226618671,-0.4720852672558264,-0.6909155272572675,-0.4682703219241568,-0.7125919981372947,0.02997353129337933,-0.8840830789137074,1.1098832555208906
-0.1607684741841144,1.2517618777516761,-0.7704953961790733,-0.10590743459858892,-0.4720852672558264,-0.10978533732117574,-0.5146486168899719,-1.2703992306031253,-0.4979871466524391,-0.44358733366512343,1.893280059745325
0.41609892888072386,2.9438251375225777,-1.0972110139245899,0.922680610823664,1.7357262137863463,-1.0395936412189226,-1.0016207140310307,1.0400245532521635,-0.43199206190921324,-0.7959839298639905,-0.9773487965988648
-0.1607684741841144,0.5749365738433161,-0.6071375873063147,-0.8259190663941661,-0.3422140036651105,1.3430401375190537,0.01870177521690207,-1.5458595923146434,-1.2899281635711668,-0.1792898865159733,1.323536930147322
-0.5068889160230172,-0.1985780591948104,0.1279725526210978,0.3672430662956474,0.437013577879186,0.5875708906021344,1.247726591811003,0.5097633569575114,-0.2340068076795299,0.08500756063317735,-0.8951743063579298
-0.6222623966359855,-0.005199400935278622,-0.9338532050518316,1.1489699808165597,-0.4287948460589213,-0.4584634512828308,0.29697154501179285,0.2274164862031988,-1.2899281635711668,-1.4126779732120083,0.008745086292357939
0.6468458901066594,-1.1654713504924683,-0.03538525625166028,-0.9699213927532815,-0.16905231887748895,0.7037969285893527,-0.3755137319925265,-0.623067380581079,-1.0259478245982576,1.6707922435280802,-0.07342940394857704
1.800580696236336,-0.1018887300650445,-0.2804219695607981,-0.7642037836688309,-0.3855044248620159,0.0645537196596518,-0.190000552129266,-1.0121551414985748,-2.0158740957466654,-1.6769754203611589,0.7209240044529472
-1.0837563190878554,-0.7787140339734051,-0.4437797784335562,-1.0110649145701716,-0.12576189768058385,0.5875708906021344,-0.8624858291335854,-1.1912043766110443,1.3498752261579225,-0.7078847808142741,0.6661410082198408
-0.5068889160230172,-0.39195671745434213,-0.6071375873063147,0.4701018708378725,0.35043273548537524,0.7037969285893527,1.0390242644648349,0.5476391566928628,-0.4979871466524391,0.08500756063317735,-0.8951743063579298
0.6468458901066594,0.9616938903623791,0.04629364818471899,0.4906736317463179,0.2638518930915644,0.5294578716085252,0.714376199704129,0.8540888090968993,-0.5639822313956678,0.2612058587326111,-1.1416977770807362
-0.5068889160230172,1.348451206881442,-1.1788899183609691,0.6963912408307684,-0.12576189768058385,-0.4003504322892216,0.181025807597255,0.1860974319465074,0.22795878552305976,0.349305007782328,0.32100814920791265
-0.5068889160230172,-0.48864604658410776,-0.6071375873063147,0.44953010992942755,0.35043273548537524,0.7037969285893527,1.0158351169819273,0.5545256657356192,-0.4979871466524391,-0.003091588416539527,-0.9773487965988648
0.5314724094936911,-0.875403363103171,-0.5254586828699355,1.6426922426192412,0.4803039990760914,0.5875708906021344,0.41291728242633063,1.4738746229478052,-1.6858986720305307,-0.7078847808142741,-1.470395738044476
-0.04539499357114716,-0.39195671745434213,-0.3621008739971774,-0.805347305485721,-0.08247147648367845,-1.155819679206141,-0.9552424190652156,-0.5059967268536849,0.22795878552305976,1.3183956473292127,-0.15560389418951204
0.6468458901066594,-0.1018887300650445,1.5165139280395445,2.0129839389712516,0.35043273548537524,0.0645537196596518,0.04189092269980963,1.4084527870413135,-1.0259478245982576,1.142197349229779,-0.456910361145425
-1.314503280313791,-0.005199400935278622,0.1279725526210978,-0.9699213927532815,0.2638518930915644,0.23889277664047934,0.08826921766562476,-0.932960287506532,1.6138555651308317,1.7588913925777963,0.5839665179789058
-1.1991297997008237,-0.5853353757138736,-0.688816491742694,-0.9082061100279463,-0.9482799004217854,-0.8071415652444859,-0.6537835017874173,-0.49911021781089027,1.151889971928242,0.7898007530309115,-0.15560389418951204
-0.1607684741841144,-0.1018887300650445,2.9050553034579902,-0.9699213927532815,5.631864121507829,0.0645537196596518,-0.72335094423614,-0.3131744736556261,-1.553908502544076,-0.5316864827148403,-1.1416977770807362
0.3007254482677556,-0.7787140339734051,0.1279725526210978,-0.5584861745843802,-0.5153756884527319,-0.8071415652444859,-0.7001617967532324,-0.633397144145252,-0.5639822313956678,0.43740415683204487,0.41961753749703434
0.3007254482677556,-0.48864604658410776,-0.2804219695607981,-0.6819167400350507,-0.5153756884527319,1.5754922134934903,0.2505932500459777,-0.888197978728386,-1.0919429093414863,0.6136024549314787,0.5839665179789058
0.8775928513325939,0.28486858645401847,1.5165139280395445,1.4986899162601255,-0.16905231887748895,1.5173791944998813,0.2505932500459777,1.5840587676324047,-1.4219183330576213,-0.1792898865159733,-1.2238722673216713
0.41609892888072386,0.5749365738433161,-0.4437797784335562,0.922680610823664,2.6881154801182645,0.47134485261491604,1.1549700018793727,1.2362900609716387,-1.553908502544076,0.7017016039811945,-0.9773487965988648
0.18535196765478837,0.7683152321028474,-0.688816491742694,-0.04419215187325378,-1.3378936911939336,-1.21393269819975,-1.4885928111720896,-1.4322321931086273,-2.477839688949258,0.8778999020806283,2.145281832556675
-0.5068889160230172,0.28486858645401847,-0.4437797784335562,-0.7024885009434957,-0.2989235824682051,-0.05167231832756655,-0.004487372266005494,-1.4907675199723245,0.16196370077983394,-0.9721822279634242,1.7344093813519985
0.5314724094936911,-0.005199400935278622,0.1279725526210978,-0.8876343491195011,0.35043273548537524,-0.22601137530839407,0.2505932500459777,-0.6919324710089491,-0.10201663819307528,-0.1792898865159733,0.09091957653329293
0.6468458901066594,-1.1654713504924683,-0.2804219695607981,-0.9287778709363915,0.7833369474544288,-0.05167231832756655,0.6679979047383139,-0.8365491609074835,-0.5639822313956678,-0.6197856317645573,0.6935325022276692
-0.5068889160230172,0.28486858645401847,-0.5254586828699355,0.3055277835703123,0.13398062950084852,0.7619099475829619,0.7375653471870366,-0.19266056540685372,0.491939124495969,-0.35548818461540654,0.41961753749703434
-0.7376358772489527,0.09148992819448672,-0.3621008739971774,-0.06476391278169895,0.004109365910132342,0.0064407006660426236,0.9462676745332046,-0.22709311062078869,0.3599489550095144,0.17310670968289424,-0.04603790994074862
-1.0837563190878554,-0.005199400935278622,0.04629364818471899,-0.47619913095060007,-0.25563316127129976,0.8781359855701802,1.3172940342597257,-0.8916412332498024,0.7559194634688782,0.2612058587326111,0.8304899887017108
-0.39151543541004996,-0.48864604658410776,-1.0972110139245899,0.3260995444787573,0.17727105069775392,0.5294578716085252,0.9694568220161122,0.4305685029654686,-0.10201663819307528,-0.0911907374662564,-0.8677828098848664
0.41609892888072386,0.5749365738433161,-1.0972110139245899,-0.02362039096480879,0.6967561050606181,0.9943620235573987,1.5259963616058938,0.28250855854551765,-0.16801172293630404,-0.44358733366512343,-0.6486508356351234
-0.39151543541004996,-0.7787140339734051,-0.03538525625166028,-0.9082061100279463,-0.2989235824682051,0.0645537196596518,-0.6305943543045097,-1.27728573964592,0.16196370077983394,1.4064947963789296,1.159187949665452
-0.7376358772489527,-0.39195671745434213,-0.5254586828699355,-0.6202014573097155,-0.2989235824682051,-0.28412439430200326,-0.3291354370267114,-1.4460052111942165,-0.4979871466524391,-1.0602813770131412,1.816583871592935
0.3007254482677556,0.28486858645401847,-0.688816491742694,1.0872546980912243,0.09069020830394313,-0.16789835631478492,-0.02767651974891306,0.9780459718670882,-0.3659969771659845,-0.7959839298639905,-0.8951743063579298
-0.5068889160230172,0.09148992819448672,-1.0155321094882108,0.768392404010326,-0.21234274007439433,0.0645537196596518,-0.42189202695834166,-0.15478476567150232,-1.3559232483143926,-1.3245788241622913,0.2826600510229928
-0.6222623966359855,-0.875403363103171,-0.03538525625166028,0.8609653280983287,0.7400465262575234,1.6336052324870995,-0.09724396219763574,0.6268340106849056,-2.213859349976349,-0.7078847808142741,-1.2238722673216713
-1.0837563190878554,0.09148992819448672,-0.4437797784335562,-0.5584861745843802,-0.4720852672558264,-1.0977066602125318,-0.4682703219241568,-1.4460052111942165,0.4259440397527402,-0.6197856317645573,1.6522348911110634
-0.39151543541004996,0.1881792573242526,-0.4437797784335562,1.138684100362337,-0.21234274007439433,-0.34223741329561247,-0.6537835017874173,0.13444861412556672,-1.4219183330576213,-1.6769754203611589,0.2552685570151644
-0.39151543541004996,-0.5853353757138736,-1.1788899183609691,-0.2910532827745945,2.1686304257554005,-1.0977066602125318,-0.5146486168899719,-0.030827602901313488,-1.157937994084712,-0.44358733366512343,-0.8129998161169948
0.18535196765478837,-0.48864604658410776,-0.4437797784335562,-0.6613449791266055,0.30714231428846983,-1.0977066602125318,-1.0479990089968458,-0.02394109385851885,-0.10201663819307528,0.6136024549314787,-1.0595232868397997
0.3007254482677556,-0.48864604658410776,-0.8521743006154523,-0.4967708918590451,-0.3422140036651105,-0.6909155272572675,-0.5842160593386946,-0.7642408159582353,-0.9599527398550317,-1.0602813770131412,0.6387495142120123
-0.853009357861921,-0.1985780591948104,-0.4437797784335562,-0.8670625882110562,-0.12576189768058385,-0.6328025082636584,-0.9088641240994005,-1.5871786465713729,-0.3659969771659845,-0.44358733366512343,1.5700604008701284
-0.5068889160230172,0.6716259029730814,-1.0155321094882108,-0.7847755445772759,0.22056147189465902,0.6456839095957436,0.7839436421528517,-0.20299032897102656,-0.2340068076795299,0.08500756063317735,-0.8951743063579298
-0.9683828384748883,0.3815579155837844,-0.11706416068803956,-0.2293380000492594,-0.21234274007439433,0.2970057956340885,1.1317808543964651,-0.49566696328951204,0.16196370077983394,0.43740415683204487,0.33744304725609936
-0.853009357861921,0.5749365738433161,-1.0155321094882108,-0.18819447823236923,-0.16905231887748895,-1.0395936412189226,-0.09724396219763574,-0.020497839337140642,-1.157937994084712,0.349305007782328,-0.9773487965988648
-0.39151543541004996,-1.4555393378817658,-0.5254586828699355,-0.6819167400350507,-0.4720852672558264,-0.16789835631478492,-1.419025368723367,-0.8227761428219325,0.09596861603660517,2.375585435925814,0.6113580119867342
-0.39151543541004996,0.3332132510189014,-1.0972110139245899,0.14095369630275165,-0.21234274007439433,-1.504497793167796,-0.2595679945779887,0.39613595775153365,-1.6858986720305307,0.17310670968289424,-1.470395738044476
-1.314503280313791,0.28486858645401847,-0.3621008739971774,0.2849560226618671,0.17727105069775392,-0.10978533732117574,0.1346475126314399,-0.16167127471429696,0.7559194634688782,0.08500756063317735,0.3922260434892059
-0.5068889160230172,0.1881792573242526,-0.5254586828699355,-0.18819447823236923,0.5235944202729967,-0.4584634512828308,0.3201606924947004,-0.623067380581079,0.16196370077983394,-0.003091588416539527,1.323536930147322
0.18535196765478837,-0.39195671745434213,-0.6071375873063147,-0.8670625882110562,-0.21234274007439433,-0.22601137530839407,-0.6305943543045097,-0.8158896337791378,0.02997353129337933,0.349305007782328,0.33744304725609936
-0.5068889160230172,-0.1985780591948104,-1.0155321094882108,0.4701018708378725,0.17727105069775392,0.9362490045637895,1.0390242644648349,0.5614121747784139,0.22795878552305976,-0.0911907374662564,-0.8951743063579298
-0.9683828384748883,-0.1018887300650445,-0.19874306512441883,-0.18819447823236923,-0.12576189768058385,1.110588061544617,0.7607544946699442,-0.47845069068254453,0.5579342092391948,0.2612058587326111,0.33744304725609936
0.3007254482677556,-0.6820247048436395,-0.03538525625166028,-0.9699213927532815,-0.2989235824682051,-0.05167231832756655,-0.9320532715823081,-0.9191872694209428,-0.5639822313956678,2.2874862868760975,0.5017920277379693
-0.1607684741841144,-0.1985780591948104,-0.3621008739971774,0.24381250084497694,-0.4287948460589213,-0.4003504322892216,-0.8624858291335854,0.5338661386072735,-0.7619674856253483,-1.1483805260628581,-1.0595232868397997
-0.6222623966359855,-0.005199400935278622,-0.9338532050518316,0.7375347626476585,-0.25563316127129976,-0.28412439430200326,-0.6074052068216022,-0.14101174758591303,-0.9599527398550317,-1.588876271311442,0.17309406677422937
-0.7376358772489527,-0.2952673883245763,0.8630826925485108,2.033555699879697,0.4803039990760914,0.23889277664047934,0.6911870522212215,1.4635448593836324,-0.3659969771659845,0.17310670968289424,-1.1416977770807362
0.5314724094936911,-0.5853353757138736,0.2913303614938564,1.9718404171543618,0.09069020830394313,2.040396365442364,1.5259963616058938,1.7906540389160528,0.3599489550095144,2.4636845849755313,-0.9773487965988648
-0.5068889160230172,-0.9720926922329369,-0.4437797784335562,2.2907027112352605,0.04739978710703774,1.0524750425510079,0.04189092269980963,1.1880844976721143,0.3599489550095144,-1.2364796751125748,-0.07342940394857704
-0.6222623966359855,-0.7787140339734051,-0.6071375873063147,1.3958311117179,0.004109365910132342,1.4592661755062721,0.1346475126314399,0.5063201024361332,0.4259440397527402,-1.2364796751125748,0.17309406677422937
-0.2761419547970827,-0.39195671745434213,-0.9338532050518316,1.3135440680841202,0.22056147189465902,0.0064407006660426236,0.20421495508016257,1.022808280645196,-0.6299773161388937,1.5826930944783633,-0.9773487965988648
0.6468458901066594,-0.1018887300650445,-0.6071375873063147,1.210685263541895,0.30714231428846983,1.168701080538226,0.8303219371186668,1.102003134637277,-0.5639822313956678,0.9659990511303452,-0.6486508356351234
0.3007254482677556,0.9616938903623791,-0.3621008739971774,1.5809769598939059,-0.21234274007439433,-0.28412439430200326,-0.004487372266005494,0.28250855854551765,-1.157937994084712,4.13756841692015,1.2413624399063872
-0.04539499357114716,1.445140536011208,-0.6071375873063147,-0.14705095641547908,-0.12576189768058385,0.2970057956340885,0.8998893795673895,-0.9054142513353535,-0.16801172293630404,-0.7078847808142741,1.4057114203882586
-1.8913706833786292,-0.5853353757138736,1.0264405014212694,0.05866665266897152,0.8699177898482396,0.3551188146276977,1.1549700018793727,-0.058373639072492045,-0.03602155344984944,-0.6197856317645573,-0.7034338294029965
-1.0837563190878554,0.09148992819448672,-1.4239266316701067,0.4083865881125376,-0.08247147648367845,0.7619099475829619,1.3868614767084484,0.458114539136609,0.09596861603660517,-1.1483805260628581,-0.9773487965988648
-0.6222623966359855,0.09148992819448672,-0.3621008739971774,-0.5379144136759353,-0.3855044248620159,-0.16789835631478492,0.06508007018271719,-1.4769945018867352,-0.16801172293630404,-1.1483805260628581,1.816583871592935
-0.6222623966359855,-0.875403363103171,-0.11706416068803956,-0.6407732182181606,0.004109365910132342,-0.9814806222253134,-1.3262687787917367,-1.1567718313971094,-1.8178888415169852,-0.1792898865159733,0.37853029237656755
-1.314503280313791,0.09148992819448672,-1.4239266316701067,0.4083865881125376,-0.08247147648367845,0.7619099475829619,1.3868614767084484,0.458114539136609,0.09596861603660517,-1.1483805260628581,-0.9773487965988648
-1.314503280313791,-0.39195671745434213,1.1081194058576482,0.07923841357741651,0.9997890534389559,0.0064407006660426236,1.0390242644648349,0.04148074204793466,-0.5639822313956678,-0.26738903556568966,-0.7034338294029965
-1.1991297997008237,0.1881792573242526,0.37300926593023565,-0.2087662391408142,-0.2989235824682051,-0.7490285462508767,-1.1871338938942912,-1.4322321931086273,0.22795878552305976,0.7898007530309115,2.06310734231574
0.3007254482677556,-0.1018887300650445,-0.5254586828699355,0.922680610823664,-0.21234274007439433,-0.5165764702764399,-0.5378377643728794,-0.15134151115012412,-1.0259478245982576,0.2612058587326111,0.7483154984607757
-0.6222623966359855,0.23652392188913554,-0.9338532050518316,2.074699221696587,0.6534656838637127,-0.5165764702764399,0.08826921766562476,1.5324099498115025,-0.7619674856253483,0.08500756063317735,-1.2238722673216713
-1.314503280313791,-0.39195671745434213,1.1081194058576482,0.07923841357741651,0.9997890534389559,0.0064407006660426236,1.0390242644648349,0.04148074204793466,-0.5639822313956678,-0.26738903556568966,-0.6897380807555916
-0.7376358772489527,-0.5853353757138736,-0.4437797784335562,-0.7642037836688309,-0.25563316127129976,-0.6328025082636584,-0.28275714206089625,-0.7194785071800893,-0.03602155344984944,-0.0911907374662564,-0.07342940394857704
-0.2761419547970827,-0.5853353757138736,-0.8521743006154523,2.342132113506373,0.04739978710703774,0.12266673865326098,-0.4450811744412492,1.8147568205657767,-0.7619674856253483,-0.26738903556568966,-1.470395738044476
-0.853009357861921,-0.5853353757138736,1.353156119166786,0.14095369630275165,-0.039181055286773056,-0.28412439430200326,-0.35232458450961895,0.12411885056139388,0.16196370077983394,-0.003091588416539527,-0.5664763453941885
-0.7376358772489527,-0.6820247048436395,1.5165139280395445,0.12038193539430667,0.04739978710703774,-0.4003504322892216,-0.3291354370267114,0.13444861412556672,0.16196370077983394,-0.003091588416539527,-0.5664763453941885
-0.6222623966359855,0.3815579155837844,-0.6071375873063147,1.3135440680841202,-0.08247147648367845,-0.6328025082636584,1.572374656571709,0.7989967367546187,-0.5639822313956678,0.7898007530309115,-0.5664763453941885
0.06997848704182111,1.5418298651409739,-0.5254586828699355,-0.18819447823236923,-0.3422140036651105,-0.10978533732117574,0.6679979047383139,-0.8778682151642131,0.02997353129337933,-0.6197856317645573,1.323536930147322
-0.853009357861921,0.28486858645401847,0.04629364818471899,-0.6407732182181606,-0.16905231887748895,1.4302096660094674,0.5752413148066836,-0.6884892164875708,0.491939124495969,-0.1792898865159733,0.17309406677422937
1.4544602543974323,0.7683152321028474,2.0882662590941985,1.5809769598939059,0.22056147189465902,1.4592661755062721,-0.07405481471472819,1.7458917301379069,-1.553908502544076,-0.8840830789137074,-1.5525702282854126
-0.2761419547970827,0.9616938903623791,-0.4437797784335562,-0.6407732182181606,-0.12576189768058385,-1.0395936412189226,-1.627727696069535,-1.566519119442989,0.09596861603660517,-0.1792898865159733,2.145281832556675
-0.1607684741841144,-0.39195671745434213,-0.6071375873063147,-0.10590743459858892,-0.6885373732403534,-1.155819679206141,-1.0016207140310307,-1.1498853223543146,-0.30000189242275865,-0.9721822279634242,1.7344093813519985
0.06997848704182111,2.702101814698164,-0.6071375873063147,1.0255394153658894,0.6101752626668073,1.168701080538226,1.2941048867768181,1.0710138439447203,0.09596861603660517,-0.44358733366512343,-0.9773487965988648
0.41609892888072386,-0.39195671745434213,-0.7704953961790733,-0.8670625882110562,-0.039181055286773056,-0.9814806222253134,0.552052167323776,-0.6299538896238737,0.3599489550095144,0.349305007782328,0.5017920277379693
-0.39151543541004996,0.09148992819448672,-0.2804219695607981,0.6655335994681008,0.22056147189465902,-0.5746894892700491,0.6679979047383139,-0.13756849306453484,0.29395387026628855,0.6136024549314787,0.6113580119867342
-0.1607684741841144,-0.005199400935278622,-0.4437797784335562,-0.2910532827745945,0.22056147189465902,-1.21393269819975,-1.0479990089968458,-0.5335427630248252,1.0858948871850131,0.7898007530309115,1.077013459424517
-0.39151543541004996,0.09148992819448672,-0.2804219695607981,0.6655335994681008,0.22056147189465902,-0.5746894892700491,0.6679979047383139,-0.13756849306453484,0.29395387026628855,0.6136024549314787,0.6250537630993726
-0.853009357861921,-0.6820247048436395,-1.1788899183609691,-0.9287778709363915,0.004109365910132342,0.9362490045637895,-0.14362225716345087,-0.6712729438805651,0.16196370077983394,-0.8840830789137074,-0.07342940394857704
0.41609892888072386,1.831897852530271,-1.4239266316701067,-0.0030486300563636226,0.09069020830394313,-1.21393269819975,-0.28275714206089625,0.16888115933953993,-0.6959724008821225,-0.003091588416539527,-0.6486508356351234
-0.1607684741841144,0.5749365738433161,-0.19874306512441883,2.156986265330367,0.22056147189465902,-0.8652545842380951,0.20421495508016257,1.5668424950254374,-0.8939576551118029,0.43740415683204487,-1.2238722673216713
-0.2761419547970827,-0.1018887300650445,-0.688816491742694,-0.9699213927532815,-0.5586661096496373,0.0645537196596518,-0.6074052068216022,-1.5871786465713729,-0.2340068076795299,-1.0602813770131412,1.4878859106291935
-2.1221176446045646,0.6716259029730814,-0.688816491742694,0.3878148272040924,-0.645246952043448,-0.6328025082636584,-0.49145946940706436,-0.4750074361611281,1.2838801414146965,-0.7959839298639905,0.5839665179789058
-2.81435852828237,1.7352085234005057,-1.914000058288382,-0.6407732182181606,-0.9482799004217854,-0.22601137530839407,-0.6074052068216022,-1.9383906077535173,1.877835904103741,-1.3245788241622913,2.06310734231574
-0.2761419547970827,0.9616938903623791,-0.3621008739971774,-0.6202014573097155,-0.4720852672558264,-1.155819679206141,-0.8392966816506778,-1.5940651556141294,-1.0259478245982576,-1.0602813770131412,1.5700604008701284
0.5314724094936911,0.1881792573242526,-0.688816491742694,-0.7024885009434957,-0.039181055286773056,-0.16789835631478492,-0.35232458450961895,-0.1720010382784698,-0.10201663819307528,0.43740415683204487,-0.23777838443044702
-0.5068889160230172,-0.005199400935278622,-0.9338532050518316,1.4164028726263456,-0.2989235824682051,0.9362490045637895,0.29697154501179285,0.5373093931286518,0.22795878552305976,-0.5316864827148403,0.09091957653329293
0.06997848704182111,0.09148992819448672,-0.688816491742694,1.292972307175675,-0.25563316127129976,-0.34223741329561247,-0.02767651974891306,0.5958447199923489,-0.9599527398550317,1.4064947963789296,-0.15560389418951204
-0.6222623966359855,0.1881792573242526,-1.1788899183609691,0.3672430662956474,0.13398062950084852,0.7037969285893527,1.08540255943065,0.4650010481794036,0.16196370077983394,-0.0911907374662564,-0.8951743063579298
-0.6222623966359855,1.058383219492145,-0.9338532050518316,-0.6407732182181606,0.09069020830394313,1.0524750425510079,0.8303219371186668,-0.25808240131330723,0.29395387026628855,-0.35548818461540654,-0.6486508356351234
-0.2761419547970827,-0.9720926922329369,-0.6071375873063147,2.342132113506373,0.22056147189465902,-1.0395936412189226,0.2737823975288853,1.587502022153783,-1.2899281635711668,-0.5316864827148403,-0.9773487965988648
-0.9683828384748883,-0.005199400935278622,-0.3621008739971774,2.7535673316752742,0.22056147189465902,0.0645537196596518,0.8535110846015743,1.8319730931727825,-0.3659969771659845,0.08500756063317735,-1.3060467575626062
-0.2761419547970827,0.6716259029730814,-0.6071375873063147,-0.6613449791266055,-0.039181055286773056,-0.9233676032317042,-0.190000552129266,-1.4701079928439786,0.29395387026628855,-0.0911907374662564,1.9809328520748049
-1.0837563190878554,-0.5853353757138736,-1.2605688227973484,0.09981017448586167,-0.21234274007439433,-0.4003504322892216,-0.3987028794754341,0.08279979630466426,0.491939124495969,0.08500756063317735,-0.5664763453941885
0.9929663319455622,-0.005199400935278622,-0.7704953961790733,-0.7230602618519408,-0.08247147648367845,-0.34223741329561247,0.45929557739214577,-0.2305363651421669,0.491939124495969,0.6136024549314787,0.008745086292357939
0.3007254482677556,1.348451206881442,-1.0972110139245899,-0.6407732182181606,-0.3422140036651105,-0.4003504322892216,-0.6537835017874173,-1.41501592050166,0.22795878552305976,-0.1792898865159733,2.309630813038546
-0.1607684741841144,0.3815579155837844,-0.11706416068803956,-0.8670625882110562,-0.645246952043448,-0.22601137530839407,-0.5378377643728794,-1.4907675199723245,-0.4979871466524391,-1.2364796751125748,1.5700604008701284
-0.2761419547970827,-0.1985780591948104,1.8432295457850616,1.9512686562459172,0.30714231428846983,-0.16789835631478492,0.08826921766562476,1.484204386511978,-0.5639822313956678,-0.003091588416539527,-1.0595232868397997
-0.7376358772489527,0.3815579155837844,-0.7704953961790733,-0.37334032640837483,0.22056147189465902,-0.05167231832756655,0.2737823975288853,-0.2511958922705126,1.0858948871850131,0.2612058587326111,0.33744304725609936
-0.6222623966359855,-0.2952673883245763,-0.5254586828699355,0.14095369630275165,0.35043273548537524,0.2970057956340885,0.48248472487505334,-0.0032815667301731577,0.02997353129337933,-0.0911907374662564,-0.23777838443044702
-0.7376358772489527,-0.6820247048436395,-0.7704953961790733,-0.9699213927532815,0.22056147189465902,-0.22601137530839407,-0.9784315665481231,-1.1808746130468715,0.29395387026628855,0.7017016039811945,0.5839665179789058
-0.5068889160230172,-0.48864604658410776,-0.5254586828699355,-0.7847755445772759,-0.16905231887748895,0.0064407006660426236,-0.8624858291335854,-0.981165850806018,-1.0919429093414863,1.230296498279496,0.2552685570151644
-2.4682380864434674,-1.3105053441871173,-0.3621008739971774,-1.0110649145701716,-0.16905231887748895,0.0064407006660426236,-1.094377303962661,-1.0293714141055423,3.7256982769141023,-0.003091588416539527,0.5839665179789058
-0.7376358772489527,-0.7787140339734051,-0.4437797784335562,-0.9904931536617264,-0.2989235824682051,-0.6328025082636584,-1.3726470737575518,-1.3392643210309954,1.0858948871850131,-0.1792898865159733,1.2413624399063872
0.18535196765478837,-0.005199400935278622,-0.4437797784335562,-0.9287778709363915,-0.2989235824682051,-1.3301587361869684,-1.256701336343014,-0.7091487436159165,-0.10201663819307528,1.4064947963789296,0.41961753749703434
0.3007254482677556,0.7683152321028474,-1.0972110139245899,-0.8876343491195011,9.74445413521384,-0.6328025082636584,0.06508007018271719,-0.07903316620083774,-0.5639822313956678,1.230296498279496,-0.6486508356351234
-1.314503280313791,-0.2952673883245763,-0.9338532050518316,0.7992500453729937,0.13398062950084852,0.8781359855701802,-0.28275714206089625,0.6612665558988405,0.02997353129337933,-0.35548818461540654,-0.40212736491231843
-1.314503280313791,-0.5853353757138736,-0.03538525625166028,-0.8259190663941661,-0.4287948460589213,0.12266673865326098,-0.6305943543045097,-1.4942107744937025,0.4259440397527402,0.7898007530309115,1.4878859106291935
-0.9683828384748883,-0.7787140339734051,0.37300926593023565,-0.9493496318448365,-0.5153756884527319,0.12266673865326098,-0.7697292392019551,-1.7696711362052207,-0.5639822313956678,0.2612058587326111,1.7344093813519985
-0.5068889160230172,0.3815579155837844,-0.6071375873063147,0.4083865881125376,0.17727105069775392,1.0524750425510079,0.9926459694990197,0.4650010481794036,-0.3659969771659845,0.08500756063317735,-0.8129998161169948
-0.9683828384748883,2.653757150133281,-0.6071375873063147,-0.2910532827745945,0.30714231428846983,-1.0395936412189226,-0.2595679945779887,0.17576766838229632,0.29395387026628855,-0.26738903556568966,-1.2238722673216713
-1.0837563190878554,-0.5853353757138736,0.94476159698489,3.4324354416539613,3.207600534481129,1.168701080538226,-0.35232458450961895,0.8850780997894561,-0.6299773161388937,-1.2364796751125748,1.816583871592935
-0.7376358772489527,0.1881792573242526,-0.03538525625166028,-0.4967708918590451,-0.3855044248620159,0.12266673865326098,0.41291728242633063,-1.3495940845951682,-0.10201663819307528,-1.0602813770131412,1.4878859106291935
-1.1991297997008237,-0.005199400935278622,-1.2605688227973484,-0.9699213927532815,0.5235944202729967,-1.6207238311550143,-0.6769726492703249,-0.3131744736556261,0.22795878552305976,0.7898007530309115,-0.8540870612374616
-1.1991297997008237,2.653757150133281,-0.6071375873063147,-0.2910532827745945,0.30714231428846983,-1.0395936412189226,-0.2595679945779887,0.17576766838229632,0.29395387026628855,-0.26738903556568966,-1.2238722673216713
-0.1607684741841144,0.28486858645401847,-0.03538525625166028,-0.805347305485721,-0.5586661096496373,-1.3301587361869684,-1.465403663689182,-1.0844634864478613,0.6239292939824236,1.4064947963789296,1.5700604008701284
-0.5068889160230172,-1.2621606796222342,-0.688816491742694,0.3878148272040924,0.17727105069775392,-1.2720457171933592,-1.6045385485866275,0.05181050561214573,-0.2340068076795299,-0.7959839298639905,-0.5664763453941885
-0.5068889160230172,-1.4555393378817658,-0.4437797784335562,-1.0316366754786166,-0.039181055286773056,-0.16789835631478492,-1.1639447464113837,-0.7022622345731219,1.811840819360515,0.2612058587326111,0.5017920277379693
-0.1607684741841144,1.9285871816600368,1.2714772147304068,-0.6202014573097155,-0.6885373732403534,-0.4003504322892216,-0.35232458450961895,-1.5596326104001943,-0.43199206190921324,-0.7959839298639905,1.9809328520748049
-1.1991297997008237,0.1881792573242526,-0.03538525625166028,-0.4967708918590451,-0.5586661096496373,-0.5746894892700491,-0.49145946940706436,-1.1085662680976234,0.02997353129337933,-0.44358733366512343,0.9126644789426457
-0.853009357861921,-0.005199400935278622,-0.8521743006154523,-0.3527685654999297,-0.3422140036651105,-1.2720457171933592,-0.9784315665481231,-1.656043736999243,-1.4879134178008473,1.846990541627513,2.06310734231574
-0.9683828384748883,-0.875403363103171,0.2913303614938564,0.7786782844645485,-0.6019565308465427,-1.0395936412189226,-2.0219432032789637,-0.20299032897102656,-0.7619674856253483,1.4945939454286465,1.159187949665452
-0.04539499357114716,0.28486858645401847,-0.688816491742694,0.9432523717321091,-0.12576189768058385,-0.28412439430200326,0.6448087572554063,1.174311479586525,1.0858948871850131,0.5255033058817618,-0.03234215882810882
0.7622193707196266,-0.39195671745434213,-0.3621008739971774,-0.9904931536617264,0.004109365910132342,-0.05167231832756655,-1.2335121888601064,-1.2359666853891904,-1.0259478245982576,-0.8840830789137074,0.7072282533403075
-0.04539499357114716,-0.48864604658410776,0.4546881703666149,2.0952709826050326,0.30714231428846983,2.0985093844359732,1.3172940342597257,1.725232203009561,-0.10201663819307528,1.3183956473292127,-0.31995287467138345
-0.6222623966359855,0.09148992819448672,-0.2804219695607981,0.44953010992942755,7.190319284596422,1.4592661755062721,0.29697154501179285,0.6922558465913974,-0.6299773161388937,-0.7959839298639905,-1.0595232868397997
-0.04539499357114716,-0.7787140339734051,-0.688816491742694,0.05866665266897152,0.2638518930915644,-0.7490285462508767,-0.72335094423614,-0.09969269332918343,-0.6959724008821225,0.43740415683204487,0.17309406677422937
-1.8913706833786292,0.9616938903623791,-0.6071375873063147,0.3672430662956474,0.30714231428846983,-0.8652545842380951,-0.7929183866848627,-0.4440181454685714,0.491939124495969,-0.35548818461540654,1.323536930147322
1.1083398125585295,-0.1018887300650445,-0.03538525625166028,-0.7230602618519408,0.30714231428846983,0.0645537196596518,0.8767002320844819,-0.6161808715382845,0.02997353129337933,0.5255033058817618,0.33744304725609936
-0.2761419547970827,2.508723156438632,-1.0155321094882108,2.1364145044219223,0.3937231566822806,0.3551188146276977,1.0390242644648349,1.6563671125816912,1.0198998024417874,0.43740415683204487,-0.15560389418951204
0.3007254482677556,-0.2952673883245763,-0.19874306512441883,-0.7436320227603859,0.17727105069775392,-0.16789835631478492,0.4361064299092382,-0.8227761428219325,-0.3659969771659845,0.17310670968289424,0.6661410082198408
-1.1991297997008237,3.1855484603469923,-2.6491101982157947,0.5112453926547629,-0.21234274007439433,-0.22601137530839407,-0.7697292392019551,-0.9949388688916073,0.4259440397527402,2.023188839726947,2.843764999604626
-0.39151543541004996,0.3815579155837844,-0.8521743006154523,0.5318171535632078,0.22056147189465902,-0.8652545842380951,0.01870177521690207,0.17576766838229632,-1.0919429093414863,-0.6197856317645573,0.09091957653329293
-0.5068889160230172,-0.005199400935278622,-0.8521743006154523,0.017523130852081365,0.22056147189465902,0.8781359855701802,0.5752413148066836,0.07247003274049142,-0.30000189242275865,0.2612058587326111,-0.31995287467138345
-0.2761419547970827,-0.875403363103171,-0.4437797784335562,-0.9904931536617264,-0.08247147648367845,0.18077975764687015,-0.8624858291335854,-1.1671015949613204,0.16196370077983394,1.7588913925777963,0.5017920277379693
-2.0067441639915975,0.23652392188913554,-1.6689633449792445,-0.8567767077568337,-0.4287948460589213,-1.0395936412189226,-1.4885928111720896,-1.3048317758170602,1.3498752261579225,0.17310670968289424,1.433102914396087
-1.1991297997008237,-0.1985780591948104,-0.2804219695607981,-0.6819167400350507,-0.5153756884527319,2.3309614604104096,-0.190000552129266,-1.2359666853891904,0.02997353129337933,-0.9721822279634242,0.7483154984607757
-0.1607684741841144,-0.48864604658410776,-1.3422477272337274,-0.9493496318448365,0.6534656838637127,-1.21393269819975,-0.8624858291335854,-0.4440181454685714,-0.8279625703685771,0.5255033058817618,-0.8951743063579298
-0.04539499357114716,0.47824724471355023,-0.2804219695607981,-0.7847755445772759,0.04739978710703774,0.0064407006660426236,0.22740410256307014,-1.7868874088121882,0.29395387026628855,0.6136024549314787,2.309630813038546
-0.853009357861921,-0.1018887300650445,-0.11706416068803956,-0.9904931536617264,-0.5153756884527319,-0.6328025082636584,-0.6305943543045097,-1.3736968662449303,1.0858948871850131,-0.7959839298639905,1.5700604008701284
-0.04539499357114716,1.1550725486219109,-0.3621008739971774,-0.6407732182181606,-0.08247147648367845,-0.4584634512828308,-0.9320532715823081,-1.1671015949613204,-0.4979871466524391,-0.6197856317645573,0.5017920277379693
-0.853009357861921,1.1550725486219109,-1.2605688227973484,0.6346759581054331,0.22056147189465902,-0.371293922792417,2.824588620648717,0.8988511178750072,-0.03602155344984944,0.08500756063317735,-1.470395738044476
0.3007254482677556,-0.005199400935278622,-0.6071375873063147,-0.6407732182181606,-0.2989235824682051,0.8781359855701802,-0.4450811744412492,-1.0293714141055423,-0.8939576551118029,0.8778999020806283,0.5017920277379693
-0.7376358772489527,0.3815579155837844,-0.11706416068803956,-0.7642037836688309,-0.4287948460589213,-1.155819679206141,-1.5581602536208123,-1.3392643210309954,-0.2340068076795299,-0.0911907374662564,1.7344093813519985
-0.04539499357114716,-1.0687820213627024,-1.3422477272337274,-0.16762271732392425,0.13398062950084852,-0.5165764702764399,-1.2798904838259215,-0.2718554193988965,-1.2899281635711668,-0.9721822279634242,-0.6486508356351234
2.4928215799141418,-0.7787140339734051,-0.03538525625166028,-0.4967708918590451,0.13398062950084852,-1.4463847741741869,-2.2538346781080394,0.2102002135962313,-0.3659969771659845,-1.1483805260628581,-0.6486508356351234
-1.1991297997008237,-1.4555393378817658,-0.9338532050518316,1.3958311117179,0.5235944202729967,-0.6328025082636584,1.0622134119477424,0.6233907561635273,0.8219145482121041,-0.6197856317645573,0.9126644789426457
-1.1991297997008237,0.28486858645401847,-0.19874306512441883,0.3260995444787573,0.2638518930915644,1.168701080538226,2.152103343644398,0.38236293966594437,-0.03602155344984944,-0.26738903556568966,-0.6486508356351234
-0.6222623966359855,0.7683152321028474,-1.0972110139245899,-0.805347305485721,0.09069020830394313,0.7619099475829619,1.247726591811003,-0.3062879646128315,-0.16801172293630404,0.17310670968289424,-0.8129998161169948
-0.1607684741841144,-0.9720926922329369,-0.688816491742694,1.7249792862530213,0.09069020830394313,2.5634135363848465,0.2737823975288853,1.2776091152283684,-0.4979871466524391,-1.0602813770131412,-0.7308253258760599
-0.2761419547970827,-1.1654713504924683,-0.688816491742694,0.7992500453729937,0.13398062950084852,1.4302096660094674,-0.004487372266005494,0.41679548487987933,-0.2340068076795299,-0.9721822279634242,-0.4843018551532534
-1.1991297997008237,-0.1018887300650445,-0.9338532050518316,1.3958311117179,0.5235944202729967,0.4132318336213069,1.5955638040546165,0.2790653040241395,0.8219145482121041,-0.9721822279634242,1.4057114203882586
-0.5068889160230172,0.8650045612326133,-1.1788899183609691,-0.4967708918590451,0.9564986322420505,-0.9814806222253134,-0.8392966816506778,-0.13412523854315664,-1.0919429093414863,-0.9721822279634242,-1.3060467575626062
0.5314724094936911,-0.1985780591948104,1.5981928324759238,1.3958311117179,0.04739978710703774,1.4883226850030766,0.6332141835139525,1.587502022153783,-0.8939576551118029,-0.35548818461540654,-1.2238722673216713
0.5314724094936911,-0.005199400935278622,1.679871736912303,1.4369746335347906,0.13398062950084852,1.5754922134934903,0.5868358885481374,1.587502022153783,-0.8939576551118029,-0.35548818461540654,-1.2238722673216713
-1.1991297997008237,-1.5522286670115315,-1.0155321094882108,-0.9493496318448365,0.437013577879186,0.0064407006660426236,-0.3755137319925265,-1.0293714141055423,0.8219145482121041,-1.4126779732120083,0.6661410082198408
-0.853009357861921,-0.2952673883245763,-1.2605688227973484,0.9432523717321091,0.13398062950084852,0.3551188146276977,-0.3059462895438038,0.8644185726610721,-0.3659969771659845,-1.2364796751125748,-0.07342940394857704
-0.5068889160230172,-0.39195671745434213,-0.5254586828699355,-0.9082061100279463,-0.25563316127129976,0.0064407006660426236,-0.7465400917190476,-1.600951664656924,-0.43199206190921324,-1.6769754203611589,1.4878859106291935
0.5314724094936911,-0.1985780591948104,1.5981928324759238,1.3958311117179,0.04739978710703774,1.4883226850030766,0.4361064299092382,1.587502022153783,-0.8939576551118029,-0.35548818461540654,-1.2238722673216713
0.5314724094936911,-0.005199400935278622,1.679871736912303,1.4369746335347906,0.13398062950084852,1.5754922134934903,0.343349839977608,1.587502022153783,-0.8939576551118029,-0.35548818461540654,-1.2238722673216713
1.6852072156233688,-0.9720926922329369,0.2913303614938564,-0.9699213927532815,0.13398062950084852,-1.6788368501486235,-1.0016207140310307,-0.030827602901313488,-0.10201663819307528,0.2612058587326111,-0.40212736491231843
0.3007254482677556,-1.842296654400829,-0.2804219695607981,0.05866665266897152,-0.6019565308465427,-0.6328025082636584,-0.07405481471472819,-0.2718554193988965,-1.3559232483143926,-0.8840830789137074,0.2552685570151644
1.6852072156233688,-1.358850008752,0.2096514570574771,0.5935324362885431,-0.8616990580279749,-1.2720457171933592,-1.790051728449888,0.6233907561635273,-0.43199206190921324,-1.2364796751125748,0.37853029237656755
-1.1991297997008237,-0.005199400935278622,-0.2804219695607981,-0.4144838482252649,-0.8616990580279749,0.0645537196596518,-0.7465400917190476,-1.4322321931086273,0.4259440397527402,0.7898007530309115,1.7754966264724668
-0.9683828384748883,-0.48864604658410776,0.04629364818471899,-0.9493496318448365,-0.90498947922488,-0.6909155272572675,-0.6074052068216022,-1.439118702151422,1.0858948871850131,-1.0602813770131412,1.7344093813519985
0.06997848704182111,-0.005199400935278622,0.2913303614938564,0.6552477190138781,-0.3855044248620159,-1.0977066602125318,-1.419025368723367,0.3479303944520094,-0.9599527398550317,0.43740415683204487,0.41961753749703434
-0.6222623966359855,-0.2952673883245763,1.5981928324759238,-0.8464908273026112,-1.0781511640125014,0.3551188146276977,-0.8392966816506778,-1.5406947105325186,-0.03602155344984944,-1.588876271311442,1.9809328520748049
-0.39151543541004996,-0.7787140339734051,-0.19874306512441883,-0.7847755445772759,-0.5586661096496373,-0.16789835631478492,-0.9784315665481231,-1.4993756562758274,-1.553908502544076,1.054098200180062,1.159187949665452
-1.0837563190878554,0.09148992819448672,-0.11706416068803956,-0.9287778709363915,-1.0348607428155963,-1.0395936412189226,-2.0915106457276864,-1.3392643210309954,1.0198998024417874,-1.2364796751125748,0.7483154984607757
-0.5068889160230172,1.7352085234005057,-0.9338532050518316,1.8072663298868012,0.04739978710703774,0.9362490045637895,1.0622134119477424,1.5444613406363834,1.2838801414146965,0.9659990511303452,-0.07342940394857704
-0.04539499357114716,-0.48864604658410776,-0.03538525625166028,-0.8259190663941661,0.04739978710703774,-0.8652545842380951,-0.8392966816506778,-0.8227761428219325,-0.6299773161388937,-0.26738903556568966,0.41961753749703434
0.18535196765478837,-0.48864604658410776,-0.11706416068803956,-0.8464908273026112,0.09069020830394313,-0.5746894892700491,-0.561026911855787,-0.7883435976079592,-0.5639822313956678,-0.1792898865159733,0.41961753749703434
-0.5068889160230172,2.6054124855683978,-0.6071375873063147,0.7581065235561034,-0.8184086368310695,-0.8652545842380951,-0.7697292392019551,-0.47845069068254453,0.16196370077983394,2.1112879887766636,2.06310734231574
-1.314503280313791,-0.005199400935278622,-0.2804219695607981,-0.4144838482252649,-0.8616990580279749,0.0645537196596518,-0.7465400917190476,-1.4322321931086273,0.4259440397527402,0.7898007530309115,1.7754966264724668
-0.04539499357114716,1.6385191942707398,-0.2804219695607981,1.210685263541895,2.0820495833615897,-0.6909155272572675,-0.9320532715823081,1.1054463891586552,-0.6959724008821225,-0.44358733366512343,-0.8129998161169948
-0.853009357861921,-0.7787140339734051,0.5363670748029942,-0.8259190663941661,-0.775118215634164,-0.16789835631478492,0.01870177521690207,-0.8227761428219325,0.4259440397527402,2.023188839726947,0.9126644789426457
-0.853009357861921,0.8650045612326133,1.0264405014212694,1.2518287853587848,-0.16905231887748895,1.5173791944998813,1.6883203939862468,1.1054463891586552,-0.16801172293630404,0.8778999020806283,-0.7308253258760599
-1.0837563190878554,-0.6820247048436395,-0.8521743006154523,0.4083865881125376,-0.5586661096496373,-0.7490285462508767,-0.16681140464635844,0.2102002135962313,1.2178850566714678,0.8778999020806283,0.2552685570151644
0.06997848704182111,-0.5853353757138736,-0.11706416068803956,0.6963912408307684,-0.25563316127129976,-0.7490285462508767,-0.6305943543045097,0.6922558465913974,0.9539047176985587,0.43740415683204487,0.09091957653329293
-1.6606237221526938,-0.1018887300650445,-0.9338532050518316,-0.27048152186614954,-1.0348607428155963,-0.34223741329561247,-0.7001617967532324,-1.6870330276917613,0.8879096329553328,0.43740415683204487,2.6383287740022876
-0.9683828384748883,-0.1985780591948104,-0.6071375873063147,-0.7642037836688309,-0.4720852672558264,-1.4463847741741869,-1.5117819586549972,-1.4890458927116161,-0.5639822313956678,-0.0911907374662564,1.2824496850268554
-1.4298767609267593,-0.9720926922329369,-0.2804219695607981,0.8815370890067737,-0.775118215634164,-0.4003504322892216,-0.14362225716345087,0.5545256657356192,1.9438309888469696,-0.6197856317645573,0.17309406677422937
-1.4298767609267593,-0.1985780591948104,-0.5254586828699355,0.963824132640554,-0.6885373732403534,-0.4584634512828308,-0.42189202695834166,0.31349784923807444,1.3498752261579225,-1.3245788241622913,0.09091957653329293
0.18535196765478837,-0.48864604658410776,0.1279725526210978,-0.9287778709363915,-0.4287948460589213,-0.22601137530839407,-0.561026911855787,-0.8916412332498024,-0.2340068076795299,-0.0911907374662564,0.17309406677422937
-1.1991297997008237,-0.005199400935278622,2.6600185901488533,0.6552477190138781,-0.2989235824682051,-0.5165764702764399,0.5056738723579609,0.9332836630889804,3.0657474294818323,0.5255033058817618,0.17309406677422937
2.0313276574622705,0.7683152321028474,-0.6071375873063147,1.0666829371827793,-0.6885373732403534,0.5004013621117206,0.7839436421528517,0.3479303944520094,-1.0919429093414863,-0.003091588416539527,1.159187949665452
-0.5068889160230172,0.1881792573242526,-0.5254586828699355,-0.3116250436830395,0.3937231566822806,-1.0395936412189226,-0.05086566723182062,-0.4440181454685714,0.22795878552305976,-0.44358733366512343,1.323536930147322
-0.7376358772489527,-0.7787140339734051,-0.11706416068803956,-0.6407732182181606,0.17727105069775392,-1.0395936412189226,-0.2595679945779887,-0.06526014811524845,-0.10201663819307528,0.5255033058817618,-0.9773487965988648
-1.1991297997008237,0.09148992819448672,-1.505605536106486,-0.9904931536617264,-0.7318277944372586,-1.3301587361869684,-1.256701336343014,-1.3736968662449303,0.6899243787256494,-0.7959839298639905,0.6661410082198408
-1.314503280313791,-0.5853353757138736,-0.4437797784335562,-0.9493496318448365,-0.8184086368310695,-0.5165764702764399,-0.8392966816506778,-1.4838810109295297,1.0198998024417874,-0.9721822279634242,1.5700604008701284
-1.4298767609267593,-0.5853353757138736,-0.11706416068803956,-0.9699213927532815,-0.9482799004217854,-0.34223741329561247,-0.9320532715823081,-1.9142878261037553,0.02997353129337933,-0.26738903556568966,2.022020097195273
-0.04539499357114716,0.3815579155837844,-0.8521743006154523,-0.5379144136759353,-0.8616990580279749,-0.22601137530839407,-0.885674976616493,-1.4425619566728,-0.6299773161388937,-0.7959839298639905,1.4878859106291935
-0.7376358772489527,-0.7787140339734051,-0.6071375873063147,0.7786782844645485,-0.6885373732403534,0.23889277664047934,-0.8161075341677703,-1.0293714141055423,-0.7619674856253483,0.6136024549314787,1.89875836183387
-0.853009357861921,0.6716259029730814,-0.7704953961790733,-0.7436320227603859,-0.5153756884527319,-0.5746894892700491,-0.09724396219763574,-1.0982365045334122,0.9539047176985587,0.8778999020806283,1.159187949665452
-1.0837563190878554,0.1881792573242526,-0.3621008739971774,-0.9904931536617264,-0.4287948460589213,-0.6909155272572675,-1.882808318381518,-1.1671015949613204,-0.03602155344984944,-0.9721822279634242,0.5839665179789058
-0.6222623966359855,-1.2621606796222342,0.04629364818471899,1.1283982199081146,0.17727105069775392,-0.5746894892700491,-0.9552424190652156,1.2913821333139193,0.09596861603660517,-0.003091588416539527,-0.4843018551532534
-2.3528646058305003,-1.4555393378817658,-0.11706416068803956,-0.9699213927532815,-0.16905231887748895,0.2970057956340885,-0.9088641240994005,-1.3736968662449303,1.481865395644377,1.3183956473292127,0.9948389691835822
-0.9683828384748883,-0.7787140339734051,-0.6071375873063147,1.8072663298868012,-0.039181055286773056,1.0524750425510079,-0.28275714206089625,1.575450631328902,-1.3559232483143926,1.7588913925777963,-0.9773487965988648
-1.314503280313791,-0.7787140339734051,-0.7704953961790733,1.6221204817107961,0.04739978710703774,0.5294578716085252,-0.5842160593386946,1.5771722585896102,-1.4879134178008473,1.4945939454286465,-1.470395738044476
-0.9683828384748883,-0.1018887300650445,-0.6071375873063147,-0.9493496318448365,-0.3422140036651105,-0.16789835631478492,0.01870177521690207,-0.8744249606428349,1.7458457346172862,-0.5316864827148403,0.41961753749703434
-0.6222623966359855,0.8650045612326133,1.4348350236031653,0.07923841357741651,0.09069020830394313,0.0064407006660426236,0.20421495508016257,0.17576766838229632,-0.6299773161388937,4.578064162168735,-0.07342940394857704
-0.5068889160230172,-0.48864604658410776,0.2913303614938564,0.4083865881125376,0.17727105069775392,1.4592661755062721,0.29697154501179285,0.3754764306231497,-2.213859349976349,-0.003091588416539527,-1.0595232868397997
-1.0837563190878554,0.5749365738433161,-0.688816491742694,-0.805347305485721,-0.16905231887748895,-1.3301587361869684,-0.6305943543045097,-1.187761122089666,-1.157937994084712,0.43740415683204487,0.6661410082198408
-2.1221176446045646,0.47824724471355023,-0.8521743006154523,1.210685263541895,-0.6885373732403534,-0.6909155272572675,0.48248472487505334,-0.19610381992823192,1.4158703109011512,1.3183956473292127,0.9948389691835822
-1.6606237221526938,0.09148992819448672,0.37300926593023565,-0.9699213927532815,-0.7318277944372586,-0.22601137530839407,-0.12043310968054331,-1.6663735005634157,0.5579342092391948,-1.1483805260628581,1.4878859106291935
1.339086773784465,0.47824724471355023,0.1279725526210978,0.8403935671898838,-0.4720852672558264,-0.7490285462508767,-0.6769726492703249,0.2687355404599284,-0.4979871466524391,-1.1483805260628581,0.8304899887017108
-0.5068889160230172,0.1881792573242526,-0.03538525625166028,-0.14705095641547908,0.17727105069775392,-0.28412439430200326,-0.004487372266005494,-0.25808240131330723,0.4259440397527402,0.7898007530309115,0.41961753749703434
-0.5068889160230172,0.47824724471355023,-0.2804219695607981,0.2643842617534221,-0.21234274007439433,0.4132318336213069,0.714376199704129,-0.16511452923567516,0.16196370077983394,-0.003091588416539527,0.41961753749703434
0.18535196765478837,0.47824724471355023,3.640165443385404,0.8198218062814387,-0.16905231887748895,-0.8071415652444859,2.6390754407854566,0.19298394098926383,-1.223933078827941,0.5255033058817618,0.33744304725609936
-0.1607684741841144,1.6385191942707398,-0.2804219695607981,-0.1264791955070341,-0.4287948460589213,-0.4584634512828308,0.6448087572554063,-0.8847547242070077,-0.4979871466524391,-0.26738903556568966,1.323536930147322
-0.39151543541004996,0.7683152321028474,-0.19874306512441883,1.5706910794396836,0.30714231428846983,-0.8652545842380951,-0.561026911855787,0.5682986838212085,0.02997353129337933,0.6136024549314787,0.33744304725609936
-1.1991297997008237,1.348451206881442,-0.2804219695607981,-0.7642037836688309,-0.4720852672558264,-0.5165764702764399,-0.190000552129266,-1.6491572279564481,0.8219145482121041,-0.1792898865159733,1.89875836183387
0.3007254482677556,1.058383219492145,-0.2804219695607981,0.8198218062814387,-0.3855044248620159,-0.34223741329561247,-0.3059462895438038,0.12067559604001567,-0.8279625703685771,-0.6197856317645573,0.2552685570151644
-0.1607684741841144,2.4120338273088664,-0.3621008739971774,-0.3321968045914847,0.9997890534389559,-0.8652545842380951,-0.5378377643728794,-1.256626212517536,0.16196370077983394,0.8778999020806283,2.309630813038546
-0.1607684741841144,3.6689951059958217,-2.730789102652174,1.4575463944432354,-0.5586661096496373,-0.16789835631478492,-1.4422145162062745,0.5924014654709706,-0.30000189242275865,0.08500756063317735,0.09091957653329293
-0.39151543541004996,-1.1654713504924683,-0.03538525625166028,-1.0110649145701716,-0.8184086368310695,-0.6909155272572675,-1.4422145162062745,-1.0293714141055423,0.6899243787256494,-0.8840830789137074,0.6661410082198408
1.6852072156233688,-0.5853353757138736,0.04629364818471899,-0.9904931536617264,-0.12576189768058385,-0.8652545842380951,-0.49145946940706436,-0.3751530550407014,-1.2899281635711668,-0.1792898865159733,-0.31995287467138345
0.06997848704182111,-0.48864604658410776,0.1279725526210978,0.20266897902808698,-0.6885373732403534,0.5875708906021344,-0.49145946940706436,-0.4646776725969553,-2.6098298584357127,0.43740415683204487,0.33744304725609936
-0.5068889160230172,-1.0687820213627024,0.04629364818471899,1.5398334380770158,-0.08247147648367845,0.5875708906021344,0.04189092269980963,1.2844956242711247,-0.8939576551118029,-0.5316864827148403,-1.2238722673216713
-2.1221176446045646,0.47824724471355023,-1.2605688227973484,-0.27048152186614954,-0.6019565308465427,0.2970057956340885,-0.3059462895438038,-0.9123007603781481,-0.10201663819307528,-0.7959839298639905,0.33744304725609936
-0.04539499357114716,0.9616938903623791,-0.3621008739971774,0.8198218062814387,-0.3855044248620159,0.2970057956340885,0.20421495508016257,-0.18233080184264264,-0.5639822313956678,-1.0602813770131412,0.7483154984607757
-0.39151543541004996,0.09148992819448672,-0.11706416068803956,-0.5996296964012704,-0.4287948460589213,0.18077975764687015,-1.0248098615139383,-1.0982365045334122,-0.2340068076795299,0.8778999020806283,1.159187949665452
0.06997848704182111,0.09148992819448672,-0.11706416068803956,-0.02362039096480879,-0.25563316127129976,-1.0977066602125318,-0.5842160593386946,-0.2718554193988965,-1.0259478245982576,0.7898007530309115,0.5017920277379693
-0.2761419547970827,-0.005199400935278622,-0.2804219695607981,1.4369746335347906,-0.5586661096496373,-0.22601137530839407,0.923078527050297,0.344487139930593,-0.4979871466524391,-0.8840830789137074,0.5017920277379693
-0.7376358772489527,0.7683152321028474,-0.5254586828699355,-0.5584861745843802,-0.6019565308465427,-1.2720457171933592,-1.4885928111720896,-1.5045405380579138,-1.9498790110034399,1.7588913925777963,1.6522348911110634
-0.9683828384748883,3.233893124911875,-2.4040734849066574,-1.0522084363870619,-0.6019565308465427,-1.562610812161405,-2.0219432032789637,-1.1808746130468715,-0.3659969771659845,-0.7959839298639905,0.33744304725609936
-1.0837563190878554,1.5418298651409739,0.2096514570574771,-0.7024885009434957,-0.6885373732403534,-1.3301587361869684,-1.4885928111720896,-0.6127376170169062,0.16196370077983394,-0.0911907374662564,0.17309406677422937
-1.0837563190878554,1.348451206881442,0.2096514570574771,-0.7230602618519408,-0.5153756884527319,-0.9233676032317042,-1.3958362212404594,-0.6712729438805651,0.3599489550095144,-0.0911907374662564,0.2552685570151644
-1.1991297997008237,0.5749365738433161,-1.0155321094882108,0.2643842617534221,-0.21234274007439433,0.7619099475829619,0.20421495508016257,0.21364346811764773,-0.2340068076795299,-0.003091588416539527,-0.6486508356351234
-1.1991297997008237,-0.1018887300650445,-1.0972110139245899,0.2849560226618671,-0.25563316127129976,0.4132318336213069,0.181025807597255,0.21708672263902595,-0.30000189242275865,-0.0911907374662564,-0.6486508356351234
0.3007254482677556,0.47824724471355023,-1.2605688227973484,0.07923841357741651,2.0820495833615897,-0.4584634512828308,0.6679979047383139,0.3272708673236255,-1.9498790110034399,-0.003091588416539527,-0.8951743063579298
-0.853009357861921,1.5418298651409739,-0.4437797784335562,-0.34248268504570717,-0.6019565308465427,0.47134485261491604,-0.12043310968054331,-0.7539110523940243,0.4259440397527402,-0.1792898865159733,0.5565750239710758
0.5314724094936911,-0.005199400935278622,0.2913303614938564,-0.9699213927532815,-0.2989235824682051,-0.5165764702764399,-0.885674976616493,-0.623067380581079,-1.223933078827941,1.142197349229779,0.17309406677422937
-1.8913706833786292,2.1219658399195684,-1.2605688227973484,-0.805347305485721,-0.4287948460589213,-0.6909155272572675,-0.190000552129266,-1.4804377564081517,1.0858948871850131,2.4636845849755313,2.309630813038546
-0.853009357861921,1.5418298651409739,-0.4437797784335562,-0.34248268504570717,-0.6019565308465427,0.47134485261491604,-0.12043310968054331,-0.7539110523940243,0.4259440397527402,-0.1792898865159733,0.5839665179789058
-0.5068889160230172,3.282237789476758,-1.7506422494156237,-0.24990976095770437,0.6101752626668073,-0.10978533732117574,1.3636723292255408,0.6096177380779382,0.16196370077983394,-0.0911907374662564,-1.3882212478035412
-0.5068889160230172,0.9616938903623791,-1.1788899183609691,-0.2910532827745945,-0.3422140036651105,0.0645537196596518,-0.42189202695834166,-0.7849003430865811,-0.8279625703685771,-0.6197856317645573,0.5017920277379693
0.7622193707196266,0.23652392188913554,0.37300926593023565,-0.9287778709363915,0.04739978710703774,-0.28412439430200326,-0.9784315665481231,-0.760797561436819,0.16196370077983394,0.2612058587326111,0.7483154984607757
-0.39151543541004996,2.1219658399195684,-0.9338532050518316,-0.37334032640837483,-0.4287948460589213,0.0064407006660426236,-0.14362225716345087,-1.2359666853891904,0.4259440397527402,0.5255033058817618,1.9809328520748049
-0.2761419547970827,1.1550725486219109,-0.2804219695607981,-0.1264791955070341,-0.3422140036651105,-0.8652545842380951,-0.28275714206089625,-0.6024078534526952,1.0858948871850131,2.1112879887766636,1.6522348911110634
-0.5068889160230172,1.1550725486219109,-0.688816491742694,-0.3527685654999297,-0.6019565308465427,-1.155819679206141,-1.0711881564797534,-1.3461508300737899,0.4259440397527402,0.2612058587326111,2.06310734231574
1.6852072156233688,2.0252765107898028,-0.8521743006154523,0.15123957675697433,-0.5153756884527319,-1.6788368501486235,0.48248472487505334,-0.12035222045756734,-0.9599527398550317,-0.0911907374662564,0.5017920277379693
-0.6222623966359855,0.1881792573242526,4.701991201058333,0.4701018708378725,-0.5153756884527319,0.8781359855701802,1.4332397716742635,0.05181050561214573,1.2838801414146965,-0.003091588416539527,0.9126644789426457
-0.853009357861921,-0.875403363103171,0.2913303614938564,-0.6819167400350507,-0.21234274007439433,-0.6328025082636584,-0.885674976616493,-0.7780138340437864,-0.10201663819307528,0.08500756063317735,0.2552685570151644
-1.4298767609267593,-0.39195671745434213,0.04629364818471899,-0.805347305485721,-0.21234274007439433,-1.21393269819975,-1.4885928111720896,-1.370253611723552,-1.0259478245982576,-0.35548818461540654,0.8304899887017108
-1.314503280313791,-0.2952673883245763,-0.11706416068803956,1.292972307175675,-0.21234274007439433,0.47134485261491604,-0.23637884709508114,0.4994335933933386,0.22795878552305976,0.349305007782328,-0.15560389418951204
-0.2761419547970827,-0.6820247048436395,0.4546881703666149,-0.7436320227603859,-0.21234274007439433,-0.22601137530839407,-0.8161075341677703,-0.5438725265889981,0.16196370077983394,0.7898007530309115,0.2552685570151644
-0.7376358772489527,-0.005199400935278622,0.618045979239373,-0.18819447823236923,-0.12576189768058385,0.8781359855701802,1.1781591493622803,-0.2098768380138212,0.22795878552305976,1.3183956473292127,0.17309406677422937
-1.1991297997008237,0.09148992819448672,0.37300926593023565,0.984395893548999,-0.3422140036651105,0.8200229665765711,-0.02767651974891306,-0.04460062098690277,-0.5639822313956678,0.8778999020806283,0.5017920277379693
-1.1991297997008237,0.6232812384081985,-1.505605536106486,1.0049676544574444,-0.5586661096496373,-0.5165764702764399,-0.3987028794754341,0.39613595775153365,0.3599489550095144,-0.003091588416539527,-0.4843018551532534
-0.39151543541004996,2.2186551690493346,-0.688816491742694,-0.8670625882110562,0.09069020830394313,0.23889277664047934,0.923078527050297,-0.5748618172815548,0.5579342092391948,0.7017016039811945,-0.01864640771547049
-0.9683828384748883,-0.39195671745434213,0.618045979239373,-0.9493496318448365,-0.4287948460589213,0.4132318336213069,-0.4450811744412492,-1.242853194431985,-1.0259478245982576,1.3183956473292127,0.9400559729504756
-0.39151543541004996,2.2186551690493346,-0.688816491742694,-0.8670625882110562,0.09069020830394313,0.23889277664047934,0.923078527050297,-0.5748618172815548,0.5579342092391948,0.7017016039811945,0.008745086292357939
0.06997848704182111,2.508723156438632,-0.6071375873063147,1.3958311117179,0.13398062950084852,1.401153156512663,1.3404831817426333,0.747347918933678,0.4259440397527402,0.43740415683204487,-0.07342940394857704
-0.9683828384748883,-0.39195671745434213,0.618045979239373,-0.9493496318448365,-0.4287948460589213,0.4132318336213069,-0.4450811744412492,-1.242853194431985,-1.0259478245982576,1.3183956473292127,0.9537517240631139
-0.2761419547970827,-0.1985780591948104,0.2096514570574771,-0.9699213927532815,-0.4720852672558264,0.47134485261491604,-0.2595679945779887,-0.981165850806018,-1.223933078827941,1.230296498279496,0.6661410082198408
-1.314503280313791,-0.39195671745434213,-0.2804219695607981,-0.9493496318448365,-0.6885373732403534,-0.5746894892700491,-0.9088641240994005,-1.41501592050166,1.151889971928242,-0.5316864827148403,1.4878859106291935
-0.39151543541004996,-0.6820247048436395,0.1279725526210978,-0.04419215187325378,-0.12576189768058385,0.7037969285893527,1.3868614767084484,0.044923996569351095,0.29395387026628855,0.08500756063317735,-0.40212736491231843
-0.04539499357114716,0.09148992819448672,-0.9338532050518316,-0.5173426527674903,-0.4720852672558264,0.2970057956340885,-0.35232458450961895,-1.2221936673036011,-0.6959724008821225,-0.1792898865159733,1.4057114203882586
-2.1221176446045646,-0.39195671745434213,0.04629364818471899,-0.9904931536617264,-0.5153756884527319,0.8200229665765711,0.48248472487505334,-2.08300729765209,0.8219145482121041,-1.500777122261725,2.06310734231574
-1.0837563190878554,-0.9720926922329369,-0.4437797784335562,-1.0110649145701716,-0.3855044248620159,-0.6328025082636584,-1.1407555989284761,-0.981165850806018,0.6239292939824236,0.5255033058817618,0.04983233141282616
-1.1991297997008237,-0.1985780591948104,-0.3621008739971774,-1.0110649145701716,-0.16905231887748895,0.0064407006660426236,-0.8392966816506778,-1.153328576875731,1.0858948871850131,-0.0911907374662564,0.6661410082198408
-0.1607684741841144,3.1855484603469923,-1.0155321094882108,-0.8773484686652788,3.077729270890413,0.2970057956340885,2.3839948184734734,0.003604942312621482,-0.5639822313956678,0.7017016039811945,-1.0595232868397997
-1.314503280313791,4.007407757950001,-2.240715676033899,0.1820972181196418,-0.16905231887748895,-1.504497793167796,-1.2335121888601064,0.18265417742509096,1.6138555651308317,-0.44358733366512343,-0.31995287467138345
-1.4298767609267593,4.007407757950001,-2.240715676033899,0.1820972181196418,-0.16905231887748895,-1.504497793167796,-1.2335121888601064,0.18265417742509096,1.6138555651308317,-0.44358733366512343,-0.31995287467138345
-1.314503280313791,1.058383219492145,-0.688816491742694,-0.2087662391408142,-0.5586661096496373,0.8200229665765711,-0.561026911855787,-1.4219024295444544,0.4259440397527402,0.7898007530309115,2.06310734231574
-0.853009357861921,0.9616938903623791,1.1081194058576482,-0.9287778709363915,0.22056147189465902,1.401153156512663,1.6883203939862468,-0.24086612870633975,0.29395387026628855,0.08500756063317735,-0.8129998161169948
-0.6222623966359855,0.7683152321028474,-0.4437797784335562,-0.7024885009434957,-0.4720852672558264,-0.9814806222253134,-1.4885928111720896,-1.7593413726410478,-0.6299773161388937,-0.1792898865159733,1.816583871592935
-0.9683828384748883,0.09148992819448672,0.618045979239373,1.0049676544574444,0.09069020830394313,1.168701080538226,0.2737823975288853,-0.030827602901313488,-0.6959724008821225,0.8778999020806283,0.3100515532482709
-0.9683828384748883,0.09148992819448672,0.618045979239373,1.0049676544574444,0.09069020830394313,1.168701080538226,0.2737823975288853,-0.030827602901313488,-0.6959724008821225,0.8778999020806283,0.33744304725609936
0.3007254482677556,1.445140536011208,-0.688816491742694,-0.6407732182181606,-0.4287948460589213,0.47134485261491604,-0.12043310968054331,-1.3909131388518978,0.09596861603660517,-0.1792898865159733,2.309630813038546
-0.2761419547970827,-0.2952673883245763,-0.688816491742694,-0.9493496318448365,-0.25563316127129976,-0.4003504322892216,-1.2103230413771988,-1.359923848159341,-2.14786426523312,-0.0911907374662564,0.5017920277379693
-0.2761419547970827,0.47824724471355023,0.618045979239373,-0.805347305485721,-0.8184086368310695,-1.21393269819975,-1.3494579262746442,-1.0879067409692393,0.491939124495969,1.230296498279496,1.4878859106291935
1.339086773784465,-0.48864604658410776,0.618045979239373,-0.9904931536617264,0.09069020830394313,0.0064407006660426236,0.29697154501179285,-0.726365016222884,-0.6959724008821225,-0.1792898865159733,0.5017920277379693
0.5314724094936911,-1.0687820213627024,0.2096514570574771,0.4701018708378725,-0.775118215634164,0.5294578716085252,-0.6074052068216022,-0.36826654599790676,-0.3659969771659845,-0.7078847808142741,1.4878859106291935
-0.9683828384748883,-1.0687820213627024,-0.03538525625166028,0.017523130852081365,-0.4287948460589213,-0.28412439430200326,-0.6074052068216022,-0.058373639072492045,0.8219145482121041,0.7898007530309115,-0.37473587090449
-0.853009357861921,-1.1654713504924683,0.04629364818471899,0.03809489176052635,-0.5153756884527319,-0.22601137530839407,-0.5378377643728794,-0.04804387550828097,0.8219145482121041,0.7898007530309115,-0.37473587090449
-0.5068889160230172,0.28486858645401847,1.5981928324759238,0.5935324362885431,0.4803039990760914,0.0645537196596518,1.9434010162982298,0.9057376269178018,-0.16801172293630404,-0.44358733366512343,-1.2238722673216713
-0.853009357861921,-1.1654713504924683,0.04629364818471899,0.03809489176052635,-0.5153756884527319,-0.22601137530839407,-0.5378377643728794,-0.04804387550828097,0.8219145482121041,0.7898007530309115,-0.36104011979185024
-0.9683828384748883,-1.0687820213627024,-0.03538525625166028,0.017523130852081365,-0.4287948460589213,-0.28412439430200326,-0.6074052068216022,-0.058373639072492045,0.8219145482121041,0.7898007530309115,-0.36104011979185024
-1.0837563190878554,1.5418298651409739,-0.03538525625166028,-0.9699213927532815,0.13398062950084852,-1.3301587361869684,-0.4682703219241568,-0.8434356699502782,1.7458457346172862,-0.44358733366512343,0.7483154984607757
-0.2761419547970827,0.04314526362960378,1.2714772147304068,1.1283982199081146,-0.4720852672558264,1.2849271185254445,-0.004487372266005494,1.2156305338432547,-0.7619674856253483,0.43740415683204487,-1.3882212478035412
-2.2374911252175322,0.5265919092784331,-1.5872844405428652,-0.9493496318448365,-0.4287948460589213,1.9822833464487546,0.714376199704129,-0.5748618172815548,1.811840819360515,-0.26738903556568966,-0.10082089795640548
-0.9683828384748883,-0.005199400935278622,1.5165139280395445,0.05866665266897152,-0.775118215634164,0.12266673865326098,-0.7697292392019551,-0.7504677978726461,0.5579342092391948,0.17310670968289424,0.9948389691835822
-1.1991297997008237,0.6716259029730814,-0.3621008739971774,-0.5584861745843802,-0.5153756884527319,0.3551188146276977,0.3201606924947004,-0.8916412332498024,1.0198998024417874,0.7898007530309115,0.8578814827095391
-1.314503280313791,-0.6820247048436395,0.2913303614938564,-0.2910532827745945,-0.25563316127129976,1.3430401375190537,0.06508007018271719,-0.16167127471429696,0.6239292939824236,1.142197349229779,0.008745086292357939
-0.39151543541004996,-0.2952673883245763,-0.11706416068803956,0.8198218062814387,-0.039181055286773056,0.3551188146276977,-0.21318969961217357,0.8850780997894561,-0.10201663819307528,0.2612058587326111,-0.8129998161169948
-2.4682380864434674,0.5265919092784331,-1.5872844405428652,-0.9493496318448365,-0.4287948460589213,1.9822833464487546,0.714376199704129,-0.5748618172815548,1.811840819360515,-0.26738903556568966,-0.07342940394857704
-0.04539499357114716,3.3789271186065237,-2.4040734849066574,-0.9493496318448365,0.5235944202729967,-0.5746894892700491,-0.09724396219763574,-0.37170980051932323,-0.16801172293630404,-0.8840830789137074,-0.31995287467138345
-1.4298767609267593,-0.1018887300650445,0.2913303614938564,-1.0316366754786166,-0.90498947922488,-1.3882717551805777,-2.0451323507618713,-1.8385362266330905,0.6239292939824236,-1.4126779732120083,2.06310734231574
-0.04539499357114716,0.3815579155837844,-0.03538525625166028,-1.0727801972955067,-0.8184086368310695,-1.155819679206141,-1.6509168435524426,-1.3392643210309954,-0.5639822313956678,-1.588876271311442,0.9948389691835822
-0.39151543541004996,0.47824724471355023,-0.11706416068803956,-1.0110649145701716,-0.21234274007439433,0.23889277664047934,-0.3987028794754341,-1.291058757731471,-0.8939576551118029,-1.0602813770131412,1.323536930147322
-0.9683828384748883,-0.39195671745434213,0.04629364818471899,-1.0110649145701716,-0.4287948460589213,0.9943620235573987,1.08540255943065,-0.9708360872418452,1.6138555651308317,-0.44358733366512343,0.7072282533403075
0.41609892888072386,-0.1985780591948104,-0.11706416068803956,0.922680610823664,0.6967561050606181,-0.6909155272572675,-0.5378377643728794,0.9677162083029154,0.22795878552305976,-0.003091588416539527,-0.07342940394857704
-0.1607684741841144,-1.1654713504924683,-0.11706416068803956,1.3546875899010102,-0.4720852672558264,-0.9814806222253134,0.4361064299092382,0.988375735431261,-2.0818691804898943,-1.1483805260628581,-1.3060467575626062
0.06997848704182111,-0.875403363103171,-0.19874306512441883,2.7432814512210517,-0.12576189768058385,0.18077975764687015,0.6911870522212215,1.980033037592695,-1.7518937567737565,0.2612058587326111,-1.2238722673216713
-0.9683828384748883,0.7683152321028474,-0.11706416068803956,-0.9904931536617264,0.30714231428846983,-0.5165764702764399,0.8303219371186668,0.12067559604001567,1.2178850566714678,0.43740415683204487,-1.470395738044476
-0.1607684741841144,0.6716259029730814,-0.11706416068803956,0.6346759581054331,-0.6019565308465427,-0.34223741329561247,-0.561026911855787,-0.657499925795014,-0.43199206190921324,1.4064947963789296,1.89875836183387
-0.853009357861921,-1.2621606796222342,0.5363670748029942,-0.9699213927532815,-0.6885373732403534,-0.9233676032317042,-1.2335121888601064,-1.5596326104001943,-0.03602155344984944,4.13756841692015,1.9809328520748049
0.18535196765478837,-0.1018887300650445,3.3134498256398865,-0.9493496318448365,5.501992857917113,-0.05167231832756655,-0.3755137319925265,-0.15478476567150232,-1.0259478245982576,-0.26738903556568966,-1.1416977770807362
-0.04539499357114716,0.1881792573242526,-0.03538525625166028,1.4164028726263456,-0.21234274007439433,1.4592661755062721,0.714376199704129,0.9642729537814989,-0.6299773161388937,0.6136024549314787,-0.6486508356351234
-0.5068889160230172,3.9590630933851183,-1.9956789627247613,0.34667130538720226,-0.08247147648367845,-0.05167231832756655,0.15783666011434747,0.3479303944520094,0.4259440397527402,-0.9721822279634242,-0.40212736491231843
-1.0837563190878554,-1.5522286670115315,-0.4437797784335562,-0.9287778709363915,-0.3855044248620159,0.0645537196596518,-1.256701336343014,-1.0500309412339262,0.8879096329553328,-0.6197856317645573,0.2552685570151644
-0.6222623966359855,0.7683152321028474,1.353156119166786,0.4906736317463179,0.30714231428846983,0.9362490045637895,1.5028072141229862,0.5889582109495924,0.02997353129337933,0.17310670968289424,-0.8129998161169948
-1.314503280313791,-0.1018887300650445,-1.4239266316701067,0.6346759581054331,0.30714231428846983,-0.16789835631478492,-0.6074052068216022,0.3272708673236255,1.0858948871850131,-1.0602813770131412,-0.15560389418951204
-0.853009357861921,-0.5853353757138736,0.5363670748029942,-0.8362049468483885,-0.645246952043448,-0.5746894892700491,-0.6074052068216022,-1.4219024295444544,-1.0919429093414863,-1.6769754203611589,0.9948389691835822
-1.4298767609267593,-0.7303693694085225,-1.4239266316701067,1.364973470355233,0.22056147189465902,-0.22601137530839407,-0.5146486168899719,0.6371637742490784,1.3498752261579225,-0.9721822279634242,0.17309406677422937
0.41609892888072386,0.47824724471355023,-0.4437797784335562,-0.9287778709363915,-0.5153756884527319,-0.5165764702764399,-0.6537835017874173,-0.45779116355416066,0.5579342092391948,0.7017016039811945,0.008745086292357939
-1.0837563190878554,-0.6820247048436395,-0.19874306512441883,-0.8464908273026112,-0.5586661096496373,0.5875708906021344,0.11145836514853233,-1.359923848159341,1.0198998024417874,0.08500756063317735,1.7344093813519985
-1.6606237221526938,0.47824724471355023,-0.19874306512441883,-0.3939120873168198,-0.6885373732403534,-0.4584634512828308,-0.6769726492703249,-1.198090885653839,0.6899243787256494,-0.5316864827148403,1.323536930147322
-1.6606237221526938,-0.7303693694085225,-1.4239266316701067,1.364973470355233,0.22056147189465902,-0.22601137530839407,-0.5146486168899719,0.6371637742490784,1.3498752261579225,-0.9721822279634242,0.17309406677422937
-0.5068889160230172,-0.005199400935278622,-0.4437797784335562,-0.5996296964012704,-0.25563316127129976,-0.9233676032317042,-0.9088641240994005,-0.5610887991959655,0.3599489550095144,-0.1792898865159733,0.41961753749703434
-0.1607684741841144,-1.2621606796222342,-0.11706416068803956,0.4083865881125376,-0.5153756884527319,-1.0395936412189226,-1.303079631308829,0.458114539136609,0.6239292939824236,-1.588876271311442,-0.4843018551532534
-1.5452502415397265,0.3332132510189014,0.37300926593023565,-0.6819167400350507,-0.5586661096496373,-1.4463847741741869,-1.58134940110372,-0.9949388688916073,-0.4979871466524391,0.8778999020806283,0.17309406677422937
-2.3528646058305003,-0.5369907111489907,0.37300926593023565,-0.9699213927532815,1.2162411594234823,0.7037969285893527,-0.16681140464635844,-0.8503221789930728,0.7559194634688782,-0.7959839298639905,-0.23777838443044702
-1.8913706833786292,-0.39195671745434213,-1.505605536106486,0.24381250084497694,-0.12576189768058385,-0.16789835631478492,-0.07405481471472819,-0.0032815667301731577,0.29395387026628855,-0.0911907374662564,-0.5664763453941885
-0.2761419547970827,-0.1018887300650445,-0.11706416068803956,-0.9493496318448365,-0.08247147648367845,-0.9814806222253134,-1.0248098615139383,-1.153328576875731,-0.5639822313956678,0.6136024549314787,1.3646241752677903
-0.853009357861921,0.3815579155837844,-0.03538525625166028,0.984395893548999,-0.4287948460589213,-0.4584634512828308,-0.9088641240994005,0.4891038298291657,0.9539047176985587,0.2612058587326111,-0.31995287467138345
-0.9683828384748883,-0.2952673883245763,-0.4437797784335562,0.3672430662956474,0.30714231428846983,0.12266673865326098,-0.12043310968054331,0.3789196851445662,-0.8939576551118029,0.08500756063317735,-0.9773487965988648
-0.5068889160230172,1.348451206881442,1.0264405014212694,0.5112453926547629,0.17727105069775392,1.3430401375190537,0.9926459694990197,0.3995792122729119,-0.10201663819307528,-0.26738903556568966,-0.7308253258760599
0.06997848704182111,0.28486858645401847,-0.03538525625166028,1.3958311117179,-0.3422140036651105,-0.10978533732117574,-0.49145946940706436,0.5545256657356192,-1.0259478245982576,1.4064947963789296,-0.15560389418951204
-0.6222623966359855,1.9285871816600368,1.1897983102940275,-0.8464908273026112,-0.4720852672558264,0.0064407006660426236,-0.9552424190652156,-0.888197978728386,1.9438309888469696,2.1993871378263807,1.323536930147322
0.41609892888072386,-0.6820247048436395,-0.19874306512441883,0.9432523717321091,-0.4720852672558264,0.0645537196596518,-0.35232458450961895,0.34104388540921476,-0.4979871466524391,-0.7959839298639905,0.008745086292357939
-0.04539499357114716,0.3815579155837844,0.7814037881121315,-0.8876343491195011,0.17727105069775392,-1.795062888135842,-1.6741059910353502,-0.11346571141477271,0.491939124495969,-0.1792898865159733,0.09091957653329293
1.2237132931714978,0.1881792573242526,2.1699451635305778,-0.8362049468483885,0.09069020830394313,-1.2720457171933592,-0.72335094423614,-0.16511452923567516,0.29395387026628855,-0.003091588416539527,1.0359262143040489
-1.775997202765662,0.28486858645401847,0.37300926593023565,0.9432523717321091,-0.645246952043448,1.0524750425510079,0.06508007018271719,-0.19954707444961015,0.9539047176985587,-0.26738903556568966,0.9126644789426457
-1.8913706833786292,-0.923748027668054,-0.9338532050518316,-1.0110649145701716,-0.6885373732403534,0.7037969285893527,-0.3291354370267114,-0.5542022901532091,2.3398014973063304,-0.44358733366512343,-0.36104011979185024
-1.5452502415397265,-1.1654713504924683,-0.19874306512441883,-0.9699213927532815,-0.8616990580279749,-0.22601137530839407,-1.6045385485866275,-1.3736968662449303,0.8879096329553328,-0.44358733366512343,0.8578814827095391
-0.9683828384748883,-1.0687820213627024,0.2096514570574771,-0.8670625882110562,-0.16905231887748895,-1.21393269819975,-1.7668625809669805,-0.8090031247363432,0.16196370077983394,0.43740415683204487,0.17309406677422937
-0.9683828384748883,-1.1654713504924683,0.2096514570574771,-0.8876343491195011,-0.16905231887748895,-1.2720457171933592,-1.7668625809669805,-0.8124463792577215,0.16196370077983394,0.43740415683204487,0.17309406677422937
-0.853009357861921,-0.39195671745434213,-0.11706416068803956,0.6346759581054331,-0.645246952043448,0.3551188146276977,-0.07405481471472819,-0.49911021781089027,0.3599489550095144,-2.0293720165600257,1.4057114203882586
-1.5452502415397265,0.1881792573242526,-0.688816491742694,-0.8259190663941661,-0.7318277944372586,-0.10978533732117574,-0.4450811744412492,-1.4012429024160706,1.0858948871850131,1.4945939454286465,1.5700604008701284
-1.5452502415397265,-1.1654713504924683,-0.19874306512441883,-0.9699213927532815,-0.8616990580279749,-0.22601137530839407,-1.6045385485866275,-1.3736968662449303,0.8879096329553328,-0.44358733366512343,0.8715772338221789
-0.9683828384748883,0.3815579155837844,1.0264405014212694,-0.9082061100279463,0.17727105069775392,1.2268140995318353,1.2013482968451878,-0.24430938322775617,0.29395387026628855,-0.003091588416539527,-0.8129998161169948
-0.853009357861921,-0.1018887300650445,-0.19874306512441883,-0.4144838482252649,-0.5153756884527319,0.4132318336213069,-0.004487372266005494,-0.5542022901532091,0.29395387026628855,-0.26738903556568966,0.2552685570151644
-0.9683828384748883,-0.1018887300650445,-0.11706416068803956,-0.47619913095060007,-0.4720852672558264,0.0645537196596518,-0.09724396219763574,-0.564532053717382,0.22795878552305976,-0.26738903556568966,0.17309406677422937
-0.9683828384748883,-1.358850008752,0.2913303614938564,-0.9699213927532815,-0.6019565308465427,1.6336052324870995,0.2505932500459777,-0.6678296893591869,0.8219145482121041,-0.44358733366512343,0.5017920277379693
-2.1221176446045646,-0.39195671745434213,-1.1788899183609691,-0.18819447823236923,-0.12576189768058385,-1.0395936412189226,-0.8392966816506778,0.2033137045534749,3.131742514225058,0.7017016039811945,-0.4843018551532534
-0.853009357861921,-0.1985780591948104,-0.688816491742694,-0.6202014573097155,0.04739978710703774,14.767147525042775,7.021824315054986,-0.22364985609937227,1.6138555651308317,1.3183956473292127,-0.07342940394857704
-0.6222623966359855,-0.48864604658410776,1.353156119166786,0.922680610823664,-0.12576189768058385,1.5173791944998813,-0.12043310968054331,0.5614121747784139,-2.213859349976349,-0.26738903556568966,-1.2238722673216713
-1.4298767609267593,-0.1985780591948104,1.353156119166786,1.1283982199081146,-0.7318277944372586,-0.5746894892700491,-1.0248098615139383,0.16888115933953993,0.22795878552305976,-0.003091588416539527,-0.07342940394857704
-0.853009357861921,0.5749365738433161,-0.7704953961790733,2.5581356030450464,0.17727105069775392,-0.10978533732117574,1.08540255943065,1.942157237857382,-0.4979871466524391,1.054098200180062,-1.0595232868397997
-0.7376358772489527,0.6716259029730814,-0.688816491742694,2.568421483499268,0.22056147189465902,-0.4003504322892216,1.0390242644648349,1.952487001421555,-0.43199206190921324,1.142197349229779,-1.0595232868397997
0.5314724094936911,0.7683152321028474,2.3333029724033363,0.24381250084497694,-0.5586661096496373,0.7619099475829619,1.1085917069135576,0.3203843582808691,-0.3659969771659845,1.142197349229779,0.008745086292357939
-2.0067441639915975,-0.2952673883245763,0.2096514570574771,-0.9493496318448365,-0.4720852672558264,0.2970057956340885,-1.3726470737575518,-1.6147246827425132,0.22795878552305976,1.3183956473292127,1.2413624399063872
-1.5452502415397265,-1.1654713504924683,-0.6071375873063147,-0.9082061100279463,-0.6019565308465427,0.0064407006660426236,-0.8624858291335854,-1.0431444321911316,1.547860480387606,2.4636845849755313,1.159187949665452
-0.5068889160230172,-0.875403363103171,0.1279725526210978,0.8815370890067737,-0.12576189768058385,0.2970057956340885,-0.72335094423614,0.8713050817038668,-0.2340068076795299,0.08500756063317735,-0.7308253258760599
-0.2761419547970827,0.09148992819448672,3.2317709212035073,-0.7642037836688309,-0.8184086368310695,-0.8071415652444859,-1.0479990089968458,-1.3048317758170602,-0.4979871466524391,-0.0911907374662564,1.4878859106291935
-0.9683828384748883,0.9616938903623791,-0.6071375873063147,-0.4967708918590451,-0.4720852672558264,0.18077975764687015,-0.6074052068216022,-1.7455683545554586,-0.10201663819307528,-0.1792898865159733,2.4739797935204164
-0.39151543541004996,-0.7787140339734051,0.1279725526210978,-0.4144838482252649,-0.25563316127129976,-0.4584634512828308,0.06508007018271719,-0.9536198146348778,-1.4219183330576213,0.349305007782328,0.9948389691835822
-0.2761419547970827,-1.0687820213627024,-0.6071375873063147,0.3055277835703123,0.2638518930915644,0.5875708906021344,-0.21318969961217357,0.03115097848376181,-0.2340068076795299,-1.0602813770131412,-0.4843018551532534
-0.7376358772489527,-1.2621606796222342,-0.5254586828699355,1.0461111762743343,-0.4720852672558264,0.6456839095957436,-0.49145946940706436,0.768007446062062,-0.4979871466524391,-0.9721822279634242,-1.2238722673216713
-1.0837563190878554,1.9285871816600368,-0.2804219695607981,-0.9082061100279463,-0.3855044248620159,-0.9233676032317042,-1.3726470737575518,-1.1085662680976234,1.811840819360515,-0.6197856317645573,1.077013459424517
-1.775997202765662,1.1550725486219109,-0.688816491742694,-0.4144838482252649,-0.645246952043448,0.5875708906021344,-0.16681140464635844,-1.0569174502766827,0.7559194634688782,0.7898007530309115,0.9537517240631139
-1.0837563190878554,-0.1985780591948104,-0.3621008739971774,-0.10590743459858892,0.004109365910132342,-0.05167231832756655,-0.49145946940706436,-0.5335427630248252,0.29395387026628855,-0.7078847808142741,0.6661410082198408
-1.8913706833786292,0.1881792573242526,0.04629364818471899,-0.9082061100279463,-0.3422140036651105,-0.9814806222253134,-0.9552424190652156,-1.5045405380579138,2.4057965820495593,-0.0911907374662564,1.9809328520748049
-0.5068889160230172,0.3815579155837844,-0.688816491742694,-0.18819447823236923,0.3937231566822806,-0.4003504322892216,0.01870177521690207,-0.7160352526587112,0.491939124495969,0.08500756063317735,1.4878859106291935
-0.2761419547970827,-0.875403363103171,-0.688816491742694,-0.9699213927532815,0.2638518930915644,-0.05167231832756655,1.0158351169819273,-0.09280618428642702,0.6899243787256494,-0.6197856317645573,-0.9773487965988648
-0.04539499357114716,-0.1018887300650445,-0.2804219695607981,1.4575463944432354,0.04739978710703774,1.9822833464487546,0.5288630198408685,1.1226626617656228,-0.2340068076795299,0.08500756063317735,-0.8129998161169948
-0.5068889160230172,-0.005199400935278622,0.94476159698489,0.5523889144716528,0.4803039990760914,0.7037969285893527,1.989779311264045,0.9470566811745315,-0.2340068076795299,0.17310670968289424,-1.2238722673216713
-1.8913706833786292,-0.6820247048436395,-0.19874306512441883,-0.8670625882110562,0.09069020830394313,-1.0395936412189226,-1.7668625809669805,-1.4666647383225624,0.29395387026628855,-1.0602813770131412,1.159187949665452
0.3007254482677556,-0.39195671745434213,0.04629364818471899,-0.9699213927532815,-0.039181055286773056,-1.6788368501486235,-0.12043310968054331,-0.8503221789930728,-0.2340068076795299,-0.26738903556568966,0.5017920277379693
-2.1221176446045646,-0.1018887300650445,0.5363670748029942,-0.9699213927532815,1.3028220018172931,0.4132318336213069,-0.3059462895438038,-0.6024078534526952,0.8219145482121041,-0.1792898865159733,-0.40212736491231843
-1.1991297997008237,-0.1018887300650445,0.5363670748029942,-0.9699213927532815,1.3028220018172931,0.7037969285893527,-0.16681140464635844,-0.6678296893591869,-0.43199206190921324,-0.35548818461540654,-0.23777838443044702
-1.0837563190878554,-0.1018887300650445,-0.11706416068803956,-0.805347305485721,-0.5153756884527319,-0.22601137530839407,-0.8161075341677703,-1.4701079928439786,-0.2340068076795299,0.6136024549314787,1.4057114203882586
-1.1991297997008237,0.3332132510189014,-1.1788899183609691,2.774139092583719,-0.645246952043448,-0.4003504322892216,-0.72335094423614,1.1192194072442445,-1.4879134178008473,-0.7959839298639905,-0.03234215882810882
-0.9683828384748883,2.9921698020874605,-2.730789102652174,-1.0522084363870619,-0.3855044248620159,-0.28412439430200326,-0.9784315665481231,-1.1946476311324608,-0.6299773161388937,-0.7959839298639905,0.2552685570151644
-1.1991297997008237,0.1881792573242526,-1.9956789627247613,0.07923841357741651,-0.16905231887748895,0.0645537196596518,0.01870177521690207,0.01049145135541612,-0.30000189242275865,-0.0911907374662564,-0.7308253258760599
-1.4298767609267593,0.1881792573242526,-1.914000058288382,0.09981017448586167,-0.12576189768058385,-0.05167231832756655,0.11145836514853233,0.01049145135541612,-0.3659969771659845,-0.0911907374662564,-0.6486508356351234
-0.1607684741841144,0.1881792573242526,1.353156119166786,1.2724005462672299,-0.039181055286773056,0.18077975764687015,-0.23637884709508114,1.243176570014395,-1.0259478245982576,0.349305007782328,-1.3882212478035412
-0.5068889160230172,0.28486858645401847,-0.19874306512441883,1.4369746335347906,-0.039181055286773056,1.168701080538226,0.552052167323776,0.5751851928640032,-1.157937994084712,0.8778999020806283,-0.31995287467138345
0.06997848704182111,-0.2952673883245763,-0.3621008739971774,-0.7230602618519408,-0.3422140036651105,-0.4003504322892216,-1.419025368723367,-1.001825377934402,-1.223933078827941,-1.1483805260628581,0.9126644789426457
-2.81435852828237,0.3815579155837844,0.4546881703666149,-0.3321968045914847,-0.6885373732403534,-0.22601137530839407,-0.23637884709508114,-1.6353842098708589,1.7458457346172862,-1.1483805260628581,1.816583871592935
-3.391225931347209,-0.5369907111489907,0.5363670748029942,-0.3527685654999297,-0.6885373732403534,-0.34223741329561247,-0.4450811744412492,-1.6491572279564481,2.471791666792785,-1.1483805260628581,1.816583871592935
-1.5452502415397265,3.282237789476758,-0.03538525625166028,-0.8670625882110562,-0.3855044248620159,-0.6328025082636584,-0.4450811744412492,-2.1380993699943707,-0.30000189242275865,-0.8840830789137074,2.4328925483999493
-0.7376358772489527,0.1881792573242526,0.6997248836757523,-0.7642037836688309,-0.4287948460589213,-0.4003504322892216,-0.21318969961217357,-1.2703992306031253,-0.43199206190921324,-0.9721822279634242,0.8304899887017108
-2.4682380864434674,4.877611720117893,-2.730789102652174,-0.5173426527674903,-0.4287948460589213,-0.6909155272572675,-0.07405481471472819,-1.370253611723552,2.207811327819876,3.7851718207212834,2.6383287740022876
-0.9683828384748883,0.28486858645401847,-0.11706416068803956,0.3055277835703123,5.588573700310923,0.7037969285893527,0.5056738723579609,0.4856605753077493,-0.03602155344984944,0.08500756063317735,-0.9773487965988648
-0.9683828384748883,0.3815579155837844,-0.2804219695607981,0.2849560226618671,5.545283279114018,0.6456839095957436,0.5056738723579609,0.4822173207863711,-0.10201663819307528,-0.003091588416539527,-0.9773487965988648
-0.5068889160230172,-1.6972626607061805,-0.3621008739971774,-0.9904931536617264,-0.4720852672558264,0.5294578716085252,0.06508007018271719,-0.8158896337791378,-0.16801172293630404,0.5255033058817618,0.09091957653329293
-1.314503280313791,0.47824724471355023,-0.11706416068803956,-0.9287778709363915,-0.12576189768058385,-0.4003504322892216,-1.0248098615139383,-1.4081294114588652,0.7559194634688782,0.08500756063317735,1.4057114203882586
-1.0837563190878554,0.3815579155837844,-1.1788899183609691,1.7661228080699112,-0.16905231887748895,0.12266673865326098,-0.5146486168899719,1.0503543168163363,-0.2340068076795299,-0.5316864827148403,-0.23777838443044702
-0.7376358772489527,-0.1985780591948104,-1.0972110139245899,0.42895834902098257,0.04739978710703774,0.0064407006660426236,-0.6074052068216022,0.2274164862031988,-0.5639822313956678,-0.6197856317645573,-0.15560389418951204
-0.9683828384748883,-0.7787140339734051,-0.03538525625166028,-0.9904931536617264,-0.2989235824682051,0.5875708906021344,-0.2595679945779887,-1.129225795225969,0.7559194634688782,-0.35548818461540654,0.8304899887017108
-1.1991297997008237,-0.005199400935278622,0.04629364818471899,-0.7642037836688309,-0.3855044248620159,-0.6328025082636584,-0.28275714206089625,-1.3530373391165846,1.0858948871850131,-1.4126779732120083,1.816583871592935
-0.5068889160230172,0.28486858645401847,1.353156119166786,-0.02362039096480879,-0.3422140036651105,0.4132318336213069,-0.6074052068216022,-0.6540566712735976,-0.10201663819307528,0.349305007782328,1.077013459424517
-0.9683828384748883,0.6716259029730814,1.0264405014212694,-1.0316366754786166,-0.5586661096496373,-1.504497793167796,-1.6741059910353502,-1.5320865742290541,0.29395387026628855,-1.2364796751125748,1.2413624399063872
-2.0067441639915975,-0.1985780591948104,0.04629364818471899,0.09981017448586167,-0.5153756884527319,-0.5165764702764399,-0.885674976616493,0.24118950428878808,0.22795878552305976,-0.7078847808142741,-1.1416977770807362
-0.2761419547970827,-0.005199400935278622,-1.9956789627247613,1.0255394153658894,0.22056147189465902,0.12266673865326098,-0.14362225716345087,0.6440502832918731,-1.7518937567737565,1.142197349229779,-0.8951743063579298
-0.9683828384748883,-1.0687820213627024,-0.2804219695607981,0.2849560226618671,-0.2989235824682051,0.23889277664047934,-0.7697292392019551,-0.43713163642581493,-1.883883926260211,0.7017016039811945,0.33744304725609936
0.5314724094936911,0.6716259029730814,2.7416974945852326,0.4906736317463179,0.30714231428846983,-1.4463847741741869,-0.8624858291335854,0.7266883918053323,-0.03602155344984944,0.08500756063317735,0.2552685570151644
-0.9683828384748883,-0.1985780591948104,-0.7704953961790733,-0.9493496318448365,0.30714231428846983,1.8079442894679272,0.29697154501179285,-0.47845069068254453,0.09596861603660517,1.142197349229779,-0.15560389418951204
-1.6606237221526938,0.9133492257974961,0.5363670748029942,-0.5379144136759353,0.35043273548537524,-0.34223741329561247,0.22740410256307014,0.35481690349480405,1.481865395644377,0.2612058587326111,-1.2238722673216713
0.18535196765478837,-1.0687820213627024,0.6997248836757523,-1.0110649145701716,1.2595315806203877,-0.9233676032317042,-1.5349711061379048,-0.9501765601134995,0.8219145482121041,1.142197349229779,0.6661410082198408
-2.0067441639915975,-0.1985780591948104,-0.03538525625166028,-0.9904931536617264,-0.8184086368310695,0.6456839095957436,-0.561026911855787,-1.4907675199723245,1.0198998024417874,-0.5316864827148403,0.6661410082198408
-1.1991297997008237,0.7683152321028474,1.353156119166786,-1.0110649145701716,3.5106334828594665,1.6336052324870995,0.9462676745332046,-0.5748618172815548,-0.6299773161388937,-0.35548818461540654,-0.7308253258760599
-1.314503280313791,1.1550725486219109,0.1279725526210978,-0.16762271732392425,-0.8616990580279749,-1.0395936412189226,-0.561026911855787,-1.1257825407045907,-0.10201663819307528,1.5826930944783633,1.4878859106291935
-0.7376358772489527,4.6358883972934795,-2.6491101982157947,-0.5584861745843802,-0.21234274007439433,-0.9814806222253134,-0.3987028794754341,-1.2153071582608064,0.02997353129337933,3.9613701188207164,2.556154283761351
-0.853009357861921,1.2517618777516761,-1.0972110139245899,1.3752593508094553,-0.6019565308465427,1.110588061544617,-0.02767651974891306,0.4718875572221982,-1.883883926260211,-0.5316864827148403,0.008745086292357939
-1.1991297997008237,1.0100385549272621,-0.688816491742694,-0.455627370042155,-0.645246952043448,0.18077975764687015,-0.35232458450961895,-0.8640951970786239,0.02997353129337933,1.230296498279496,0.5017920277379693
-0.9683828384748883,-0.1018887300650445,0.5363670748029942,-0.8670625882110562,-1.0781511640125014,-0.9814806222253134,-1.2798904838259215,-1.6147246827425132,0.29395387026628855,4.049469267870433,2.0904988363235684
0.18535196765478837,-0.39195671745434213,1.1081194058576482,-0.9493496318448365,-0.12576189768058385,-0.9814806222253134,-0.14362225716345087,-0.6988189800517437,-0.03602155344984944,-0.35548818461540654,0.33744304725609936
-0.04539499357114716,-0.48864604658410776,1.1897983102940275,-0.9082061100279463,-0.4287948460589213,0.0064407006660426236,0.6448087572554063,-0.7470245433512679,-0.10201663819307528,-0.35548818461540654,0.5839665179789058
-0.39151543541004996,-0.005199400935278622,0.04629364818471899,-0.27048152186614954,0.35043273548537524,-0.7490285462508767,-0.16681140464635844,-0.6402836531880466,0.02997353129337933,-0.26738903556568966,1.159187949665452
-0.5068889160230172,-0.48864604658410776,0.1279725526210978,0.9021088499152191,-0.16905231887748895,1.110588061544617,0.06508007018271719,1.0021487535168503,0.22795878552305976,-0.1792898865159733,-1.1416977770807362
-0.9683828384748883,0.5749365738433161,-0.3621008739971774,0.03809489176052635,0.004109365910132342,-0.34223741329561247,-0.07405481471472819,0.2859518130668959,1.877835904103741,0.7017016039811945,0.09091957653329293
-0.1607684741841144,-0.5853353757138736,-0.03538525625166028,-0.9699213927532815,-0.4287948460589213,0.0645537196596518,-1.1871338938942912,-1.105123013576207,-0.6299773161388937,2.375585435925814,0.6661410082198408
-0.9683828384748883,0.3815579155837844,-0.03538525625166028,0.8198218062814387,-0.6019565308465427,-0.7490285462508767,-1.094377303962661,-0.416472109297431,-0.6299773161388937,-0.5316864827148403,1.2413624399063872
-1.1991297997008237,0.09148992819448672,-0.5254586828699355,-0.8876343491195011,0.6967561050606181,-1.0395936412189226,0.06508007018271719,-0.8296626518646889,0.22795878552305976,-1.2364796751125748,0.41961753749703434
-1.1991297997008237,0.9616938903623791,-0.6071375873063147,-0.9904931536617264,0.5235944202729967,-0.8652545842380951,0.06508007018271719,-0.37170980051932323,0.491939124495969,-0.5316864827148403,-0.7308253258760599
-1.0837563190878554,0.3815579155837844,-0.6071375873063147,-0.9082061100279463,0.4803039990760914,-1.0395936412189226,0.08826921766562476,-0.7194785071800893,0.29395387026628855,-1.1483805260628581,0.09091957653329293
-1.4298767609267593,0.47824724471355023,-0.4437797784335562,-0.9699213927532815,-0.645246952043448,-0.10978533732117574,-0.9320532715823081,-0.8709817061214185,1.9438309888469696,0.7898007530309115,0.2552685570151644
-1.0837563190878554,0.8650045612326133,-0.2804219695607981,-0.9082061100279463,-0.5586661096496373,0.0064407006660426236,-0.9784315665481231,-1.3530373391165846,1.0858948871850131,0.6136024549314787,1.159187949665452
-1.4298767609267593,0.13983459275936966,-0.6071375873063147,-0.9904931536617264,-0.4720852672558264,0.2970057956340885,-0.8161075341677703,-0.7745705795224083,1.811840819360515,0.6136024549314787,0.008745086292357939
-0.1607684741841144,2.1219658399195684,0.2096514570574771,1.1489699808165597,2.1686304257554005,-0.9814806222253134,-1.0479990089968458,0.9057376269178018,-0.5639822313956678,-0.003091588416539527,-0.8129998161169948
-0.39151543541004996,-0.005199400935278622,0.37300926593023565,0.3878148272040924,-0.645246952043448,1.110588061544617,1.827455278883692,-0.7745705795224083,-1.0919429093414863,-0.6197856317645573,2.06310734231574
-1.775997202765662,-0.05354406550016156,-0.7704953961790733,0.3055277835703123,-0.3422140036651105,-0.4003504322892216,-0.5378377643728794,-0.22709311062078869,1.2178850566714678,0.17310670968289424,0.33744304725609936
-1.8913706833786292,1.2034172131867937,-1.505605536106486,-0.9184919904821688,-0.3422140036651105,-1.4463847741741869,-2.161078088176409,-0.8744249606428349,2.1418162430766503,-0.7959839298639905,0.8304899887017108
-0.04539499357114716,0.5749365738433161,0.2096514570574771,0.6141041971969882,-0.7318277944372586,0.5294578716085252,-0.21318969961217357,-0.2098768380138212,0.5579342092391948,-1.2364796751125748,1.1181007045449838
-1.314503280313791,-0.5853353757138736,-0.688816491742694,-0.9904931536617264,0.17727105069775392,3.609447878269812,0.8767002320844819,-0.9639495781990506,1.6138555651308317,1.142197349229779,0.41961753749703434
-0.7376358772489527,-0.005199400935278622,1.92490845022144,-1.0110649145701716,-0.12576189768058385,0.8781359855701802,-1.0479990089968458,-1.291058757731471,-0.16801172293630404,-1.1483805260628581,0.7483154984607757
-1.4298767609267593,0.5749365738433161,-0.688816491742694,-0.7024885009434957,0.004109365910132342,0.7037969285893527,1.0390242644648349,-0.9846091053274345,0.09596861603660517,-0.7959839298639905,0.5839665179789058
-2.3528646058305003,0.09148992819448672,-0.8521743006154523,-0.9904931536617264,-0.08247147648367845,0.18077975764687015,0.9926459694990197,-1.566519119442989,0.5579342092391948,-1.3245788241622913,1.077013459424517
-0.2761419547970827,0.9616938903623791,-0.3621008739971774,-0.7230602618519408,3.9002472736316154,-1.155819679206141,-1.0248098615139383,-0.14789825662870767,-0.10201663819307528,0.9659990511303452,-0.8951743063579298
-2.0067441639915975,0.1881792573242526,-0.2804219695607981,-0.7436320227603859,0.09069020830394313,0.2970057956340885,0.29697154501179285,-1.497654029015119,0.6239292939824236,-0.26738903556568966,1.323536930147322
-2.81435852828237,2.508723156438632,-1.9956789627247613,-0.16762271732392425,-0.3422140036651105,0.9943620235573987,-0.9320532715823081,-1.2290801763463957,1.4158703109011512,-0.7959839298639905,1.323536930147322
0.18535196765478837,0.7683152321028474,0.1279725526210978,-0.7024885009434957,0.09069020830394313,1.8660573084615364,0.552052167323776,-0.8021166156935485,-0.9599527398550317,0.6136024549314787,0.41961753749703434
-0.5068889160230172,0.47824724471355023,0.8630826925485108,0.6141041971969882,0.3937231566822806,0.9943620235573987,0.6216196097724987,0.3754764306231497,-0.6299773161388937,-0.0911907374662564,-0.8129998161169948
-0.7376358772489527,-0.48864604658410776,0.37300926593023565,-0.8876343491195011,-0.08247147648367845,-1.3301587361869684,-0.561026911855787,-0.6988189800517437,0.6899243787256494,2.1112879887766636,0.6661410082198408
-1.8913706833786292,-0.2952673883245763,-0.8521743006154523,-0.9287778709363915,0.04739978710703774,-0.8652545842380951,-1.3958362212404594,-1.3013885212956822,0.8219145482121041,1.142197349229779,0.6661410082198408
-0.7376358772489527,0.6716259029730814,-0.3621008739971774,-0.4144838482252649,-0.21234274007439433,-0.7490285462508767,-1.3494579262746442,-1.2876155032100929,-0.6299773161388937,0.8778999020806283,1.2139709458985586
0.3007254482677556,-0.48864604658410776,0.4546881703666149,1.601548720802351,0.5235944202729967,-0.5165764702764399,0.8071327896357593,1.2948253878353357,-1.9498790110034399,-0.26738903556568966,-1.3060467575626062
0.7622193707196266,0.9616938903623791,-0.03538525625166028,0.6758194799223232,-0.12576189768058385,-0.9233676032317042,-0.49145946940706436,0.2239732316818206,-0.7619674856253483,-0.6197856317645573,0.6661410082198408
-0.5068889160230172,0.6716259029730814,1.4348350236031653,0.3878148272040924,0.3937231566822806,1.0524750425510079,0.923078527050297,0.42368199392267397,-0.4979871466524391,-0.35548818461540654,-0.8129998161169948
-0.9683828384748883,1.445140536011208,0.04629364818471899,0.34667130538720226,-0.039181055286773056,-0.5746894892700491,-0.4450811744412492,-0.5404292720676198,-1.0919429093414863,-1.0602813770131412,0.33744304725609936
-0.9683828384748883,2.3153444981791003,-0.03538525625166028,0.3672430662956474,0.004109365910132342,-0.6328025082636584,-0.42189202695834166,-0.5335427630248252,-1.0259478245982576,-0.9721822279634242,0.33744304725609936
-1.5452502415397265,0.28486858645401847,-0.3621008739971774,-0.5996296964012704,-0.8184086368310695,-1.0977066602125318,-0.8161075341677703,-1.07413372288365,0.22795878552305976,0.6136024549314787,0.5017920277379693
-1.0837563190878554,-0.5853353757138736,-0.2804219695607981,-0.9493496318448365,0.2638518930915644,0.4132318336213069,-1.1871338938942912,-1.0672472138408937,0.7559194634688782,-0.1792898865159733,0.789402743581244
-0.7376358772489527,0.7683152321028474,-0.11706416068803956,-0.3939120873168198,-0.4287948460589213,0.5294578716085252,-1.0479990089968458,-1.5252000651862594,0.02997353129337933,0.08500756063317735,2.2274563227976114
-0.9683828384748883,1.2517618777516761,-0.8521743006154523,-0.9904931536617264,0.8699177898482396,-0.7490285462508767,0.2505932500459777,-0.3889260731262907,0.6899243787256494,-0.1792898865159733,-0.7856083196439315
-0.7376358772489527,0.7199705675379644,0.1279725526210978,-0.805347305485721,0.004109365910132342,-0.22601137530839407,-0.9784315665481231,-1.9177310806251715,-0.8939576551118029,-0.26738903556568966,2.4739797935204164
-1.314503280313791,1.2517618777516761,-1.0155321094882108,-0.8259190663941661,0.09069020830394313,-0.28412439430200326,-0.5842160593386946,-0.8296626518646889,0.6239292939824236,0.5255033058817618,0.5017920277379693
-1.775997202765662,3.088859131217226,0.04629364818471899,-0.9287778709363915,-0.645246952043448,-1.8531759071294511,-1.790051728449888,-1.807546935940572,0.491939124495969,-0.9721822279634242,1.9809328520748049
-1.1991297997008237,-0.48864604658410776,-0.19874306512441883,-0.2910532827745945,0.004109365910132342,0.4132318336213069,-0.3059462895438038,-0.18921731088543728,0.7559194634688782,1.3183956473292127,0.17309406677422937
-0.2761419547970827,-0.39195671745434213,-0.03538525625166028,0.8609653280983287,-0.6019565308465427,-1.562610812161405,-1.303079631308829,0.8506455545755212,-0.03602155344984944,0.17310670968289424,-0.6486508356351234
-0.853009357861921,0.3815579155837844,-0.4437797784335562,0.14095369630275165,-1.0781511640125014,-0.34223741329561247,-0.12043310968054331,-0.657499925795014,-0.30000189242275865,-1.1483805260628581,0.7072282533403075
-2.1221176446045646,-0.7787140339734051,0.5363670748029942,-0.8259190663941661,-1.3378936911939336,-0.8652545842380951,-0.9088641240994005,-1.4081294114588652,1.151889971928242,0.5255033058817618,1.2002751947859203
-0.9683828384748883,1.348451206881442,0.618045979239373,1.3341158289925652,-0.6019565308465427,0.8781359855701802,0.9694568220161122,0.8368725364899319,-0.3659969771659845,0.9659990511303452,-0.7308253258760599
-1.314503280313791,-0.6820247048436395,-0.11706416068803956,-0.8876343491195011,-0.6885373732403534,-0.10978533732117574,-0.35232458450961895,-1.153328576875731,0.8879096329553328,0.2612058587326111,1.077013459424517
-1.4298767609267593,-0.7787140339734051,0.2096514570574771,-0.7024885009434957,0.09069020830394313,-1.0977066602125318,-0.28275714206089625,-0.3338340007839718,1.9438309888469696,-0.003091588416539527,-0.4843018551532534
0.6468458901066594,-0.5853353757138736,-0.6071375873063147,-0.9699213927532815,-0.4720852672558264,-0.9814806222253134,-0.9320532715823081,-0.46123441807553883,-0.4979871466524391,-0.7078847808142741,-0.7308253258760599
-0.7376358772489527,0.9616938903623791,0.6997248836757523,-0.7024885009434957,-0.3422140036651105,-0.05167231832756655,-0.4682703219241568,-0.8503221789930728,1.0858948871850131,0.8778999020806283,0.8304899887017108
-1.0837563190878554,2.508723156438632,-2.730789102652174,-1.0522084363870619,-0.6019565308465427,-1.3301587361869684,-1.2798904838259215,-0.32006098269842076,0.3599489550095144,-1.1483805260628581,-1.470395738044476
-0.7376358772489527,2.4120338273088664,-2.5674312937794155,-1.0316366754786166,-0.4720852672558264,-1.6788368501486235,-1.303079631308829,-0.49911021781089027,0.29395387026628855,-1.2364796751125748,-0.8951743063579298
-0.2761419547970827,0.5749365738433161,0.5363670748029942,0.44953010992942755,0.004109365910132342,1.9241703274551456,0.7607544946699442,0.39613595775153365,-0.30000189242275865,0.08500756063317735,-0.8677828098848664
-2.1221176446045646,-0.4403013820192251,-0.5254586828699355,1.2003993830876722,-0.6885373732403534,-0.05167231832756655,-0.4450811744412492,0.5545256657356192,-0.8279625703685771,0.08500756063317735,-0.9773487965988648
-1.5452502415397265,0.3815579155837844,-1.6689633449792445,-0.9493496318448365,-0.3855044248620159,0.5875708906021344,0.4361064299092382,-0.6712729438805651,0.4259440397527402,-0.9721822279634242,0.09091957653329293
-2.2374911252175322,1.831897852530271,-1.3422477272337274,-0.8259190663941661,-0.4720852672558264,1.4592661755062721,0.2505932500459777,-1.4287889385872492,0.491939124495969,-1.2364796751125748,0.7483154984607757
-0.39151543541004996,0.47824724471355023,0.37300926593023565,0.4906736317463179,0.09069020830394313,1.9241703274551456,0.8535110846015743,0.389249448708739,-0.3659969771659845,0.08500756063317735,-0.8129998161169948
-0.2761419547970827,0.5749365738433161,0.5363670748029942,0.44953010992942755,0.004109365910132342,1.9241703274551456,0.7607544946699442,0.39613595775153365,-0.30000189242275865,0.08500756063317735,-0.8540870612374616
-0.7376358772489527,-0.6820247048436395,-0.4437797784335562,-0.04419215187325378,-0.775118215634164,0.5875708906021344,-0.3755137319925265,-0.726365016222884,0.09596861603660517,5.194758205516752,1.2824496850268554
-0.7376358772489527,1.2517618777516761,-0.9338532050518316,-0.8259190663941661,-0.9915703216186909,-1.7369498691422327,-1.882808318381518,-1.5527461013573998,-1.0259478245982576,2.6398828830749648,1.9809328520748049
-0.04539499357114716,-0.5853353757138736,0.2096514570574771,-0.9699213927532815,0.2638518930915644,0.18077975764687015,-0.23637884709508114,-0.1685577837570916,-1.0259478245982576,0.43740415683204487,-1.1416977770807362
-2.2374911252175322,-0.4403013820192251,-0.5254586828699355,1.2003993830876722,-0.6885373732403534,-0.05167231832756655,-0.4450811744412492,0.5545256657356192,-0.8279625703685771,0.08500756063317735,-0.9773487965988648
-0.853009357861921,0.5749365738433161,-0.3621008739971774,-0.7642037836688309,-0.4287948460589213,-0.5746894892700491,-0.8624858291335854,-1.5183135561434649,-0.8939576551118029,-0.44358733366512343,0.9948389691835822
-1.314503280313791,-0.6820247048436395,-0.11706416068803956,-1.0316366754786166,-0.3422140036651105,0.18077975764687015,-0.3755137319925265,-1.0500309412339262,0.29395387026628855,-0.26738903556568966,0.008745086292357939
-0.39151543541004996,-0.48864604658410776,0.37300926593023565,-0.9493496318448365,-0.6019565308465427,-0.34223741329561247,-0.5842160593386946,-0.27874192844169116,0.6239292939824236,0.43740415683204487,-0.7308253258760599
-0.7376358772489527,-0.6820247048436395,-0.3621008739971774,-0.8876343491195011,-0.2989235824682051,-0.6328025082636584,-1.0479990089968458,-0.9123007603781481,0.491939124495969,0.08500756063317735,0.5017920277379693
-0.2761419547970827,0.3815579155837844,0.2096514570574771,0.42895834902098257,0.04739978710703774,1.2849271185254445,0.714376199704129,0.38236293966594437,-0.30000189242275865,-0.26738903556568966,-0.8129998161169948
-0.39151543541004996,-0.39195671745434213,-1.1788899183609691,-0.9699213927532815,-0.21234274007439433,-0.28412439430200326,-0.6074052068216022,-0.4302451273830203,-1.3559232483143926,-0.26738903556568966,-0.9773487965988648
-1.5452502415397265,0.09148992819448672,-0.2804219695607981,-0.9904931536617264,-1.0348607428155963,-0.8652545842380951,-0.6305943543045097,-1.7558981181196696,0.9539047176985587,-0.9721822279634242,1.816583871592935
-0.9683828384748883,-0.6820247048436395,0.37300926593023565,-1.0522084363870619,-1.1214415852094068,-0.7490285462508767,-0.9088641240994005,-1.5079837925792918,0.4259440397527402,-1.500777122261725,0.9948389691835822
